[2026-08-03 11:13:02] local.ERROR: SQLSTATE[HY000]: General error: 1 table "users" already exists (Connection: sqlite, Database: /workspaces/lamastudio-website/lamaStudio-sms/database/database.sqlite, SQL: create table "users" ("id" integer primary key autoincrement not null, "school_id" integer not null, "name" varchar not null, "email" varchar not null, "password" varchar not null, "role" varchar check ("role" in ('super_admin', 'school_admin', 'teacher')) not null default 'school_admin', "created_at" datetime, "updated_at" datetime, foreign key("school_id") references "schools"("id") on delete cascade)) {"exception":"[object] (Illuminate\\Database\\QueryException(code: HY000): SQLSTATE[HY000]: General error: 1 table \"users\" already exists (Connection: sqlite, Database: /workspaces/lamastudio-website/lamaStudio-sms/database/database.sqlite, SQL: create table \"users\" (\"id\" integer primary key autoincrement not null, \"school_id\" integer not null, \"name\" varchar not null, \"email\" varchar not null, \"password\" varchar not null, \"role\" varchar check (\"role\" in ('super_admin', 'school_admin', 'teacher')) not null default 'school_admin', \"created_at\" datetime, \"updated_at\" datetime, foreign key(\"school_id\") references \"schools\"(\"id\") on delete cascade)) at /workspaces/lamastudio-website/lamaStudio-sms/vendor/laravel/framework/src/Illuminate/Database/Connection.php:857)
[stacktrace]
#0 /workspaces/lamastudio-website/lamaStudio-sms/vendor/laravel/framework/src/Illuminate/Database/Connection.php(813): Illuminate\\Database\\Connection->runQueryCallback()
#1 /workspaces/lamastudio-website/lamaStudio-sms/vendor/laravel/framework/src/Illuminate/Database/Connection.php(590): Illuminate\\Database\\Connection->run()
#2 /workspaces/lamastudio-website/lamaStudio-sms/vendor/laravel/framework/src/Illuminate/Database/Schema/Blueprint.php(122): Illuminate\\Database\\Connection->statement()
#3 /workspaces/lamastudio-website/lamaStudio-sms/vendor/laravel/framework/src/Illuminate/Database/Schema/Builder.php(702): Illuminate\\Database\\Schema\\Blueprint->build()
#4 /workspaces/lamastudio-website/lamaStudio-sms/vendor/laravel/framework/src/Illuminate/Database/Schema/Builder.php(520): Illuminate\\Database\\Schema\\Builder->build()
#5 /workspaces/lamastudio-website/lamaStudio-sms/vendor/laravel/framework/src/Illuminate/Support/Facades/Facade.php(364): Illuminate\\Database\\Schema\\Builder->create()
#6 /workspaces/lamastudio-website/lamaStudio-sms/database/migrations/2026_08_03_000000_create_school_tables.php(23): Illuminate\\Support\\Facades\\Facade::__callStatic()
#7 /workspaces/lamastudio-website/lamaStudio-sms/vendor/laravel/framework/src/Illuminate/Database/Migrations/Migrator.php(517): Illuminate\\Database\\Migrations\\Migration@anonymous->up()
#8 /workspaces/lamastudio-website/lamaStudio-sms/vendor/laravel/framework/src/Illuminate/Database/Migrations/Migrator.php(442): Illuminate\\Database\\Migrations\\Migrator->runMethod()
#9 /workspaces/lamastudio-website/lamaStudio-sms/vendor/laravel/framework/src/Illuminate/Database/Migrations/Migrator.php(451): Illuminate\\Database\\Migrations\\Migrator->{closure:Illuminate\\Database\\Migrations\\Migrator::runMigration():438}()
#10 /workspaces/lamastudio-website/lamaStudio-sms/vendor/laravel/framework/src/Illuminate/Database/Migrations/Migrator.php(253): Illuminate\\Database\\Migrations\\Migrator->runMigration()
#11 /workspaces/lamastudio-website/lamaStudio-sms/vendor/laravel/framework/src/Illuminate/Console/View/Components/Task.php(43): Illuminate\\Database\\Migrations\\Migrator->{closure:Illuminate\\Database\\Migrations\\Migrator::runUp():253}()
#12 /workspaces/lamastudio-website/lamaStudio-sms/vendor/laravel/framework/src/Illuminate/Database/Migrations/Migrator.php(853): Illuminate\\Console\\View\\Components\\Task->render()
#13 /workspaces/lamastudio-website/lamaStudio-sms/vendor/laravel/framework/src/Illuminate/Database/Migrations/Migrator.php(253): Illuminate\\Database\\Migrations\\Migrator->write()
#14 /workspaces/lamastudio-website/lamaStudio-sms/vendor/laravel/framework/src/Illuminate/Database/Migrations/Migrator.php(211): Illuminate\\Database\\Migrations\\Migrator->runUp()
#15 /workspaces/lamastudio-website/lamaStudio-sms/vendor/laravel/framework/src/Illuminate/Database/Migrations/Migrator.php(138): Illuminate\\Database\\Migrations\\Migrator->runPending()
#16 /workspaces/lamastudio-website/lamaStudio-sms/vendor/laravel/framework/src/Illuminate/Database/Console/Migrations/MigrateCommand.php(118): Illuminate\\Database\\Migrations\\Migrator->run()
#17 /workspaces/lamastudio-website/lamaStudio-sms/vendor/laravel/framework/src/Illuminate/Database/Migrations/Migrator.php(672): Illuminate\\Database\\Console\\Migrations\\MigrateCommand->{closure:Illuminate\\Database\\Console\\Migrations\\MigrateCommand::runMigrations():111}()
#18 /workspaces/lamastudio-website/lamaStudio-sms/vendor/laravel/framework/src/Illuminate/Database/Console/Migrations/MigrateCommand.php(111): Illuminate\\Database\\Migrations\\Migrator->usingConnection()
#19 /workspaces/lamastudio-website/lamaStudio-sms/vendor/laravel/framework/src/Illuminate/Database/Console/Migrations/MigrateCommand.php(90): Illuminate\\Database\\Console\\Migrations\\MigrateCommand->runMigrations()
#20 /workspaces/lamastudio-website/lamaStudio-sms/vendor/laravel/framework/src/Illuminate/Container/BoundMethod.php(36): Illuminate\\Database\\Console\\Migrations\\MigrateCommand->handle()
#21 /workspaces/lamastudio-website/lamaStudio-sms/vendor/laravel/framework/src/Illuminate/Container/Util.php(43): Illuminate\\Container\\BoundMethod::{closure:Illuminate\\Container\\BoundMethod::call():35}()
#22 /workspaces/lamastudio-website/lamaStudio-sms/vendor/laravel/framework/src/Illuminate/Container/BoundMethod.php(96): Illuminate\\Container\\Util::unwrapIfClosure()
#23 /workspaces/lamastudio-website/lamaStudio-sms/vendor/laravel/framework/src/Illuminate/Container/BoundMethod.php(35): Illuminate\\Container\\BoundMethod::callBoundMethod()
#24 /workspaces/lamastudio-website/lamaStudio-sms/vendor/laravel/framework/src/Illuminate/Container/Container.php(800): Illuminate\\Container\\BoundMethod::call()
#25 /workspaces/lamastudio-website/lamaStudio-sms/vendor/laravel/framework/src/Illuminate/Console/Command.php(280): Illuminate\\Container\\Container->call()
#26 /workspaces/lamastudio-website/lamaStudio-sms/vendor/symfony/console/Command/Command.php(284): Illuminate\\Console\\Command->execute()
#27 /workspaces/lamastudio-website/lamaStudio-sms/vendor/laravel/framework/src/Illuminate/Console/Command.php(249): Symfony\\Component\\Console\\Command\\Command->run()
#28 /workspaces/lamastudio-website/lamaStudio-sms/vendor/symfony/console/Application.php(1144): Illuminate\\Console\\Command->run()
#29 /workspaces/lamastudio-website/lamaStudio-sms/vendor/symfony/console/Application.php(379): Symfony\\Component\\Console\\Application->doRunCommand()
#30 /workspaces/lamastudio-website/lamaStudio-sms/vendor/symfony/console/Application.php(218): Symfony\\Component\\Console\\Application->doRun()
#31 /workspaces/lamastudio-website/lamaStudio-sms/vendor/laravel/framework/src/Illuminate/Foundation/Console/Kernel.php(198): Symfony\\Component\\Console\\Application->run()
#32 /workspaces/lamastudio-website/lamaStudio-sms/vendor/laravel/framework/src/Illuminate/Foundation/Application.php(1242): Illuminate\\Foundation\\Console\\Kernel->handle()
#33 /workspaces/lamastudio-website/lamaStudio-sms/artisan(16): Illuminate\\Foundation\\Application->handleCommand()
#34 {main}

[previous exception] [object] (PDOException(code: HY000): SQLSTATE[HY000]: General error: 1 table \"users\" already exists at /workspaces/lamastudio-website/lamaStudio-sms/vendor/laravel/framework/src/Illuminate/Database/Connection.php:595)
[stacktrace]
#0 /workspaces/lamastudio-website/lamaStudio-sms/vendor/laravel/framework/src/Illuminate/Database/Connection.php(595): PDO->prepare()
#1 /workspaces/lamastudio-website/lamaStudio-sms/vendor/laravel/framework/src/Illuminate/Database/Connection.php(846): Illuminate\\Database\\Connection->{closure:Illuminate\\Database\\Connection::statement():590}()
#2 /workspaces/lamastudio-website/lamaStudio-sms/vendor/laravel/framework/src/Illuminate/Database/Connection.php(813): Illuminate\\Database\\Connection->runQueryCallback()
#3 /workspaces/lamastudio-website/lamaStudio-sms/vendor/laravel/framework/src/Illuminate/Database/Connection.php(590): Illuminate\\Database\\Connection->run()
#4 /workspaces/lamastudio-website/lamaStudio-sms/vendor/laravel/framework/src/Illuminate/Database/Schema/Blueprint.php(122): Illuminate\\Database\\Connection->statement()
#5 /workspaces/lamastudio-website/lamaStudio-sms/vendor/laravel/framework/src/Illuminate/Database/Schema/Builder.php(702): Illuminate\\Database\\Schema\\Blueprint->build()
#6 /workspaces/lamastudio-website/lamaStudio-sms/vendor/laravel/framework/src/Illuminate/Database/Schema/Builder.php(520): Illuminate\\Database\\Schema\\Builder->build()
#7 /workspaces/lamastudio-website/lamaStudio-sms/vendor/laravel/framework/src/Illuminate/Support/Facades/Facade.php(364): Illuminate\\Database\\Schema\\Builder->create()
#8 /workspaces/lamastudio-website/lamaStudio-sms/database/migrations/2026_08_03_000000_create_school_tables.php(23): Illuminate\\Support\\Facades\\Facade::__callStatic()
#9 /workspaces/lamastudio-website/lamaStudio-sms/vendor/laravel/framework/src/Illuminate/Database/Migrations/Migrator.php(517): Illuminate\\Database\\Migrations\\Migration@anonymous->up()
#10 /workspaces/lamastudio-website/lamaStudio-sms/vendor/laravel/framework/src/Illuminate/Database/Migrations/Migrator.php(442): Illuminate\\Database\\Migrations\\Migrator->runMethod()
#11 /workspaces/lamastudio-website/lamaStudio-sms/vendor/laravel/framework/src/Illuminate/Database/Migrations/Migrator.php(451): Illuminate\\Database\\Migrations\\Migrator->{closure:Illuminate\\Database\\Migrations\\Migrator::runMigration():438}()
#12 /workspaces/lamastudio-website/lamaStudio-sms/vendor/laravel/framework/src/Illuminate/Database/Migrations/Migrator.php(253): Illuminate\\Database\\Migrations\\Migrator->runMigration()
#13 /workspaces/lamastudio-website/lamaStudio-sms/vendor/laravel/framework/src/Illuminate/Console/View/Components/Task.php(43): Illuminate\\Database\\Migrations\\Migrator->{closure:Illuminate\\Database\\Migrations\\Migrator::runUp():253}()
#14 /workspaces/lamastudio-website/lamaStudio-sms/vendor/laravel/framework/src/Illuminate/Database/Migrations/Migrator.php(853): Illuminate\\Console\\View\\Components\\Task->render()
#15 /workspaces/lamastudio-website/lamaStudio-sms/vendor/laravel/framework/src/Illuminate/Database/Migrations/Migrator.php(253): Illuminate\\Database\\Migrations\\Migrator->write()
#16 /workspaces/lamastudio-website/lamaStudio-sms/vendor/laravel/framework/src/Illuminate/Database/Migrations/Migrator.php(211): Illuminate\\Database\\Migrations\\Migrator->runUp()
#17 /workspaces/lamastudio-website/lamaStudio-sms/vendor/laravel/framework/src/Illuminate/Database/Migrations/Migrator.php(138): Illuminate\\Database\\Migrations\\Migrator->runPending()
#18 /workspaces/lamastudio-website/lamaStudio-sms/vendor/laravel/framework/src/Illuminate/Database/Console/Migrations/MigrateCommand.php(118): Illuminate\\Database\\Migrations\\Migrator->run()
#19 /workspaces/lamastudio-website/lamaStudio-sms/vendor/laravel/framework/src/Illuminate/Database/Migrations/Migrator.php(672): Illuminate\\Database\\Console\\Migrations\\MigrateCommand->{closure:Illuminate\\Database\\Console\\Migrations\\MigrateCommand::runMigrations():111}()
#20 /workspaces/lamastudio-website/lamaStudio-sms/vendor/laravel/framework/src/Illuminate/Database/Console/Migrations/MigrateCommand.php(111): Illuminate\\Database\\Migrations\\Migrator->usingConnection()
#21 /workspaces/lamastudio-website/lamaStudio-sms/vendor/laravel/framework/src/Illuminate/Database/Console/Migrations/MigrateCommand.php(90): Illuminate\\Database\\Console\\Migrations\\MigrateCommand->runMigrations()
#22 /workspaces/lamastudio-website/lamaStudio-sms/vendor/laravel/framework/src/Illuminate/Container/BoundMethod.php(36): Illuminate\\Database\\Console\\Migrations\\MigrateCommand->handle()
#23 /workspaces/lamastudio-website/lamaStudio-sms/vendor/laravel/framework/src/Illuminate/Container/Util.php(43): Illuminate\\Container\\BoundMethod::{closure:Illuminate\\Container\\BoundMethod::call():35}()
#24 /workspaces/lamastudio-website/lamaStudio-sms/vendor/laravel/framework/src/Illuminate/Container/BoundMethod.php(96): Illuminate\\Container\\Util::unwrapIfClosure()
#25 /workspaces/lamastudio-website/lamaStudio-sms/vendor/laravel/framework/src/Illuminate/Container/BoundMethod.php(35): Illuminate\\Container\\BoundMethod::callBoundMethod()
#26 /workspaces/lamastudio-website/lamaStudio-sms/vendor/laravel/framework/src/Illuminate/Container/Container.php(800): Illuminate\\Container\\BoundMethod::call()
#27 /workspaces/lamastudio-website/lamaStudio-sms/vendor/laravel/framework/src/Illuminate/Console/Command.php(280): Illuminate\\Container\\Container->call()
#28 /workspaces/lamastudio-website/lamaStudio-sms/vendor/symfony/console/Command/Command.php(284): Illuminate\\Console\\Command->execute()
#29 /workspaces/lamastudio-website/lamaStudio-sms/vendor/laravel/framework/src/Illuminate/Console/Command.php(249): Symfony\\Component\\Console\\Command\\Command->run()
#30 /workspaces/lamastudio-website/lamaStudio-sms/vendor/symfony/console/Application.php(1144): Illuminate\\Console\\Command->run()
#31 /workspaces/lamastudio-website/lamaStudio-sms/vendor/symfony/console/Application.php(379): Symfony\\Component\\Console\\Application->doRunCommand()
#32 /workspaces/lamastudio-website/lamaStudio-sms/vendor/symfony/console/Application.php(218): Symfony\\Component\\Console\\Application->doRun()
#33 /workspaces/lamastudio-website/lamaStudio-sms/vendor/laravel/framework/src/Illuminate/Foundation/Console/Kernel.php(198): Symfony\\Component\\Console\\Application->run()
#34 /workspaces/lamastudio-website/lamaStudio-sms/vendor/laravel/framework/src/Illuminate/Foundation/Application.php(1242): Illuminate\\Foundation\\Console\\Kernel->handle()
#35 /workspaces/lamastudio-website/lamaStudio-sms/artisan(16): Illuminate\\Foundation\\Application->handleCommand()
#36 {main}
"} 
[2026-08-03 11:13:55] local.ERROR: SQLSTATE[HY000]: General error: 1 table "users" already exists (Connection: sqlite, Database: /workspaces/lamastudio-website/lamaStudio-sms/database/database.sqlite, SQL: create table "users" ("id" integer primary key autoincrement not null, "school_id" integer not null, "name" varchar not null, "email" varchar not null, "password" varchar not null, "role" varchar check ("role" in ('super_admin', 'school_admin', 'teacher')) not null default 'school_admin', "created_at" datetime, "updated_at" datetime, foreign key("school_id") references "schools"("id") on delete cascade)) {"exception":"[object] (Illuminate\\Database\\QueryException(code: HY000): SQLSTATE[HY000]: General error: 1 table \"users\" already exists (Connection: sqlite, Database: /workspaces/lamastudio-website/lamaStudio-sms/database/database.sqlite, SQL: create table \"users\" (\"id\" integer primary key autoincrement not null, \"school_id\" integer not null, \"name\" varchar not null, \"email\" varchar not null, \"password\" varchar not null, \"role\" varchar check (\"role\" in ('super_admin', 'school_admin', 'teacher')) not null default 'school_admin', \"created_at\" datetime, \"updated_at\" datetime, foreign key(\"school_id\") references \"schools\"(\"id\") on delete cascade)) at /workspaces/lamastudio-website/lamaStudio-sms/vendor/laravel/framework/src/Illuminate/Database/Connection.php:857)
[stacktrace]
#0 /workspaces/lamastudio-website/lamaStudio-sms/vendor/laravel/framework/src/Illuminate/Database/Connection.php(813): Illuminate\\Database\\Connection->runQueryCallback()
#1 /workspaces/lamastudio-website/lamaStudio-sms/vendor/laravel/framework/src/Illuminate/Database/Connection.php(590): Illuminate\\Database\\Connection->run()
#2 /workspaces/lamastudio-website/lamaStudio-sms/vendor/laravel/framework/src/Illuminate/Database/Schema/Blueprint.php(122): Illuminate\\Database\\Connection->statement()
#3 /workspaces/lamastudio-website/lamaStudio-sms/vendor/laravel/framework/src/Illuminate/Database/Schema/Builder.php(702): Illuminate\\Database\\Schema\\Blueprint->build()
#4 /workspaces/lamastudio-website/lamaStudio-sms/vendor/laravel/framework/src/Illuminate/Database/Schema/Builder.php(520): Illuminate\\Database\\Schema\\Builder->build()
#5 /workspaces/lamastudio-website/lamaStudio-sms/vendor/laravel/framework/src/Illuminate/Support/Facades/Facade.php(364): Illuminate\\Database\\Schema\\Builder->create()
#6 /workspaces/lamastudio-website/lamaStudio-sms/database/migrations/2026_08_03_000000_create_school_tables.php(23): Illuminate\\Support\\Facades\\Facade::__callStatic()
#7 /workspaces/lamastudio-website/lamaStudio-sms/vendor/laravel/framework/src/Illuminate/Database/Migrations/Migrator.php(517): Illuminate\\Database\\Migrations\\Migration@anonymous->up()
#8 /workspaces/lamastudio-website/lamaStudio-sms/vendor/laravel/framework/src/Illuminate/Database/Migrations/Migrator.php(442): Illuminate\\Database\\Migrations\\Migrator->runMethod()
#9 /workspaces/lamastudio-website/lamaStudio-sms/vendor/laravel/framework/src/Illuminate/Database/Migrations/Migrator.php(451): Illuminate\\Database\\Migrations\\Migrator->{closure:Illuminate\\Database\\Migrations\\Migrator::runMigration():438}()
#10 /workspaces/lamastudio-website/lamaStudio-sms/vendor/laravel/framework/src/Illuminate/Database/Migrations/Migrator.php(253): Illuminate\\Database\\Migrations\\Migrator->runMigration()
#11 /workspaces/lamastudio-website/lamaStudio-sms/vendor/laravel/framework/src/Illuminate/Console/View/Components/Task.php(43): Illuminate\\Database\\Migrations\\Migrator->{closure:Illuminate\\Database\\Migrations\\Migrator::runUp():253}()
#12 /workspaces/lamastudio-website/lamaStudio-sms/vendor/laravel/framework/src/Illuminate/Database/Migrations/Migrator.php(853): Illuminate\\Console\\View\\Components\\Task->render()
#13 /workspaces/lamastudio-website/lamaStudio-sms/vendor/laravel/framework/src/Illuminate/Database/Migrations/Migrator.php(253): Illuminate\\Database\\Migrations\\Migrator->write()
#14 /workspaces/lamastudio-website/lamaStudio-sms/vendor/laravel/framework/src/Illuminate/Database/Migrations/Migrator.php(211): Illuminate\\Database\\Migrations\\Migrator->runUp()
#15 /workspaces/lamastudio-website/lamaStudio-sms/vendor/laravel/framework/src/Illuminate/Database/Migrations/Migrator.php(138): Illuminate\\Database\\Migrations\\Migrator->runPending()
#16 /workspaces/lamastudio-website/lamaStudio-sms/vendor/laravel/framework/src/Illuminate/Database/Console/Migrations/MigrateCommand.php(118): Illuminate\\Database\\Migrations\\Migrator->run()
#17 /workspaces/lamastudio-website/lamaStudio-sms/vendor/laravel/framework/src/Illuminate/Database/Migrations/Migrator.php(672): Illuminate\\Database\\Console\\Migrations\\MigrateCommand->{closure:Illuminate\\Database\\Console\\Migrations\\MigrateCommand::runMigrations():111}()
#18 /workspaces/lamastudio-website/lamaStudio-sms/vendor/laravel/framework/src/Illuminate/Database/Console/Migrations/MigrateCommand.php(111): Illuminate\\Database\\Migrations\\Migrator->usingConnection()
#19 /workspaces/lamastudio-website/lamaStudio-sms/vendor/laravel/framework/src/Illuminate/Database/Console/Migrations/MigrateCommand.php(90): Illuminate\\Database\\Console\\Migrations\\MigrateCommand->runMigrations()
#20 /workspaces/lamastudio-website/lamaStudio-sms/vendor/laravel/framework/src/Illuminate/Container/BoundMethod.php(36): Illuminate\\Database\\Console\\Migrations\\MigrateCommand->handle()
#21 /workspaces/lamastudio-website/lamaStudio-sms/vendor/laravel/framework/src/Illuminate/Container/Util.php(43): Illuminate\\Container\\BoundMethod::{closure:Illuminate\\Container\\BoundMethod::call():35}()
#22 /workspaces/lamastudio-website/lamaStudio-sms/vendor/laravel/framework/src/Illuminate/Container/BoundMethod.php(96): Illuminate\\Container\\Util::unwrapIfClosure()
#23 /workspaces/lamastudio-website/lamaStudio-sms/vendor/laravel/framework/src/Illuminate/Container/BoundMethod.php(35): Illuminate\\Container\\BoundMethod::callBoundMethod()
#24 /workspaces/lamastudio-website/lamaStudio-sms/vendor/laravel/framework/src/Illuminate/Container/Container.php(800): Illuminate\\Container\\BoundMethod::call()
#25 /workspaces/lamastudio-website/lamaStudio-sms/vendor/laravel/framework/src/Illuminate/Console/Command.php(280): Illuminate\\Container\\Container->call()
#26 /workspaces/lamastudio-website/lamaStudio-sms/vendor/symfony/console/Command/Command.php(284): Illuminate\\Console\\Command->execute()
#27 /workspaces/lamastudio-website/lamaStudio-sms/vendor/laravel/framework/src/Illuminate/Console/Command.php(249): Symfony\\Component\\Console\\Command\\Command->run()
#28 /workspaces/lamastudio-website/lamaStudio-sms/vendor/laravel/framework/src/Illuminate/Console/Concerns/CallsCommands.php(68): Illuminate\\Console\\Command->run()
#29 /workspaces/lamastudio-website/lamaStudio-sms/vendor/laravel/framework/src/Illuminate/Console/Concerns/CallsCommands.php(29): Illuminate\\Console\\Command->runCommand()
#30 /workspaces/lamastudio-website/lamaStudio-sms/vendor/laravel/framework/src/Illuminate/Database/Console/Migrations/FreshCommand.php(88): Illuminate\\Console\\Command->call()
#31 /workspaces/lamastudio-website/lamaStudio-sms/vendor/laravel/framework/src/Illuminate/Container/BoundMethod.php(36): Illuminate\\Database\\Console\\Migrations\\FreshCommand->handle()
#32 /workspaces/lamastudio-website/lamaStudio-sms/vendor/laravel/framework/src/Illuminate/Container/Util.php(43): Illuminate\\Container\\BoundMethod::{closure:Illuminate\\Container\\BoundMethod::call():35}()
#33 /workspaces/lamastudio-website/lamaStudio-sms/vendor/laravel/framework/src/Illuminate/Container/BoundMethod.php(96): Illuminate\\Container\\Util::unwrapIfClosure()
#34 /workspaces/lamastudio-website/lamaStudio-sms/vendor/laravel/framework/src/Illuminate/Container/BoundMethod.php(35): Illuminate\\Container\\BoundMethod::callBoundMethod()
#35 /workspaces/lamastudio-website/lamaStudio-sms/vendor/laravel/framework/src/Illuminate/Container/Container.php(800): Illuminate\\Container\\BoundMethod::call()
#36 /workspaces/lamastudio-website/lamaStudio-sms/vendor/laravel/framework/src/Illuminate/Console/Command.php(280): Illuminate\\Container\\Container->call()
#37 /workspaces/lamastudio-website/lamaStudio-sms/vendor/symfony/console/Command/Command.php(284): Illuminate\\Console\\Command->execute()
#38 /workspaces/lamastudio-website/lamaStudio-sms/vendor/laravel/framework/src/Illuminate/Console/Command.php(249): Symfony\\Component\\Console\\Command\\Command->run()
#39 /workspaces/lamastudio-website/lamaStudio-sms/vendor/symfony/console/Application.php(1144): Illuminate\\Console\\Command->run()
#40 /workspaces/lamastudio-website/lamaStudio-sms/vendor/symfony/console/Application.php(379): Symfony\\Component\\Console\\Application->doRunCommand()
#41 /workspaces/lamastudio-website/lamaStudio-sms/vendor/symfony/console/Application.php(218): Symfony\\Component\\Console\\Application->doRun()
#42 /workspaces/lamastudio-website/lamaStudio-sms/vendor/laravel/framework/src/Illuminate/Foundation/Console/Kernel.php(198): Symfony\\Component\\Console\\Application->run()
#43 /workspaces/lamastudio-website/lamaStudio-sms/vendor/laravel/framework/src/Illuminate/Foundation/Application.php(1242): Illuminate\\Foundation\\Console\\Kernel->handle()
#44 /workspaces/lamastudio-website/lamaStudio-sms/artisan(16): Illuminate\\Foundation\\Application->handleCommand()
#45 {main}

[previous exception] [object] (PDOException(code: HY000): SQLSTATE[HY000]: General error: 1 table \"users\" already exists at /workspaces/lamastudio-website/lamaStudio-sms/vendor/laravel/framework/src/Illuminate/Database/Connection.php:595)
[stacktrace]
#0 /workspaces/lamastudio-website/lamaStudio-sms/vendor/laravel/framework/src/Illuminate/Database/Connection.php(595): PDO->prepare()
#1 /workspaces/lamastudio-website/lamaStudio-sms/vendor/laravel/framework/src/Illuminate/Database/Connection.php(846): Illuminate\\Database\\Connection->{closure:Illuminate\\Database\\Connection::statement():590}()
#2 /workspaces/lamastudio-website/lamaStudio-sms/vendor/laravel/framework/src/Illuminate/Database/Connection.php(813): Illuminate\\Database\\Connection->runQueryCallback()
#3 /workspaces/lamastudio-website/lamaStudio-sms/vendor/laravel/framework/src/Illuminate/Database/Connection.php(590): Illuminate\\Database\\Connection->run()
#4 /workspaces/lamastudio-website/lamaStudio-sms/vendor/laravel/framework/src/Illuminate/Database/Schema/Blueprint.php(122): Illuminate\\Database\\Connection->statement()
#5 /workspaces/lamastudio-website/lamaStudio-sms/vendor/laravel/framework/src/Illuminate/Database/Schema/Builder.php(702): Illuminate\\Database\\Schema\\Blueprint->build()
#6 /workspaces/lamastudio-website/lamaStudio-sms/vendor/laravel/framework/src/Illuminate/Database/Schema/Builder.php(520): Illuminate\\Database\\Schema\\Builder->build()
#7 /workspaces/lamastudio-website/lamaStudio-sms/vendor/laravel/framework/src/Illuminate/Support/Facades/Facade.php(364): Illuminate\\Database\\Schema\\Builder->create()
#8 /workspaces/lamastudio-website/lamaStudio-sms/database/migrations/2026_08_03_000000_create_school_tables.php(23): Illuminate\\Support\\Facades\\Facade::__callStatic()
#9 /workspaces/lamastudio-website/lamaStudio-sms/vendor/laravel/framework/src/Illuminate/Database/Migrations/Migrator.php(517): Illuminate\\Database\\Migrations\\Migration@anonymous->up()
#10 /workspaces/lamastudio-website/lamaStudio-sms/vendor/laravel/framework/src/Illuminate/Database/Migrations/Migrator.php(442): Illuminate\\Database\\Migrations\\Migrator->runMethod()
#11 /workspaces/lamastudio-website/lamaStudio-sms/vendor/laravel/framework/src/Illuminate/Database/Migrations/Migrator.php(451): Illuminate\\Database\\Migrations\\Migrator->{closure:Illuminate\\Database\\Migrations\\Migrator::runMigration():438}()
#12 /workspaces/lamastudio-website/lamaStudio-sms/vendor/laravel/framework/src/Illuminate/Database/Migrations/Migrator.php(253): Illuminate\\Database\\Migrations\\Migrator->runMigration()
#13 /workspaces/lamastudio-website/lamaStudio-sms/vendor/laravel/framework/src/Illuminate/Console/View/Components/Task.php(43): Illuminate\\Database\\Migrations\\Migrator->{closure:Illuminate\\Database\\Migrations\\Migrator::runUp():253}()
#14 /workspaces/lamastudio-website/lamaStudio-sms/vendor/laravel/framework/src/Illuminate/Database/Migrations/Migrator.php(853): Illuminate\\Console\\View\\Components\\Task->render()
#15 /workspaces/lamastudio-website/lamaStudio-sms/vendor/laravel/framework/src/Illuminate/Database/Migrations/Migrator.php(253): Illuminate\\Database\\Migrations\\Migrator->write()
#16 /workspaces/lamastudio-website/lamaStudio-sms/vendor/laravel/framework/src/Illuminate/Database/Migrations/Migrator.php(211): Illuminate\\Database\\Migrations\\Migrator->runUp()
#17 /workspaces/lamastudio-website/lamaStudio-sms/vendor/laravel/framework/src/Illuminate/Database/Migrations/Migrator.php(138): Illuminate\\Database\\Migrations\\Migrator->runPending()
#18 /workspaces/lamastudio-website/lamaStudio-sms/vendor/laravel/framework/src/Illuminate/Database/Console/Migrations/MigrateCommand.php(118): Illuminate\\Database\\Migrations\\Migrator->run()
#19 /workspaces/lamastudio-website/lamaStudio-sms/vendor/laravel/framework/src/Illuminate/Database/Migrations/Migrator.php(672): Illuminate\\Database\\Console\\Migrations\\MigrateCommand->{closure:Illuminate\\Database\\Console\\Migrations\\MigrateCommand::runMigrations():111}()
#20 /workspaces/lamastudio-website/lamaStudio-sms/vendor/laravel/framework/src/Illuminate/Database/Console/Migrations/MigrateCommand.php(111): Illuminate\\Database\\Migrations\\Migrator->usingConnection()
#21 /workspaces/lamastudio-website/lamaStudio-sms/vendor/laravel/framework/src/Illuminate/Database/Console/Migrations/MigrateCommand.php(90): Illuminate\\Database\\Console\\Migrations\\MigrateCommand->runMigrations()
#22 /workspaces/lamastudio-website/lamaStudio-sms/vendor/laravel/framework/src/Illuminate/Container/BoundMethod.php(36): Illuminate\\Database\\Console\\Migrations\\MigrateCommand->handle()
#23 /workspaces/lamastudio-website/lamaStudio-sms/vendor/laravel/framework/src/Illuminate/Container/Util.php(43): Illuminate\\Container\\BoundMethod::{closure:Illuminate\\Container\\BoundMethod::call():35}()
#24 /workspaces/lamastudio-website/lamaStudio-sms/vendor/laravel/framework/src/Illuminate/Container/BoundMethod.php(96): Illuminate\\Container\\Util::unwrapIfClosure()
#25 /workspaces/lamastudio-website/lamaStudio-sms/vendor/laravel/framework/src/Illuminate/Container/BoundMethod.php(35): Illuminate\\Container\\BoundMethod::callBoundMethod()
#26 /workspaces/lamastudio-website/lamaStudio-sms/vendor/laravel/framework/src/Illuminate/Container/Container.php(800): Illuminate\\Container\\BoundMethod::call()
#27 /workspaces/lamastudio-website/lamaStudio-sms/vendor/laravel/framework/src/Illuminate/Console/Command.php(280): Illuminate\\Container\\Container->call()
#28 /workspaces/lamastudio-website/lamaStudio-sms/vendor/symfony/console/Command/Command.php(284): Illuminate\\Console\\Command->execute()
#29 /workspaces/lamastudio-website/lamaStudio-sms/vendor/laravel/framework/src/Illuminate/Console/Command.php(249): Symfony\\Component\\Console\\Command\\Command->run()
#30 /workspaces/lamastudio-website/lamaStudio-sms/vendor/laravel/framework/src/Illuminate/Console/Concerns/CallsCommands.php(68): Illuminate\\Console\\Command->run()
#31 /workspaces/lamastudio-website/lamaStudio-sms/vendor/laravel/framework/src/Illuminate/Console/Concerns/CallsCommands.php(29): Illuminate\\Console\\Command->runCommand()
#32 /workspaces/lamastudio-website/lamaStudio-sms/vendor/laravel/framework/src/Illuminate/Database/Console/Migrations/FreshCommand.php(88): Illuminate\\Console\\Command->call()
#33 /workspaces/lamastudio-website/lamaStudio-sms/vendor/laravel/framework/src/Illuminate/Container/BoundMethod.php(36): Illuminate\\Database\\Console\\Migrations\\FreshCommand->handle()
#34 /workspaces/lamastudio-website/lamaStudio-sms/vendor/laravel/framework/src/Illuminate/Container/Util.php(43): Illuminate\\Container\\BoundMethod::{closure:Illuminate\\Container\\BoundMethod::call():35}()
#35 /workspaces/lamastudio-website/lamaStudio-sms/vendor/laravel/framework/src/Illuminate/Container/BoundMethod.php(96): Illuminate\\Container\\Util::unwrapIfClosure()
#36 /workspaces/lamastudio-website/lamaStudio-sms/vendor/laravel/framework/src/Illuminate/Container/BoundMethod.php(35): Illuminate\\Container\\BoundMethod::callBoundMethod()
#37 /workspaces/lamastudio-website/lamaStudio-sms/vendor/laravel/framework/src/Illuminate/Container/Container.php(800): Illuminate\\Container\\BoundMethod::call()
#38 /workspaces/lamastudio-website/lamaStudio-sms/vendor/laravel/framework/src/Illuminate/Console/Command.php(280): Illuminate\\Container\\Container->call()
#39 /workspaces/lamastudio-website/lamaStudio-sms/vendor/symfony/console/Command/Command.php(284): Illuminate\\Console\\Command->execute()
#40 /workspaces/lamastudio-website/lamaStudio-sms/vendor/laravel/framework/src/Illuminate/Console/Command.php(249): Symfony\\Component\\Console\\Command\\Command->run()
#41 /workspaces/lamastudio-website/lamaStudio-sms/vendor/symfony/console/Application.php(1144): Illuminate\\Console\\Command->run()
#42 /workspaces/lamastudio-website/lamaStudio-sms/vendor/symfony/console/Application.php(379): Symfony\\Component\\Console\\Application->doRunCommand()
#43 /workspaces/lamastudio-website/lamaStudio-sms/vendor/symfony/console/Application.php(218): Symfony\\Component\\Console\\Application->doRun()
#44 /workspaces/lamastudio-website/lamaStudio-sms/vendor/laravel/framework/src/Illuminate/Foundation/Console/Kernel.php(198): Symfony\\Component\\Console\\Application->run()
#45 /workspaces/lamastudio-website/lamaStudio-sms/vendor/laravel/framework/src/Illuminate/Foundation/Application.php(1242): Illuminate\\Foundation\\Console\\Kernel->handle()
#46 /workspaces/lamastudio-website/lamaStudio-sms/artisan(16): Illuminate\\Foundation\\Application->handleCommand()
#47 {main}
"} 
[2026-08-03 11:15:41] local.ERROR: SQLSTATE[HY000]: General error: 1 no such table: sessions (Connection: sqlite, Database: /workspaces/lamastudio-website/lamaStudio-sms/database/database.sqlite, SQL: select * from "sessions" where "id" = Qc5d09sfigm09fbTv0oKYRc5GslbnigIJMyRBPwh limit 1) {"exception":"[object] (Illuminate\\Database\\QueryException(code: HY000): SQLSTATE[HY000]: General error: 1 no such table: sessions (Connection: sqlite, Database: /workspaces/lamastudio-website/lamaStudio-sms/database/database.sqlite, SQL: select * from \"sessions\" where \"id\" = Qc5d09sfigm09fbTv0oKYRc5GslbnigIJMyRBPwh limit 1) at /workspaces/lamastudio-website/lamaStudio-sms/vendor/laravel/framework/src/Illuminate/Database/Connection.php:857)
[stacktrace]
#0 /workspaces/lamastudio-website/lamaStudio-sms/vendor/laravel/framework/src/Illuminate/Database/Connection.php(813): Illuminate\\Database\\Connection->runQueryCallback()
#1 /workspaces/lamastudio-website/lamaStudio-sms/vendor/laravel/framework/src/Illuminate/Database/Connection.php(426): Illuminate\\Database\\Connection->run()
#2 /workspaces/lamastudio-website/lamaStudio-sms/vendor/laravel/framework/src/Illuminate/Database/Query/Builder.php(3574): Illuminate\\Database\\Connection->select()
#3 /workspaces/lamastudio-website/lamaStudio-sms/vendor/laravel/framework/src/Illuminate/Database/Query/Builder.php(3558): Illuminate\\Database\\Query\\Builder->runSelect()
#4 /workspaces/lamastudio-website/lamaStudio-sms/vendor/laravel/framework/src/Illuminate/Database/Concerns/BuildsQueries.php(366): Illuminate\\Database\\Query\\Builder->get()
#5 /workspaces/lamastudio-website/lamaStudio-sms/vendor/laravel/framework/src/Illuminate/Database/Query/Builder.php(3476): Illuminate\\Database\\Query\\Builder->first()
#6 /workspaces/lamastudio-website/lamaStudio-sms/vendor/laravel/framework/src/Illuminate/Session/DatabaseSessionHandler.php(96): Illuminate\\Database\\Query\\Builder->find()
#7 /workspaces/lamastudio-website/lamaStudio-sms/vendor/laravel/framework/src/Illuminate/Session/Store.php(128): Illuminate\\Session\\DatabaseSessionHandler->read()
#8 /workspaces/lamastudio-website/lamaStudio-sms/vendor/laravel/framework/src/Illuminate/Session/Store.php(116): Illuminate\\Session\\Store->readFromHandler()
#9 /workspaces/lamastudio-website/lamaStudio-sms/vendor/laravel/framework/src/Illuminate/Session/Store.php(100): Illuminate\\Session\\Store->loadSession()
#10 /workspaces/lamastudio-website/lamaStudio-sms/vendor/laravel/framework/src/Illuminate/Session/Middleware/StartSession.php(146): Illuminate\\Session\\Store->start()
#11 /workspaces/lamastudio-website/lamaStudio-sms/vendor/laravel/framework/src/Illuminate/Support/helpers.php(393): Illuminate\\Session\\Middleware\\StartSession->{closure:Illuminate\\Session\\Middleware\\StartSession::startSession():143}()
#12 /workspaces/lamastudio-website/lamaStudio-sms/vendor/laravel/framework/src/Illuminate/Session/Middleware/StartSession.php(143): tap()
#13 /workspaces/lamastudio-website/lamaStudio-sms/vendor/laravel/framework/src/Illuminate/Session/Middleware/StartSession.php(115): Illuminate\\Session\\Middleware\\StartSession->startSession()
#14 /workspaces/lamastudio-website/lamaStudio-sms/vendor/laravel/framework/src/Illuminate/Session/Middleware/StartSession.php(63): Illuminate\\Session\\Middleware\\StartSession->handleStatefulRequest()
#15 /workspaces/lamastudio-website/lamaStudio-sms/vendor/laravel/framework/src/Illuminate/Pipeline/Pipeline.php(219): Illuminate\\Session\\Middleware\\StartSession->handle()
#16 /workspaces/lamastudio-website/lamaStudio-sms/vendor/laravel/framework/src/Illuminate/Cookie/Middleware/AddQueuedCookiesToResponse.php(36): Illuminate\\Pipeline\\Pipeline->{closure:{closure:Illuminate\\Pipeline\\Pipeline::carry():194}:195}()
#17 /workspaces/lamastudio-website/lamaStudio-sms/vendor/laravel/framework/src/Illuminate/Pipeline/Pipeline.php(219): Illuminate\\Cookie\\Middleware\\AddQueuedCookiesToResponse->handle()
#18 /workspaces/lamastudio-website/lamaStudio-sms/vendor/laravel/framework/src/Illuminate/Cookie/Middleware/EncryptCookies.php(74): Illuminate\\Pipeline\\Pipeline->{closure:{closure:Illuminate\\Pipeline\\Pipeline::carry():194}:195}()
#19 /workspaces/lamastudio-website/lamaStudio-sms/vendor/laravel/framework/src/Illuminate/Pipeline/Pipeline.php(219): Illuminate\\Cookie\\Middleware\\EncryptCookies->handle()
#20 /workspaces/lamastudio-website/lamaStudio-sms/vendor/laravel/framework/src/Illuminate/Pipeline/Pipeline.php(137): Illuminate\\Pipeline\\Pipeline->{closure:{closure:Illuminate\\Pipeline\\Pipeline::carry():194}:195}()
#21 /workspaces/lamastudio-website/lamaStudio-sms/vendor/laravel/framework/src/Illuminate/Routing/Router.php(821): Illuminate\\Pipeline\\Pipeline->then()
#22 /workspaces/lamastudio-website/lamaStudio-sms/vendor/laravel/framework/src/Illuminate/Routing/Router.php(800): Illuminate\\Routing\\Router->runRouteWithinStack()
#23 /workspaces/lamastudio-website/lamaStudio-sms/vendor/laravel/framework/src/Illuminate/Routing/Router.php(764): Illuminate\\Routing\\Router->runRoute()
#24 /workspaces/lamastudio-website/lamaStudio-sms/vendor/laravel/framework/src/Illuminate/Routing/Router.php(753): Illuminate\\Routing\\Router->dispatchToRoute()
#25 /workspaces/lamastudio-website/lamaStudio-sms/vendor/laravel/framework/src/Illuminate/Foundation/Http/Kernel.php(200): Illuminate\\Routing\\Router->dispatch()
#26 /workspaces/lamastudio-website/lamaStudio-sms/vendor/laravel/framework/src/Illuminate/Pipeline/Pipeline.php(180): Illuminate\\Foundation\\Http\\Kernel->{closure:Illuminate\\Foundation\\Http\\Kernel::dispatchToRouter():197}()
#27 /workspaces/lamastudio-website/lamaStudio-sms/vendor/laravel/framework/src/Illuminate/Foundation/Http/Middleware/TransformsRequest.php(21): Illuminate\\Pipeline\\Pipeline->{closure:Illuminate\\Pipeline\\Pipeline::prepareDestination():178}()
#28 /workspaces/lamastudio-website/lamaStudio-sms/vendor/laravel/framework/src/Illuminate/Foundation/Http/Middleware/ConvertEmptyStringsToNull.php(31): Illuminate\\Foundation\\Http\\Middleware\\TransformsRequest->handle()
#29 /workspaces/lamastudio-website/lamaStudio-sms/vendor/laravel/framework/src/Illuminate/Pipeline/Pipeline.php(219): Illuminate\\Foundation\\Http\\Middleware\\ConvertEmptyStringsToNull->handle()
#30 /workspaces/lamastudio-website/lamaStudio-sms/vendor/laravel/framework/src/Illuminate/Foundation/Http/Middleware/TransformsRequest.php(21): Illuminate\\Pipeline\\Pipeline->{closure:{closure:Illuminate\\Pipeline\\Pipeline::carry():194}:195}()
#31 /workspaces/lamastudio-website/lamaStudio-sms/vendor/laravel/framework/src/Illuminate/Foundation/Http/Middleware/TrimStrings.php(51): Illuminate\\Foundation\\Http\\Middleware\\TransformsRequest->handle()
#32 /workspaces/lamastudio-website/lamaStudio-sms/vendor/laravel/framework/src/Illuminate/Pipeline/Pipeline.php(219): Illuminate\\Foundation\\Http\\Middleware\\TrimStrings->handle()
#33 /workspaces/lamastudio-website/lamaStudio-sms/vendor/laravel/framework/src/Illuminate/Http/Middleware/ValidatePostSize.php(27): Illuminate\\Pipeline\\Pipeline->{closure:{closure:Illuminate\\Pipeline\\Pipeline::carry():194}:195}()
#34 /workspaces/lamastudio-website/lamaStudio-sms/vendor/laravel/framework/src/Illuminate/Pipeline/Pipeline.php(219): Illuminate\\Http\\Middleware\\ValidatePostSize->handle()
#35 /workspaces/lamastudio-website/lamaStudio-sms/vendor/laravel/framework/src/Illuminate/Foundation/Http/Middleware/PreventRequestsDuringMaintenance.php(109): Illuminate\\Pipeline\\Pipeline->{closure:{closure:Illuminate\\Pipeline\\Pipeline::carry():194}:195}()
#36 /workspaces/lamastudio-website/lamaStudio-sms/vendor/laravel/framework/src/Illuminate/Pipeline/Pipeline.php(219): Illuminate\\Foundation\\Http\\Middleware\\PreventRequestsDuringMaintenance->handle()
#37 /workspaces/lamastudio-website/lamaStudio-sms/vendor/laravel/framework/src/Illuminate/Http/Middleware/HandleCors.php(61): Illuminate\\Pipeline\\Pipeline->{closure:{closure:Illuminate\\Pipeline\\Pipeline::carry():194}:195}()
#38 /workspaces/lamastudio-website/lamaStudio-sms/vendor/laravel/framework/src/Illuminate/Pipeline/Pipeline.php(219): Illuminate\\Http\\Middleware\\HandleCors->handle()
#39 /workspaces/lamastudio-website/lamaStudio-sms/vendor/laravel/framework/src/Illuminate/Http/Middleware/TrustProxies.php(58): Illuminate\\Pipeline\\Pipeline->{closure:{closure:Illuminate\\Pipeline\\Pipeline::carry():194}:195}()
#40 /workspaces/lamastudio-website/lamaStudio-sms/vendor/laravel/framework/src/Illuminate/Pipeline/Pipeline.php(219): Illuminate\\Http\\Middleware\\TrustProxies->handle()
#41 /workspaces/lamastudio-website/lamaStudio-sms/vendor/laravel/framework/src/Illuminate/Foundation/Http/Middleware/InvokeDeferredCallbacks.php(22): Illuminate\\Pipeline\\Pipeline->{closure:{closure:Illuminate\\Pipeline\\Pipeline::carry():194}:195}()
#42 /workspaces/lamastudio-website/lamaStudio-sms/vendor/laravel/framework/src/Illuminate/Pipeline/Pipeline.php(219): Illuminate\\Foundation\\Http\\Middleware\\InvokeDeferredCallbacks->handle()
#43 /workspaces/lamastudio-website/lamaStudio-sms/vendor/laravel/framework/src/Illuminate/Http/Middleware/ValidatePathEncoding.php(28): Illuminate\\Pipeline\\Pipeline->{closure:{closure:Illuminate\\Pipeline\\Pipeline::carry():194}:195}()
#44 /workspaces/lamastudio-website/lamaStudio-sms/vendor/laravel/framework/src/Illuminate/Pipeline/Pipeline.php(219): Illuminate\\Http\\Middleware\\ValidatePathEncoding->handle()
#45 /workspaces/lamastudio-website/lamaStudio-sms/vendor/laravel/framework/src/Illuminate/Pipeline/Pipeline.php(137): Illuminate\\Pipeline\\Pipeline->{closure:{closure:Illuminate\\Pipeline\\Pipeline::carry():194}:195}()
#46 /workspaces/lamastudio-website/lamaStudio-sms/vendor/laravel/framework/src/Illuminate/Foundation/Http/Kernel.php(175): Illuminate\\Pipeline\\Pipeline->then()
#47 /workspaces/lamastudio-website/lamaStudio-sms/vendor/laravel/framework/src/Illuminate/Foundation/Http/Kernel.php(144): Illuminate\\Foundation\\Http\\Kernel->sendRequestThroughRouter()
#48 /workspaces/lamastudio-website/lamaStudio-sms/vendor/laravel/framework/src/Illuminate/Foundation/Application.php(1227): Illuminate\\Foundation\\Http\\Kernel->handle()
#49 /workspaces/lamastudio-website/lamaStudio-sms/public/index.php(20): Illuminate\\Foundation\\Application->handleRequest()
#50 /workspaces/lamastudio-website/lamaStudio-sms/vendor/laravel/framework/src/Illuminate/Foundation/resources/server.php(23): require_once('...')
#51 {main}

[previous exception] [object] (PDOException(code: HY000): SQLSTATE[HY000]: General error: 1 no such table: sessions at /workspaces/lamastudio-website/lamaStudio-sms/vendor/laravel/framework/src/Illuminate/Database/Connection.php:435)
[stacktrace]
#0 /workspaces/lamastudio-website/lamaStudio-sms/vendor/laravel/framework/src/Illuminate/Database/Connection.php(435): PDO->prepare()
#1 /workspaces/lamastudio-website/lamaStudio-sms/vendor/laravel/framework/src/Illuminate/Database/Connection.php(846): Illuminate\\Database\\Connection->{closure:Illuminate\\Database\\Connection::select():426}()
#2 /workspaces/lamastudio-website/lamaStudio-sms/vendor/laravel/framework/src/Illuminate/Database/Connection.php(813): Illuminate\\Database\\Connection->runQueryCallback()
#3 /workspaces/lamastudio-website/lamaStudio-sms/vendor/laravel/framework/src/Illuminate/Database/Connection.php(426): Illuminate\\Database\\Connection->run()
#4 /workspaces/lamastudio-website/lamaStudio-sms/vendor/laravel/framework/src/Illuminate/Database/Query/Builder.php(3574): Illuminate\\Database\\Connection->select()
#5 /workspaces/lamastudio-website/lamaStudio-sms/vendor/laravel/framework/src/Illuminate/Database/Query/Builder.php(3558): Illuminate\\Database\\Query\\Builder->runSelect()
#6 /workspaces/lamastudio-website/lamaStudio-sms/vendor/laravel/framework/src/Illuminate/Database/Concerns/BuildsQueries.php(366): Illuminate\\Database\\Query\\Builder->get()
#7 /workspaces/lamastudio-website/lamaStudio-sms/vendor/laravel/framework/src/Illuminate/Database/Query/Builder.php(3476): Illuminate\\Database\\Query\\Builder->first()
#8 /workspaces/lamastudio-website/lamaStudio-sms/vendor/laravel/framework/src/Illuminate/Session/DatabaseSessionHandler.php(96): Illuminate\\Database\\Query\\Builder->find()
#9 /workspaces/lamastudio-website/lamaStudio-sms/vendor/laravel/framework/src/Illuminate/Session/Store.php(128): Illuminate\\Session\\DatabaseSessionHandler->read()
#10 /workspaces/lamastudio-website/lamaStudio-sms/vendor/laravel/framework/src/Illuminate/Session/Store.php(116): Illuminate\\Session\\Store->readFromHandler()
#11 /workspaces/lamastudio-website/lamaStudio-sms/vendor/laravel/framework/src/Illuminate/Session/Store.php(100): Illuminate\\Session\\Store->loadSession()
#12 /workspaces/lamastudio-website/lamaStudio-sms/vendor/laravel/framework/src/Illuminate/Session/Middleware/StartSession.php(146): Illuminate\\Session\\Store->start()
#13 /workspaces/lamastudio-website/lamaStudio-sms/vendor/laravel/framework/src/Illuminate/Support/helpers.php(393): Illuminate\\Session\\Middleware\\StartSession->{closure:Illuminate\\Session\\Middleware\\StartSession::startSession():143}()
#14 /workspaces/lamastudio-website/lamaStudio-sms/vendor/laravel/framework/src/Illuminate/Session/Middleware/StartSession.php(143): tap()
#15 /workspaces/lamastudio-website/lamaStudio-sms/vendor/laravel/framework/src/Illuminate/Session/Middleware/StartSession.php(115): Illuminate\\Session\\Middleware\\StartSession->startSession()
#16 /workspaces/lamastudio-website/lamaStudio-sms/vendor/laravel/framework/src/Illuminate/Session/Middleware/StartSession.php(63): Illuminate\\Session\\Middleware\\StartSession->handleStatefulRequest()
#17 /workspaces/lamastudio-website/lamaStudio-sms/vendor/laravel/framework/src/Illuminate/Pipeline/Pipeline.php(219): Illuminate\\Session\\Middleware\\StartSession->handle()
#18 /workspaces/lamastudio-website/lamaStudio-sms/vendor/laravel/framework/src/Illuminate/Cookie/Middleware/AddQueuedCookiesToResponse.php(36): Illuminate\\Pipeline\\Pipeline->{closure:{closure:Illuminate\\Pipeline\\Pipeline::carry():194}:195}()
#19 /workspaces/lamastudio-website/lamaStudio-sms/vendor/laravel/framework/src/Illuminate/Pipeline/Pipeline.php(219): Illuminate\\Cookie\\Middleware\\AddQueuedCookiesToResponse->handle()
#20 /workspaces/lamastudio-website/lamaStudio-sms/vendor/laravel/framework/src/Illuminate/Cookie/Middleware/EncryptCookies.php(74): Illuminate\\Pipeline\\Pipeline->{closure:{closure:Illuminate\\Pipeline\\Pipeline::carry():194}:195}()
#21 /workspaces/lamastudio-website/lamaStudio-sms/vendor/laravel/framework/src/Illuminate/Pipeline/Pipeline.php(219): Illuminate\\Cookie\\Middleware\\EncryptCookies->handle()
#22 /workspaces/lamastudio-website/lamaStudio-sms/vendor/laravel/framework/src/Illuminate/Pipeline/Pipeline.php(137): Illuminate\\Pipeline\\Pipeline->{closure:{closure:Illuminate\\Pipeline\\Pipeline::carry():194}:195}()
#23 /workspaces/lamastudio-website/lamaStudio-sms/vendor/laravel/framework/src/Illuminate/Routing/Router.php(821): Illuminate\\Pipeline\\Pipeline->then()
#24 /workspaces/lamastudio-website/lamaStudio-sms/vendor/laravel/framework/src/Illuminate/Routing/Router.php(800): Illuminate\\Routing\\Router->runRouteWithinStack()
#25 /workspaces/lamastudio-website/lamaStudio-sms/vendor/laravel/framework/src/Illuminate/Routing/Router.php(764): Illuminate\\Routing\\Router->runRoute()
#26 /workspaces/lamastudio-website/lamaStudio-sms/vendor/laravel/framework/src/Illuminate/Routing/Router.php(753): Illuminate\\Routing\\Router->dispatchToRoute()
#27 /workspaces/lamastudio-website/lamaStudio-sms/vendor/laravel/framework/src/Illuminate/Foundation/Http/Kernel.php(200): Illuminate\\Routing\\Router->dispatch()
#28 /workspaces/lamastudio-website/lamaStudio-sms/vendor/laravel/framework/src/Illuminate/Pipeline/Pipeline.php(180): Illuminate\\Foundation\\Http\\Kernel->{closure:Illuminate\\Foundation\\Http\\Kernel::dispatchToRouter():197}()
#29 /workspaces/lamastudio-website/lamaStudio-sms/vendor/laravel/framework/src/Illuminate/Foundation/Http/Middleware/TransformsRequest.php(21): Illuminate\\Pipeline\\Pipeline->{closure:Illuminate\\Pipeline\\Pipeline::prepareDestination():178}()
#30 /workspaces/lamastudio-website/lamaStudio-sms/vendor/laravel/framework/src/Illuminate/Foundation/Http/Middleware/ConvertEmptyStringsToNull.php(31): Illuminate\\Foundation\\Http\\Middleware\\TransformsRequest->handle()
#31 /workspaces/lamastudio-website/lamaStudio-sms/vendor/laravel/framework/src/Illuminate/Pipeline/Pipeline.php(219): Illuminate\\Foundation\\Http\\Middleware\\ConvertEmptyStringsToNull->handle()
#32 /workspaces/lamastudio-website/lamaStudio-sms/vendor/laravel/framework/src/Illuminate/Foundation/Http/Middleware/TransformsRequest.php(21): Illuminate\\Pipeline\\Pipeline->{closure:{closure:Illuminate\\Pipeline\\Pipeline::carry():194}:195}()
#33 /workspaces/lamastudio-website/lamaStudio-sms/vendor/laravel/framework/src/Illuminate/Foundation/Http/Middleware/TrimStrings.php(51): Illuminate\\Foundation\\Http\\Middleware\\TransformsRequest->handle()
#34 /workspaces/lamastudio-website/lamaStudio-sms/vendor/laravel/framework/src/Illuminate/Pipeline/Pipeline.php(219): Illuminate\\Foundation\\Http\\Middleware\\TrimStrings->handle()
#35 /workspaces/lamastudio-website/lamaStudio-sms/vendor/laravel/framework/src/Illuminate/Http/Middleware/ValidatePostSize.php(27): Illuminate\\Pipeline\\Pipeline->{closure:{closure:Illuminate\\Pipeline\\Pipeline::carry():194}:195}()
#36 /workspaces/lamastudio-website/lamaStudio-sms/vendor/laravel/framework/src/Illuminate/Pipeline/Pipeline.php(219): Illuminate\\Http\\Middleware\\ValidatePostSize->handle()
#37 /workspaces/lamastudio-website/lamaStudio-sms/vendor/laravel/framework/src/Illuminate/Foundation/Http/Middleware/PreventRequestsDuringMaintenance.php(109): Illuminate\\Pipeline\\Pipeline->{closure:{closure:Illuminate\\Pipeline\\Pipeline::carry():194}:195}()
#38 /workspaces/lamastudio-website/lamaStudio-sms/vendor/laravel/framework/src/Illuminate/Pipeline/Pipeline.php(219): Illuminate\\Foundation\\Http\\Middleware\\PreventRequestsDuringMaintenance->handle()
#39 /workspaces/lamastudio-website/lamaStudio-sms/vendor/laravel/framework/src/Illuminate/Http/Middleware/HandleCors.php(61): Illuminate\\Pipeline\\Pipeline->{closure:{closure:Illuminate\\Pipeline\\Pipeline::carry():194}:195}()
#40 /workspaces/lamastudio-website/lamaStudio-sms/vendor/laravel/framework/src/Illuminate/Pipeline/Pipeline.php(219): Illuminate\\Http\\Middleware\\HandleCors->handle()
#41 /workspaces/lamastudio-website/lamaStudio-sms/vendor/laravel/framework/src/Illuminate/Http/Middleware/TrustProxies.php(58): Illuminate\\Pipeline\\Pipeline->{closure:{closure:Illuminate\\Pipeline\\Pipeline::carry():194}:195}()
#42 /workspaces/lamastudio-website/lamaStudio-sms/vendor/laravel/framework/src/Illuminate/Pipeline/Pipeline.php(219): Illuminate\\Http\\Middleware\\TrustProxies->handle()
#43 /workspaces/lamastudio-website/lamaStudio-sms/vendor/laravel/framework/src/Illuminate/Foundation/Http/Middleware/InvokeDeferredCallbacks.php(22): Illuminate\\Pipeline\\Pipeline->{closure:{closure:Illuminate\\Pipeline\\Pipeline::carry():194}:195}()
#44 /workspaces/lamastudio-website/lamaStudio-sms/vendor/laravel/framework/src/Illuminate/Pipeline/Pipeline.php(219): Illuminate\\Foundation\\Http\\Middleware\\InvokeDeferredCallbacks->handle()
#45 /workspaces/lamastudio-website/lamaStudio-sms/vendor/laravel/framework/src/Illuminate/Http/Middleware/ValidatePathEncoding.php(28): Illuminate\\Pipeline\\Pipeline->{closure:{closure:Illuminate\\Pipeline\\Pipeline::carry():194}:195}()
#46 /workspaces/lamastudio-website/lamaStudio-sms/vendor/laravel/framework/src/Illuminate/Pipeline/Pipeline.php(219): Illuminate\\Http\\Middleware\\ValidatePathEncoding->handle()
#47 /workspaces/lamastudio-website/lamaStudio-sms/vendor/laravel/framework/src/Illuminate/Pipeline/Pipeline.php(137): Illuminate\\Pipeline\\Pipeline->{closure:{closure:Illuminate\\Pipeline\\Pipeline::carry():194}:195}()
#48 /workspaces/lamastudio-website/lamaStudio-sms/vendor/laravel/framework/src/Illuminate/Foundation/Http/Kernel.php(175): Illuminate\\Pipeline\\Pipeline->then()
#49 /workspaces/lamastudio-website/lamaStudio-sms/vendor/laravel/framework/src/Illuminate/Foundation/Http/Kernel.php(144): Illuminate\\Foundation\\Http\\Kernel->sendRequestThroughRouter()
#50 /workspaces/lamastudio-website/lamaStudio-sms/vendor/laravel/framework/src/Illuminate/Foundation/Application.php(1227): Illuminate\\Foundation\\Http\\Kernel->handle()
#51 /workspaces/lamastudio-website/lamaStudio-sms/public/index.php(20): Illuminate\\Foundation\\Application->handleRequest()
#52 /workspaces/lamastudio-website/lamaStudio-sms/vendor/laravel/framework/src/Illuminate/Foundation/resources/server.php(23): require_once('...')
#53 {main}
"} 
[2026-08-03 11:32:18] local.ERROR: SQLSTATE[HY000]: General error: 1 table "students" already exists (Connection: sqlite, Database: /workspaces/lamastudio-website/lamaStudio-sms/database/database.sqlite, SQL: create table "students" ("id" integer primary key autoincrement not null, "name" varchar not null, "email" varchar not null, "class_room" varchar not null, "created_at" datetime, "updated_at" datetime)) {"exception":"[object] (Illuminate\\Database\\QueryException(code: HY000): SQLSTATE[HY000]: General error: 1 table \"students\" already exists (Connection: sqlite, Database: /workspaces/lamastudio-website/lamaStudio-sms/database/database.sqlite, SQL: create table \"students\" (\"id\" integer primary key autoincrement not null, \"name\" varchar not null, \"email\" varchar not null, \"class_room\" varchar not null, \"created_at\" datetime, \"updated_at\" datetime)) at /workspaces/lamastudio-website/lamaStudio-sms/vendor/laravel/framework/src/Illuminate/Database/Connection.php:857)
[stacktrace]
#0 /workspaces/lamastudio-website/lamaStudio-sms/vendor/laravel/framework/src/Illuminate/Database/Connection.php(813): Illuminate\\Database\\Connection->runQueryCallback()
#1 /workspaces/lamastudio-website/lamaStudio-sms/vendor/laravel/framework/src/Illuminate/Database/Connection.php(590): Illuminate\\Database\\Connection->run()
#2 /workspaces/lamastudio-website/lamaStudio-sms/vendor/laravel/framework/src/Illuminate/Database/Schema/Blueprint.php(122): Illuminate\\Database\\Connection->statement()
#3 /workspaces/lamastudio-website/lamaStudio-sms/vendor/laravel/framework/src/Illuminate/Database/Schema/Builder.php(702): Illuminate\\Database\\Schema\\Blueprint->build()
#4 /workspaces/lamastudio-website/lamaStudio-sms/vendor/laravel/framework/src/Illuminate/Database/Schema/Builder.php(520): Illuminate\\Database\\Schema\\Builder->build()
#5 /workspaces/lamastudio-website/lamaStudio-sms/vendor/laravel/framework/src/Illuminate/Support/Facades/Facade.php(364): Illuminate\\Database\\Schema\\Builder->create()
#6 /workspaces/lamastudio-website/lamaStudio-sms/database/migrations/2026_08_03_113036_create_students_table.php(1): Illuminate\\Support\\Facades\\Facade::__callStatic()
#7 /workspaces/lamastudio-website/lamaStudio-sms/vendor/laravel/framework/src/Illuminate/Database/Migrations/Migrator.php(517): Illuminate\\Database\\Migrations\\Migration@anonymous->up()
#8 /workspaces/lamastudio-website/lamaStudio-sms/vendor/laravel/framework/src/Illuminate/Database/Migrations/Migrator.php(442): Illuminate\\Database\\Migrations\\Migrator->runMethod()
#9 /workspaces/lamastudio-website/lamaStudio-sms/vendor/laravel/framework/src/Illuminate/Database/Migrations/Migrator.php(451): Illuminate\\Database\\Migrations\\Migrator->{closure:Illuminate\\Database\\Migrations\\Migrator::runMigration():438}()
#10 /workspaces/lamastudio-website/lamaStudio-sms/vendor/laravel/framework/src/Illuminate/Database/Migrations/Migrator.php(253): Illuminate\\Database\\Migrations\\Migrator->runMigration()
#11 /workspaces/lamastudio-website/lamaStudio-sms/vendor/laravel/framework/src/Illuminate/Console/View/Components/Task.php(43): Illuminate\\Database\\Migrations\\Migrator->{closure:Illuminate\\Database\\Migrations\\Migrator::runUp():253}()
#12 /workspaces/lamastudio-website/lamaStudio-sms/vendor/laravel/framework/src/Illuminate/Database/Migrations/Migrator.php(853): Illuminate\\Console\\View\\Components\\Task->render()
#13 /workspaces/lamastudio-website/lamaStudio-sms/vendor/laravel/framework/src/Illuminate/Database/Migrations/Migrator.php(253): Illuminate\\Database\\Migrations\\Migrator->write()
#14 /workspaces/lamastudio-website/lamaStudio-sms/vendor/laravel/framework/src/Illuminate/Database/Migrations/Migrator.php(211): Illuminate\\Database\\Migrations\\Migrator->runUp()
#15 /workspaces/lamastudio-website/lamaStudio-sms/vendor/laravel/framework/src/Illuminate/Database/Migrations/Migrator.php(138): Illuminate\\Database\\Migrations\\Migrator->runPending()
#16 /workspaces/lamastudio-website/lamaStudio-sms/vendor/laravel/framework/src/Illuminate/Database/Console/Migrations/MigrateCommand.php(118): Illuminate\\Database\\Migrations\\Migrator->run()
#17 /workspaces/lamastudio-website/lamaStudio-sms/vendor/laravel/framework/src/Illuminate/Database/Migrations/Migrator.php(672): Illuminate\\Database\\Console\\Migrations\\MigrateCommand->{closure:Illuminate\\Database\\Console\\Migrations\\MigrateCommand::runMigrations():111}()
#18 /workspaces/lamastudio-website/lamaStudio-sms/vendor/laravel/framework/src/Illuminate/Database/Console/Migrations/MigrateCommand.php(111): Illuminate\\Database\\Migrations\\Migrator->usingConnection()
#19 /workspaces/lamastudio-website/lamaStudio-sms/vendor/laravel/framework/src/Illuminate/Database/Console/Migrations/MigrateCommand.php(90): Illuminate\\Database\\Console\\Migrations\\MigrateCommand->runMigrations()
#20 /workspaces/lamastudio-website/lamaStudio-sms/vendor/laravel/framework/src/Illuminate/Container/BoundMethod.php(36): Illuminate\\Database\\Console\\Migrations\\MigrateCommand->handle()
#21 /workspaces/lamastudio-website/lamaStudio-sms/vendor/laravel/framework/src/Illuminate/Container/Util.php(43): Illuminate\\Container\\BoundMethod::{closure:Illuminate\\Container\\BoundMethod::call():35}()
#22 /workspaces/lamastudio-website/lamaStudio-sms/vendor/laravel/framework/src/Illuminate/Container/BoundMethod.php(96): Illuminate\\Container\\Util::unwrapIfClosure()
#23 /workspaces/lamastudio-website/lamaStudio-sms/vendor/laravel/framework/src/Illuminate/Container/BoundMethod.php(35): Illuminate\\Container\\BoundMethod::callBoundMethod()
#24 /workspaces/lamastudio-website/lamaStudio-sms/vendor/laravel/framework/src/Illuminate/Container/Container.php(800): Illuminate\\Container\\BoundMethod::call()
#25 /workspaces/lamastudio-website/lamaStudio-sms/vendor/laravel/framework/src/Illuminate/Console/Command.php(280): Illuminate\\Container\\Container->call()
#26 /workspaces/lamastudio-website/lamaStudio-sms/vendor/symfony/console/Command/Command.php(284): Illuminate\\Console\\Command->execute()
#27 /workspaces/lamastudio-website/lamaStudio-sms/vendor/laravel/framework/src/Illuminate/Console/Command.php(249): Symfony\\Component\\Console\\Command\\Command->run()
#28 /workspaces/lamastudio-website/lamaStudio-sms/vendor/symfony/console/Application.php(1144): Illuminate\\Console\\Command->run()
#29 /workspaces/lamastudio-website/lamaStudio-sms/vendor/symfony/console/Application.php(379): Symfony\\Component\\Console\\Application->doRunCommand()
#30 /workspaces/lamastudio-website/lamaStudio-sms/vendor/symfony/console/Application.php(218): Symfony\\Component\\Console\\Application->doRun()
#31 /workspaces/lamastudio-website/lamaStudio-sms/vendor/laravel/framework/src/Illuminate/Foundation/Console/Kernel.php(198): Symfony\\Component\\Console\\Application->run()
#32 /workspaces/lamastudio-website/lamaStudio-sms/vendor/laravel/framework/src/Illuminate/Foundation/Application.php(1242): Illuminate\\Foundation\\Console\\Kernel->handle()
#33 /workspaces/lamastudio-website/lamaStudio-sms/artisan(16): Illuminate\\Foundation\\Application->handleCommand()
#34 {main}

[previous exception] [object] (PDOException(code: HY000): SQLSTATE[HY000]: General error: 1 table \"students\" already exists at /workspaces/lamastudio-website/lamaStudio-sms/vendor/laravel/framework/src/Illuminate/Database/Connection.php:595)
[stacktrace]
#0 /workspaces/lamastudio-website/lamaStudio-sms/vendor/laravel/framework/src/Illuminate/Database/Connection.php(595): PDO->prepare()
#1 /workspaces/lamastudio-website/lamaStudio-sms/vendor/laravel/framework/src/Illuminate/Database/Connection.php(846): Illuminate\\Database\\Connection->{closure:Illuminate\\Database\\Connection::statement():590}()
#2 /workspaces/lamastudio-website/lamaStudio-sms/vendor/laravel/framework/src/Illuminate/Database/Connection.php(813): Illuminate\\Database\\Connection->runQueryCallback()
#3 /workspaces/lamastudio-website/lamaStudio-sms/vendor/laravel/framework/src/Illuminate/Database/Connection.php(590): Illuminate\\Database\\Connection->run()
#4 /workspaces/lamastudio-website/lamaStudio-sms/vendor/laravel/framework/src/Illuminate/Database/Schema/Blueprint.php(122): Illuminate\\Database\\Connection->statement()
#5 /workspaces/lamastudio-website/lamaStudio-sms/vendor/laravel/framework/src/Illuminate/Database/Schema/Builder.php(702): Illuminate\\Database\\Schema\\Blueprint->build()
#6 /workspaces/lamastudio-website/lamaStudio-sms/vendor/laravel/framework/src/Illuminate/Database/Schema/Builder.php(520): Illuminate\\Database\\Schema\\Builder->build()
#7 /workspaces/lamastudio-website/lamaStudio-sms/vendor/laravel/framework/src/Illuminate/Support/Facades/Facade.php(364): Illuminate\\Database\\Schema\\Builder->create()
#8 /workspaces/lamastudio-website/lamaStudio-sms/database/migrations/2026_08_03_113036_create_students_table.php(1): Illuminate\\Support\\Facades\\Facade::__callStatic()
#9 /workspaces/lamastudio-website/lamaStudio-sms/vendor/laravel/framework/src/Illuminate/Database/Migrations/Migrator.php(517): Illuminate\\Database\\Migrations\\Migration@anonymous->up()
#10 /workspaces/lamastudio-website/lamaStudio-sms/vendor/laravel/framework/src/Illuminate/Database/Migrations/Migrator.php(442): Illuminate\\Database\\Migrations\\Migrator->runMethod()
#11 /workspaces/lamastudio-website/lamaStudio-sms/vendor/laravel/framework/src/Illuminate/Database/Migrations/Migrator.php(451): Illuminate\\Database\\Migrations\\Migrator->{closure:Illuminate\\Database\\Migrations\\Migrator::runMigration():438}()
#12 /workspaces/lamastudio-website/lamaStudio-sms/vendor/laravel/framework/src/Illuminate/Database/Migrations/Migrator.php(253): Illuminate\\Database\\Migrations\\Migrator->runMigration()
#13 /workspaces/lamastudio-website/lamaStudio-sms/vendor/laravel/framework/src/Illuminate/Console/View/Components/Task.php(43): Illuminate\\Database\\Migrations\\Migrator->{closure:Illuminate\\Database\\Migrations\\Migrator::runUp():253}()
#14 /workspaces/lamastudio-website/lamaStudio-sms/vendor/laravel/framework/src/Illuminate/Database/Migrations/Migrator.php(853): Illuminate\\Console\\View\\Components\\Task->render()
#15 /workspaces/lamastudio-website/lamaStudio-sms/vendor/laravel/framework/src/Illuminate/Database/Migrations/Migrator.php(253): Illuminate\\Database\\Migrations\\Migrator->write()
#16 /workspaces/lamastudio-website/lamaStudio-sms/vendor/laravel/framework/src/Illuminate/Database/Migrations/Migrator.php(211): Illuminate\\Database\\Migrations\\Migrator->runUp()
#17 /workspaces/lamastudio-website/lamaStudio-sms/vendor/laravel/framework/src/Illuminate/Database/Migrations/Migrator.php(138): Illuminate\\Database\\Migrations\\Migrator->runPending()
#18 /workspaces/lamastudio-website/lamaStudio-sms/vendor/laravel/framework/src/Illuminate/Database/Console/Migrations/MigrateCommand.php(118): Illuminate\\Database\\Migrations\\Migrator->run()
#19 /workspaces/lamastudio-website/lamaStudio-sms/vendor/laravel/framework/src/Illuminate/Database/Migrations/Migrator.php(672): Illuminate\\Database\\Console\\Migrations\\MigrateCommand->{closure:Illuminate\\Database\\Console\\Migrations\\MigrateCommand::runMigrations():111}()
#20 /workspaces/lamastudio-website/lamaStudio-sms/vendor/laravel/framework/src/Illuminate/Database/Console/Migrations/MigrateCommand.php(111): Illuminate\\Database\\Migrations\\Migrator->usingConnection()
#21 /workspaces/lamastudio-website/lamaStudio-sms/vendor/laravel/framework/src/Illuminate/Database/Console/Migrations/MigrateCommand.php(90): Illuminate\\Database\\Console\\Migrations\\MigrateCommand->runMigrations()
#22 /workspaces/lamastudio-website/lamaStudio-sms/vendor/laravel/framework/src/Illuminate/Container/BoundMethod.php(36): Illuminate\\Database\\Console\\Migrations\\MigrateCommand->handle()
#23 /workspaces/lamastudio-website/lamaStudio-sms/vendor/laravel/framework/src/Illuminate/Container/Util.php(43): Illuminate\\Container\\BoundMethod::{closure:Illuminate\\Container\\BoundMethod::call():35}()
#24 /workspaces/lamastudio-website/lamaStudio-sms/vendor/laravel/framework/src/Illuminate/Container/BoundMethod.php(96): Illuminate\\Container\\Util::unwrapIfClosure()
#25 /workspaces/lamastudio-website/lamaStudio-sms/vendor/laravel/framework/src/Illuminate/Container/BoundMethod.php(35): Illuminate\\Container\\BoundMethod::callBoundMethod()
#26 /workspaces/lamastudio-website/lamaStudio-sms/vendor/laravel/framework/src/Illuminate/Container/Container.php(800): Illuminate\\Container\\BoundMethod::call()
#27 /workspaces/lamastudio-website/lamaStudio-sms/vendor/laravel/framework/src/Illuminate/Console/Command.php(280): Illuminate\\Container\\Container->call()
#28 /workspaces/lamastudio-website/lamaStudio-sms/vendor/symfony/console/Command/Command.php(284): Illuminate\\Console\\Command->execute()
#29 /workspaces/lamastudio-website/lamaStudio-sms/vendor/laravel/framework/src/Illuminate/Console/Command.php(249): Symfony\\Component\\Console\\Command\\Command->run()
#30 /workspaces/lamastudio-website/lamaStudio-sms/vendor/symfony/console/Application.php(1144): Illuminate\\Console\\Command->run()
#31 /workspaces/lamastudio-website/lamaStudio-sms/vendor/symfony/console/Application.php(379): Symfony\\Component\\Console\\Application->doRunCommand()
#32 /workspaces/lamastudio-website/lamaStudio-sms/vendor/symfony/console/Application.php(218): Symfony\\Component\\Console\\Application->doRun()
#33 /workspaces/lamastudio-website/lamaStudio-sms/vendor/laravel/framework/src/Illuminate/Foundation/Console/Kernel.php(198): Symfony\\Component\\Console\\Application->run()
#34 /workspaces/lamastudio-website/lamaStudio-sms/vendor/laravel/framework/src/Illuminate/Foundation/Application.php(1242): Illuminate\\Foundation\\Console\\Kernel->handle()
#35 /workspaces/lamastudio-website/lamaStudio-sms/artisan(16): Illuminate\\Foundation\\Application->handleCommand()
#36 {main}
"} 
[2026-08-03 11:34:25] local.ERROR: SQLSTATE[HY000]: General error: 1 table "students" already exists (Connection: sqlite, Database: /workspaces/lamastudio-website/lamaStudio-sms/database/database.sqlite, SQL: create table "students" ("id" integer primary key autoincrement not null, "name" varchar not null, "email" varchar not null, "class_room" varchar not null, "created_at" datetime, "updated_at" datetime)) {"exception":"[object] (Illuminate\\Database\\QueryException(code: HY000): SQLSTATE[HY000]: General error: 1 table \"students\" already exists (Connection: sqlite, Database: /workspaces/lamastudio-website/lamaStudio-sms/database/database.sqlite, SQL: create table \"students\" (\"id\" integer primary key autoincrement not null, \"name\" varchar not null, \"email\" varchar not null, \"class_room\" varchar not null, \"created_at\" datetime, \"updated_at\" datetime)) at /workspaces/lamastudio-website/lamaStudio-sms/vendor/laravel/framework/src/Illuminate/Database/Connection.php:857)
[stacktrace]
#0 /workspaces/lamastudio-website/lamaStudio-sms/vendor/laravel/framework/src/Illuminate/Database/Connection.php(813): Illuminate\\Database\\Connection->runQueryCallback()
#1 /workspaces/lamastudio-website/lamaStudio-sms/vendor/laravel/framework/src/Illuminate/Database/Connection.php(590): Illuminate\\Database\\Connection->run()
#2 /workspaces/lamastudio-website/lamaStudio-sms/vendor/laravel/framework/src/Illuminate/Database/Schema/Blueprint.php(122): Illuminate\\Database\\Connection->statement()
#3 /workspaces/lamastudio-website/lamaStudio-sms/vendor/laravel/framework/src/Illuminate/Database/Schema/Builder.php(702): Illuminate\\Database\\Schema\\Blueprint->build()
#4 /workspaces/lamastudio-website/lamaStudio-sms/vendor/laravel/framework/src/Illuminate/Database/Schema/Builder.php(520): Illuminate\\Database\\Schema\\Builder->build()
#5 /workspaces/lamastudio-website/lamaStudio-sms/vendor/laravel/framework/src/Illuminate/Support/Facades/Facade.php(364): Illuminate\\Database\\Schema\\Builder->create()
#6 /workspaces/lamastudio-website/lamaStudio-sms/database/migrations/2026_08_03_113036_create_students_table.php(1): Illuminate\\Support\\Facades\\Facade::__callStatic()
#7 /workspaces/lamastudio-website/lamaStudio-sms/vendor/laravel/framework/src/Illuminate/Database/Migrations/Migrator.php(517): Illuminate\\Database\\Migrations\\Migration@anonymous->up()
#8 /workspaces/lamastudio-website/lamaStudio-sms/vendor/laravel/framework/src/Illuminate/Database/Migrations/Migrator.php(442): Illuminate\\Database\\Migrations\\Migrator->runMethod()
#9 /workspaces/lamastudio-website/lamaStudio-sms/vendor/laravel/framework/src/Illuminate/Database/Migrations/Migrator.php(451): Illuminate\\Database\\Migrations\\Migrator->{closure:Illuminate\\Database\\Migrations\\Migrator::runMigration():438}()
#10 /workspaces/lamastudio-website/lamaStudio-sms/vendor/laravel/framework/src/Illuminate/Database/Migrations/Migrator.php(253): Illuminate\\Database\\Migrations\\Migrator->runMigration()
#11 /workspaces/lamastudio-website/lamaStudio-sms/vendor/laravel/framework/src/Illuminate/Console/View/Components/Task.php(43): Illuminate\\Database\\Migrations\\Migrator->{closure:Illuminate\\Database\\Migrations\\Migrator::runUp():253}()
#12 /workspaces/lamastudio-website/lamaStudio-sms/vendor/laravel/framework/src/Illuminate/Database/Migrations/Migrator.php(853): Illuminate\\Console\\View\\Components\\Task->render()
#13 /workspaces/lamastudio-website/lamaStudio-sms/vendor/laravel/framework/src/Illuminate/Database/Migrations/Migrator.php(253): Illuminate\\Database\\Migrations\\Migrator->write()
#14 /workspaces/lamastudio-website/lamaStudio-sms/vendor/laravel/framework/src/Illuminate/Database/Migrations/Migrator.php(211): Illuminate\\Database\\Migrations\\Migrator->runUp()
#15 /workspaces/lamastudio-website/lamaStudio-sms/vendor/laravel/framework/src/Illuminate/Database/Migrations/Migrator.php(138): Illuminate\\Database\\Migrations\\Migrator->runPending()
#16 /workspaces/lamastudio-website/lamaStudio-sms/vendor/laravel/framework/src/Illuminate/Database/Console/Migrations/MigrateCommand.php(118): Illuminate\\Database\\Migrations\\Migrator->run()
#17 /workspaces/lamastudio-website/lamaStudio-sms/vendor/laravel/framework/src/Illuminate/Database/Migrations/Migrator.php(672): Illuminate\\Database\\Console\\Migrations\\MigrateCommand->{closure:Illuminate\\Database\\Console\\Migrations\\MigrateCommand::runMigrations():111}()
#18 /workspaces/lamastudio-website/lamaStudio-sms/vendor/laravel/framework/src/Illuminate/Database/Console/Migrations/MigrateCommand.php(111): Illuminate\\Database\\Migrations\\Migrator->usingConnection()
#19 /workspaces/lamastudio-website/lamaStudio-sms/vendor/laravel/framework/src/Illuminate/Database/Console/Migrations/MigrateCommand.php(90): Illuminate\\Database\\Console\\Migrations\\MigrateCommand->runMigrations()
#20 /workspaces/lamastudio-website/lamaStudio-sms/vendor/laravel/framework/src/Illuminate/Container/BoundMethod.php(36): Illuminate\\Database\\Console\\Migrations\\MigrateCommand->handle()
#21 /workspaces/lamastudio-website/lamaStudio-sms/vendor/laravel/framework/src/Illuminate/Container/Util.php(43): Illuminate\\Container\\BoundMethod::{closure:Illuminate\\Container\\BoundMethod::call():35}()
#22 /workspaces/lamastudio-website/lamaStudio-sms/vendor/laravel/framework/src/Illuminate/Container/BoundMethod.php(96): Illuminate\\Container\\Util::unwrapIfClosure()
#23 /workspaces/lamastudio-website/lamaStudio-sms/vendor/laravel/framework/src/Illuminate/Container/BoundMethod.php(35): Illuminate\\Container\\BoundMethod::callBoundMethod()
#24 /workspaces/lamastudio-website/lamaStudio-sms/vendor/laravel/framework/src/Illuminate/Container/Container.php(800): Illuminate\\Container\\BoundMethod::call()
#25 /workspaces/lamastudio-website/lamaStudio-sms/vendor/laravel/framework/src/Illuminate/Console/Command.php(280): Illuminate\\Container\\Container->call()
#26 /workspaces/lamastudio-website/lamaStudio-sms/vendor/symfony/console/Command/Command.php(284): Illuminate\\Console\\Command->execute()
#27 /workspaces/lamastudio-website/lamaStudio-sms/vendor/laravel/framework/src/Illuminate/Console/Command.php(249): Symfony\\Component\\Console\\Command\\Command->run()
#28 /workspaces/lamastudio-website/lamaStudio-sms/vendor/laravel/framework/src/Illuminate/Console/Concerns/CallsCommands.php(68): Illuminate\\Console\\Command->run()
#29 /workspaces/lamastudio-website/lamaStudio-sms/vendor/laravel/framework/src/Illuminate/Console/Concerns/CallsCommands.php(29): Illuminate\\Console\\Command->runCommand()
#30 /workspaces/lamastudio-website/lamaStudio-sms/vendor/laravel/framework/src/Illuminate/Database/Console/Migrations/FreshCommand.php(88): Illuminate\\Console\\Command->call()
#31 /workspaces/lamastudio-website/lamaStudio-sms/vendor/laravel/framework/src/Illuminate/Container/BoundMethod.php(36): Illuminate\\Database\\Console\\Migrations\\FreshCommand->handle()
#32 /workspaces/lamastudio-website/lamaStudio-sms/vendor/laravel/framework/src/Illuminate/Container/Util.php(43): Illuminate\\Container\\BoundMethod::{closure:Illuminate\\Container\\BoundMethod::call():35}()
#33 /workspaces/lamastudio-website/lamaStudio-sms/vendor/laravel/framework/src/Illuminate/Container/BoundMethod.php(96): Illuminate\\Container\\Util::unwrapIfClosure()
#34 /workspaces/lamastudio-website/lamaStudio-sms/vendor/laravel/framework/src/Illuminate/Container/BoundMethod.php(35): Illuminate\\Container\\BoundMethod::callBoundMethod()
#35 /workspaces/lamastudio-website/lamaStudio-sms/vendor/laravel/framework/src/Illuminate/Container/Container.php(800): Illuminate\\Container\\BoundMethod::call()
#36 /workspaces/lamastudio-website/lamaStudio-sms/vendor/laravel/framework/src/Illuminate/Console/Command.php(280): Illuminate\\Container\\Container->call()
#37 /workspaces/lamastudio-website/lamaStudio-sms/vendor/symfony/console/Command/Command.php(284): Illuminate\\Console\\Command->execute()
#38 /workspaces/lamastudio-website/lamaStudio-sms/vendor/laravel/framework/src/Illuminate/Console/Command.php(249): Symfony\\Component\\Console\\Command\\Command->run()
#39 /workspaces/lamastudio-website/lamaStudio-sms/vendor/symfony/console/Application.php(1144): Illuminate\\Console\\Command->run()
#40 /workspaces/lamastudio-website/lamaStudio-sms/vendor/symfony/console/Application.php(379): Symfony\\Component\\Console\\Application->doRunCommand()
#41 /workspaces/lamastudio-website/lamaStudio-sms/vendor/symfony/console/Application.php(218): Symfony\\Component\\Console\\Application->doRun()
#42 /workspaces/lamastudio-website/lamaStudio-sms/vendor/laravel/framework/src/Illuminate/Foundation/Console/Kernel.php(198): Symfony\\Component\\Console\\Application->run()
#43 /workspaces/lamastudio-website/lamaStudio-sms/vendor/laravel/framework/src/Illuminate/Foundation/Application.php(1242): Illuminate\\Foundation\\Console\\Kernel->handle()
#44 /workspaces/lamastudio-website/lamaStudio-sms/artisan(16): Illuminate\\Foundation\\Application->handleCommand()
#45 {main}

[previous exception] [object] (PDOException(code: HY000): SQLSTATE[HY000]: General error: 1 table \"students\" already exists at /workspaces/lamastudio-website/lamaStudio-sms/vendor/laravel/framework/src/Illuminate/Database/Connection.php:595)
[stacktrace]
#0 /workspaces/lamastudio-website/lamaStudio-sms/vendor/laravel/framework/src/Illuminate/Database/Connection.php(595): PDO->prepare()
#1 /workspaces/lamastudio-website/lamaStudio-sms/vendor/laravel/framework/src/Illuminate/Database/Connection.php(846): Illuminate\\Database\\Connection->{closure:Illuminate\\Database\\Connection::statement():590}()
#2 /workspaces/lamastudio-website/lamaStudio-sms/vendor/laravel/framework/src/Illuminate/Database/Connection.php(813): Illuminate\\Database\\Connection->runQueryCallback()
#3 /workspaces/lamastudio-website/lamaStudio-sms/vendor/laravel/framework/src/Illuminate/Database/Connection.php(590): Illuminate\\Database\\Connection->run()
#4 /workspaces/lamastudio-website/lamaStudio-sms/vendor/laravel/framework/src/Illuminate/Database/Schema/Blueprint.php(122): Illuminate\\Database\\Connection->statement()
#5 /workspaces/lamastudio-website/lamaStudio-sms/vendor/laravel/framework/src/Illuminate/Database/Schema/Builder.php(702): Illuminate\\Database\\Schema\\Blueprint->build()
#6 /workspaces/lamastudio-website/lamaStudio-sms/vendor/laravel/framework/src/Illuminate/Database/Schema/Builder.php(520): Illuminate\\Database\\Schema\\Builder->build()
#7 /workspaces/lamastudio-website/lamaStudio-sms/vendor/laravel/framework/src/Illuminate/Support/Facades/Facade.php(364): Illuminate\\Database\\Schema\\Builder->create()
#8 /workspaces/lamastudio-website/lamaStudio-sms/database/migrations/2026_08_03_113036_create_students_table.php(1): Illuminate\\Support\\Facades\\Facade::__callStatic()
#9 /workspaces/lamastudio-website/lamaStudio-sms/vendor/laravel/framework/src/Illuminate/Database/Migrations/Migrator.php(517): Illuminate\\Database\\Migrations\\Migration@anonymous->up()
#10 /workspaces/lamastudio-website/lamaStudio-sms/vendor/laravel/framework/src/Illuminate/Database/Migrations/Migrator.php(442): Illuminate\\Database\\Migrations\\Migrator->runMethod()
#11 /workspaces/lamastudio-website/lamaStudio-sms/vendor/laravel/framework/src/Illuminate/Database/Migrations/Migrator.php(451): Illuminate\\Database\\Migrations\\Migrator->{closure:Illuminate\\Database\\Migrations\\Migrator::runMigration():438}()
#12 /workspaces/lamastudio-website/lamaStudio-sms/vendor/laravel/framework/src/Illuminate/Database/Migrations/Migrator.php(253): Illuminate\\Database\\Migrations\\Migrator->runMigration()
#13 /workspaces/lamastudio-website/lamaStudio-sms/vendor/laravel/framework/src/Illuminate/Console/View/Components/Task.php(43): Illuminate\\Database\\Migrations\\Migrator->{closure:Illuminate\\Database\\Migrations\\Migrator::runUp():253}()
#14 /workspaces/lamastudio-website/lamaStudio-sms/vendor/laravel/framework/src/Illuminate/Database/Migrations/Migrator.php(853): Illuminate\\Console\\View\\Components\\Task->render()
#15 /workspaces/lamastudio-website/lamaStudio-sms/vendor/laravel/framework/src/Illuminate/Database/Migrations/Migrator.php(253): Illuminate\\Database\\Migrations\\Migrator->write()
#16 /workspaces/lamastudio-website/lamaStudio-sms/vendor/laravel/framework/src/Illuminate/Database/Migrations/Migrator.php(211): Illuminate\\Database\\Migrations\\Migrator->runUp()
#17 /workspaces/lamastudio-website/lamaStudio-sms/vendor/laravel/framework/src/Illuminate/Database/Migrations/Migrator.php(138): Illuminate\\Database\\Migrations\\Migrator->runPending()
#18 /workspaces/lamastudio-website/lamaStudio-sms/vendor/laravel/framework/src/Illuminate/Database/Console/Migrations/MigrateCommand.php(118): Illuminate\\Database\\Migrations\\Migrator->run()
#19 /workspaces/lamastudio-website/lamaStudio-sms/vendor/laravel/framework/src/Illuminate/Database/Migrations/Migrator.php(672): Illuminate\\Database\\Console\\Migrations\\MigrateCommand->{closure:Illuminate\\Database\\Console\\Migrations\\MigrateCommand::runMigrations():111}()
#20 /workspaces/lamastudio-website/lamaStudio-sms/vendor/laravel/framework/src/Illuminate/Database/Console/Migrations/MigrateCommand.php(111): Illuminate\\Database\\Migrations\\Migrator->usingConnection()
#21 /workspaces/lamastudio-website/lamaStudio-sms/vendor/laravel/framework/src/Illuminate/Database/Console/Migrations/MigrateCommand.php(90): Illuminate\\Database\\Console\\Migrations\\MigrateCommand->runMigrations()
#22 /workspaces/lamastudio-website/lamaStudio-sms/vendor/laravel/framework/src/Illuminate/Container/BoundMethod.php(36): Illuminate\\Database\\Console\\Migrations\\MigrateCommand->handle()
#23 /workspaces/lamastudio-website/lamaStudio-sms/vendor/laravel/framework/src/Illuminate/Container/Util.php(43): Illuminate\\Container\\BoundMethod::{closure:Illuminate\\Container\\BoundMethod::call():35}()
#24 /workspaces/lamastudio-website/lamaStudio-sms/vendor/laravel/framework/src/Illuminate/Container/BoundMethod.php(96): Illuminate\\Container\\Util::unwrapIfClosure()
#25 /workspaces/lamastudio-website/lamaStudio-sms/vendor/laravel/framework/src/Illuminate/Container/BoundMethod.php(35): Illuminate\\Container\\BoundMethod::callBoundMethod()
#26 /workspaces/lamastudio-website/lamaStudio-sms/vendor/laravel/framework/src/Illuminate/Container/Container.php(800): Illuminate\\Container\\BoundMethod::call()
#27 /workspaces/lamastudio-website/lamaStudio-sms/vendor/laravel/framework/src/Illuminate/Console/Command.php(280): Illuminate\\Container\\Container->call()
#28 /workspaces/lamastudio-website/lamaStudio-sms/vendor/symfony/console/Command/Command.php(284): Illuminate\\Console\\Command->execute()
#29 /workspaces/lamastudio-website/lamaStudio-sms/vendor/laravel/framework/src/Illuminate/Console/Command.php(249): Symfony\\Component\\Console\\Command\\Command->run()
#30 /workspaces/lamastudio-website/lamaStudio-sms/vendor/laravel/framework/src/Illuminate/Console/Concerns/CallsCommands.php(68): Illuminate\\Console\\Command->run()
#31 /workspaces/lamastudio-website/lamaStudio-sms/vendor/laravel/framework/src/Illuminate/Console/Concerns/CallsCommands.php(29): Illuminate\\Console\\Command->runCommand()
#32 /workspaces/lamastudio-website/lamaStudio-sms/vendor/laravel/framework/src/Illuminate/Database/Console/Migrations/FreshCommand.php(88): Illuminate\\Console\\Command->call()
#33 /workspaces/lamastudio-website/lamaStudio-sms/vendor/laravel/framework/src/Illuminate/Container/BoundMethod.php(36): Illuminate\\Database\\Console\\Migrations\\FreshCommand->handle()
#34 /workspaces/lamastudio-website/lamaStudio-sms/vendor/laravel/framework/src/Illuminate/Container/Util.php(43): Illuminate\\Container\\BoundMethod::{closure:Illuminate\\Container\\BoundMethod::call():35}()
#35 /workspaces/lamastudio-website/lamaStudio-sms/vendor/laravel/framework/src/Illuminate/Container/BoundMethod.php(96): Illuminate\\Container\\Util::unwrapIfClosure()
#36 /workspaces/lamastudio-website/lamaStudio-sms/vendor/laravel/framework/src/Illuminate/Container/BoundMethod.php(35): Illuminate\\Container\\BoundMethod::callBoundMethod()
#37 /workspaces/lamastudio-website/lamaStudio-sms/vendor/laravel/framework/src/Illuminate/Container/Container.php(800): Illuminate\\Container\\BoundMethod::call()
#38 /workspaces/lamastudio-website/lamaStudio-sms/vendor/laravel/framework/src/Illuminate/Console/Command.php(280): Illuminate\\Container\\Container->call()
#39 /workspaces/lamastudio-website/lamaStudio-sms/vendor/symfony/console/Command/Command.php(284): Illuminate\\Console\\Command->execute()
#40 /workspaces/lamastudio-website/lamaStudio-sms/vendor/laravel/framework/src/Illuminate/Console/Command.php(249): Symfony\\Component\\Console\\Command\\Command->run()
#41 /workspaces/lamastudio-website/lamaStudio-sms/vendor/symfony/console/Application.php(1144): Illuminate\\Console\\Command->run()
#42 /workspaces/lamastudio-website/lamaStudio-sms/vendor/symfony/console/Application.php(379): Symfony\\Component\\Console\\Application->doRunCommand()
#43 /workspaces/lamastudio-website/lamaStudio-sms/vendor/symfony/console/Application.php(218): Symfony\\Component\\Console\\Application->doRun()
#44 /workspaces/lamastudio-website/lamaStudio-sms/vendor/laravel/framework/src/Illuminate/Foundation/Console/Kernel.php(198): Symfony\\Component\\Console\\Application->run()
#45 /workspaces/lamastudio-website/lamaStudio-sms/vendor/laravel/framework/src/Illuminate/Foundation/Application.php(1242): Illuminate\\Foundation\\Console\\Kernel->handle()
#46 /workspaces/lamastudio-website/lamaStudio-sms/artisan(16): Illuminate\\Foundation\\Application->handleCommand()
#47 {main}
"} 
[2026-08-03 11:35:02] local.ERROR: SQLSTATE[HY000]: General error: 1 table users has no column named email_verified_at (Connection: sqlite, Database: /workspaces/lamastudio-website/lamaStudio-sms/database/database.sqlite, SQL: insert into "users" ("name", "email", "email_verified_at", "password", "remember_token", "updated_at", "created_at") values (Test User, test@example.com, 2026-08-03 11:35:02, $2y$12$Z30h/BdbiGeh5YrWw7VUheRGcGPKBk4cd6CbtVWb8Aj85cUd1wCgC, 1pfiprPJRN, 2026-08-03 11:35:02, 2026-08-03 11:35:02)) {"exception":"[object] (Illuminate\\Database\\QueryException(code: HY000): SQLSTATE[HY000]: General error: 1 table users has no column named email_verified_at (Connection: sqlite, Database: /workspaces/lamastudio-website/lamaStudio-sms/database/database.sqlite, SQL: insert into \"users\" (\"name\", \"email\", \"email_verified_at\", \"password\", \"remember_token\", \"updated_at\", \"created_at\") values (Test User, test@example.com, 2026-08-03 11:35:02, $2y$12$Z30h/BdbiGeh5YrWw7VUheRGcGPKBk4cd6CbtVWb8Aj85cUd1wCgC, 1pfiprPJRN, 2026-08-03 11:35:02, 2026-08-03 11:35:02)) at /workspaces/lamastudio-website/lamaStudio-sms/vendor/laravel/framework/src/Illuminate/Database/Connection.php:857)
[stacktrace]
#0 /workspaces/lamastudio-website/lamaStudio-sms/vendor/laravel/framework/src/Illuminate/Database/Connection.php(813): Illuminate\\Database\\Connection->runQueryCallback()
#1 /workspaces/lamastudio-website/lamaStudio-sms/vendor/laravel/framework/src/Illuminate/Database/Connection.php(590): Illuminate\\Database\\Connection->run()
#2 /workspaces/lamastudio-website/lamaStudio-sms/vendor/laravel/framework/src/Illuminate/Database/Connection.php(554): Illuminate\\Database\\Connection->statement()
#3 /workspaces/lamastudio-website/lamaStudio-sms/vendor/laravel/framework/src/Illuminate/Database/Query/Processors/Processor.php(32): Illuminate\\Database\\Connection->insert()
#4 /workspaces/lamastudio-website/lamaStudio-sms/vendor/laravel/framework/src/Illuminate/Database/Query/Builder.php(4258): Illuminate\\Database\\Query\\Processors\\Processor->processInsertGetId()
#5 /workspaces/lamastudio-website/lamaStudio-sms/vendor/laravel/framework/src/Illuminate/Database/Eloquent/Builder.php(2271): Illuminate\\Database\\Query\\Builder->insertGetId()
#6 /workspaces/lamastudio-website/lamaStudio-sms/vendor/laravel/framework/src/Illuminate/Database/Eloquent/Model.php(1685): Illuminate\\Database\\Eloquent\\Builder->__call()
#7 /workspaces/lamastudio-website/lamaStudio-sms/vendor/laravel/framework/src/Illuminate/Database/Eloquent/Model.php(1601): Illuminate\\Database\\Eloquent\\Model->insertAndSetId()
#8 /workspaces/lamastudio-website/lamaStudio-sms/vendor/laravel/framework/src/Illuminate/Database/Eloquent/Model.php(1405): Illuminate\\Database\\Eloquent\\Model->performInsert()
#9 /workspaces/lamastudio-website/lamaStudio-sms/vendor/laravel/framework/src/Illuminate/Database/Eloquent/Factories/Factory.php(379): Illuminate\\Database\\Eloquent\\Model->save()
#10 /workspaces/lamastudio-website/lamaStudio-sms/vendor/laravel/framework/src/Illuminate/Collections/Traits/EnumeratesValues.php(275): Illuminate\\Database\\Eloquent\\Factories\\Factory->{closure:Illuminate\\Database\\Eloquent\\Factories\\Factory::store():374}()
#11 /workspaces/lamastudio-website/lamaStudio-sms/vendor/laravel/framework/src/Illuminate/Database/Eloquent/Factories/Factory.php(374): Illuminate\\Support\\Collection->each()
#12 /workspaces/lamastudio-website/lamaStudio-sms/vendor/laravel/framework/src/Illuminate/Database/Eloquent/Factories/Factory.php(330): Illuminate\\Database\\Eloquent\\Factories\\Factory->store()
#13 /workspaces/lamastudio-website/lamaStudio-sms/vendor/laravel/framework/src/Illuminate/Database/Eloquent/Factories/Factory.php(324): Illuminate\\Database\\Eloquent\\Factories\\Factory->create()
#14 /workspaces/lamastudio-website/lamaStudio-sms/database/seeders/DatabaseSeeder.php(20): Illuminate\\Database\\Eloquent\\Factories\\Factory->create()
#15 /workspaces/lamastudio-website/lamaStudio-sms/vendor/laravel/framework/src/Illuminate/Container/BoundMethod.php(36): Database\\Seeders\\DatabaseSeeder->run()
#16 /workspaces/lamastudio-website/lamaStudio-sms/vendor/laravel/framework/src/Illuminate/Container/Util.php(43): Illuminate\\Container\\BoundMethod::{closure:Illuminate\\Container\\BoundMethod::call():35}()
#17 /workspaces/lamastudio-website/lamaStudio-sms/vendor/laravel/framework/src/Illuminate/Container/BoundMethod.php(96): Illuminate\\Container\\Util::unwrapIfClosure()
#18 /workspaces/lamastudio-website/lamaStudio-sms/vendor/laravel/framework/src/Illuminate/Container/BoundMethod.php(35): Illuminate\\Container\\BoundMethod::callBoundMethod()
#19 /workspaces/lamastudio-website/lamaStudio-sms/vendor/laravel/framework/src/Illuminate/Container/Container.php(800): Illuminate\\Container\\BoundMethod::call()
#20 /workspaces/lamastudio-website/lamaStudio-sms/vendor/laravel/framework/src/Illuminate/Database/Seeder.php(184): Illuminate\\Container\\Container->call()
#21 /workspaces/lamastudio-website/lamaStudio-sms/vendor/laravel/framework/src/Illuminate/Database/Eloquent/Concerns/HasEvents.php(456): Illuminate\\Database\\Seeder->{closure:Illuminate\\Database\\Seeder::__invoke():183}()
#22 /workspaces/lamastudio-website/lamaStudio-sms/vendor/laravel/framework/src/Illuminate/Database/Console/Seeds/WithoutModelEvents.php(17): Illuminate\\Database\\Eloquent\\Model::withoutEvents()
#23 /workspaces/lamastudio-website/lamaStudio-sms/vendor/laravel/framework/src/Illuminate/Database/Seeder.php(191): Database\\Seeders\\DatabaseSeeder->{closure:Illuminate\\Database\\Console\\Seeds\\WithoutModelEvents::withoutModelEvents():17}()
#24 /workspaces/lamastudio-website/lamaStudio-sms/vendor/laravel/framework/src/Illuminate/Database/Console/Seeds/SeedCommand.php(71): Illuminate\\Database\\Seeder->__invoke()
#25 /workspaces/lamastudio-website/lamaStudio-sms/vendor/laravel/framework/src/Illuminate/Database/Eloquent/Concerns/GuardsAttributes.php(185): Illuminate\\Database\\Console\\Seeds\\SeedCommand->{closure:Illuminate\\Database\\Console\\Seeds\\SeedCommand::handle():70}()
#26 /workspaces/lamastudio-website/lamaStudio-sms/vendor/laravel/framework/src/Illuminate/Database/Console/Seeds/SeedCommand.php(70): Illuminate\\Database\\Eloquent\\Model::unguarded()
#27 /workspaces/lamastudio-website/lamaStudio-sms/vendor/laravel/framework/src/Illuminate/Container/BoundMethod.php(36): Illuminate\\Database\\Console\\Seeds\\SeedCommand->handle()
#28 /workspaces/lamastudio-website/lamaStudio-sms/vendor/laravel/framework/src/Illuminate/Container/Util.php(43): Illuminate\\Container\\BoundMethod::{closure:Illuminate\\Container\\BoundMethod::call():35}()
#29 /workspaces/lamastudio-website/lamaStudio-sms/vendor/laravel/framework/src/Illuminate/Container/BoundMethod.php(96): Illuminate\\Container\\Util::unwrapIfClosure()
#30 /workspaces/lamastudio-website/lamaStudio-sms/vendor/laravel/framework/src/Illuminate/Container/BoundMethod.php(35): Illuminate\\Container\\BoundMethod::callBoundMethod()
#31 /workspaces/lamastudio-website/lamaStudio-sms/vendor/laravel/framework/src/Illuminate/Container/Container.php(800): Illuminate\\Container\\BoundMethod::call()
#32 /workspaces/lamastudio-website/lamaStudio-sms/vendor/laravel/framework/src/Illuminate/Console/Command.php(280): Illuminate\\Container\\Container->call()
#33 /workspaces/lamastudio-website/lamaStudio-sms/vendor/symfony/console/Command/Command.php(284): Illuminate\\Console\\Command->execute()
#34 /workspaces/lamastudio-website/lamaStudio-sms/vendor/laravel/framework/src/Illuminate/Console/Command.php(249): Symfony\\Component\\Console\\Command\\Command->run()
#35 /workspaces/lamastudio-website/lamaStudio-sms/vendor/laravel/framework/src/Illuminate/Console/Concerns/CallsCommands.php(68): Illuminate\\Console\\Command->run()
#36 /workspaces/lamastudio-website/lamaStudio-sms/vendor/laravel/framework/src/Illuminate/Console/Concerns/CallsCommands.php(29): Illuminate\\Console\\Command->runCommand()
#37 /workspaces/lamastudio-website/lamaStudio-sms/vendor/laravel/framework/src/Illuminate/Database/Console/Migrations/FreshCommand.php(128): Illuminate\\Console\\Command->call()
#38 /workspaces/lamastudio-website/lamaStudio-sms/vendor/laravel/framework/src/Illuminate/Database/Console/Migrations/FreshCommand.php(104): Illuminate\\Database\\Console\\Migrations\\FreshCommand->runSeeder()
#39 /workspaces/lamastudio-website/lamaStudio-sms/vendor/laravel/framework/src/Illuminate/Container/BoundMethod.php(36): Illuminate\\Database\\Console\\Migrations\\FreshCommand->handle()
#40 /workspaces/lamastudio-website/lamaStudio-sms/vendor/laravel/framework/src/Illuminate/Container/Util.php(43): Illuminate\\Container\\BoundMethod::{closure:Illuminate\\Container\\BoundMethod::call():35}()
#41 /workspaces/lamastudio-website/lamaStudio-sms/vendor/laravel/framework/src/Illuminate/Container/BoundMethod.php(96): Illuminate\\Container\\Util::unwrapIfClosure()
#42 /workspaces/lamastudio-website/lamaStudio-sms/vendor/laravel/framework/src/Illuminate/Container/BoundMethod.php(35): Illuminate\\Container\\BoundMethod::callBoundMethod()
#43 /workspaces/lamastudio-website/lamaStudio-sms/vendor/laravel/framework/src/Illuminate/Container/Container.php(800): Illuminate\\Container\\BoundMethod::call()
#44 /workspaces/lamastudio-website/lamaStudio-sms/vendor/laravel/framework/src/Illuminate/Console/Command.php(280): Illuminate\\Container\\Container->call()
#45 /workspaces/lamastudio-website/lamaStudio-sms/vendor/symfony/console/Command/Command.php(284): Illuminate\\Console\\Command->execute()
#46 /workspaces/lamastudio-website/lamaStudio-sms/vendor/laravel/framework/src/Illuminate/Console/Command.php(249): Symfony\\Component\\Console\\Command\\Command->run()
#47 /workspaces/lamastudio-website/lamaStudio-sms/vendor/symfony/console/Application.php(1144): Illuminate\\Console\\Command->run()
#48 /workspaces/lamastudio-website/lamaStudio-sms/vendor/symfony/console/Application.php(379): Symfony\\Component\\Console\\Application->doRunCommand()
#49 /workspaces/lamastudio-website/lamaStudio-sms/vendor/symfony/console/Application.php(218): Symfony\\Component\\Console\\Application->doRun()
#50 /workspaces/lamastudio-website/lamaStudio-sms/vendor/laravel/framework/src/Illuminate/Foundation/Console/Kernel.php(198): Symfony\\Component\\Console\\Application->run()
#51 /workspaces/lamastudio-website/lamaStudio-sms/vendor/laravel/framework/src/Illuminate/Foundation/Application.php(1242): Illuminate\\Foundation\\Console\\Kernel->handle()
#52 /workspaces/lamastudio-website/lamaStudio-sms/artisan(16): Illuminate\\Foundation\\Application->handleCommand()
#53 {main}

[previous exception] [object] (PDOException(code: HY000): SQLSTATE[HY000]: General error: 1 table users has no column named email_verified_at at /workspaces/lamastudio-website/lamaStudio-sms/vendor/laravel/framework/src/Illuminate/Database/Connection.php:595)
[stacktrace]
#0 /workspaces/lamastudio-website/lamaStudio-sms/vendor/laravel/framework/src/Illuminate/Database/Connection.php(595): PDO->prepare()
#1 /workspaces/lamastudio-website/lamaStudio-sms/vendor/laravel/framework/src/Illuminate/Database/Connection.php(846): Illuminate\\Database\\Connection->{closure:Illuminate\\Database\\Connection::statement():590}()
#2 /workspaces/lamastudio-website/lamaStudio-sms/vendor/laravel/framework/src/Illuminate/Database/Connection.php(813): Illuminate\\Database\\Connection->runQueryCallback()
#3 /workspaces/lamastudio-website/lamaStudio-sms/vendor/laravel/framework/src/Illuminate/Database/Connection.php(590): Illuminate\\Database\\Connection->run()
#4 /workspaces/lamastudio-website/lamaStudio-sms/vendor/laravel/framework/src/Illuminate/Database/Connection.php(554): Illuminate\\Database\\Connection->statement()
#5 /workspaces/lamastudio-website/lamaStudio-sms/vendor/laravel/framework/src/Illuminate/Database/Query/Processors/Processor.php(32): Illuminate\\Database\\Connection->insert()
#6 /workspaces/lamastudio-website/lamaStudio-sms/vendor/laravel/framework/src/Illuminate/Database/Query/Builder.php(4258): Illuminate\\Database\\Query\\Processors\\Processor->processInsertGetId()
#7 /workspaces/lamastudio-website/lamaStudio-sms/vendor/laravel/framework/src/Illuminate/Database/Eloquent/Builder.php(2271): Illuminate\\Database\\Query\\Builder->insertGetId()
#8 /workspaces/lamastudio-website/lamaStudio-sms/vendor/laravel/framework/src/Illuminate/Database/Eloquent/Model.php(1685): Illuminate\\Database\\Eloquent\\Builder->__call()
#9 /workspaces/lamastudio-website/lamaStudio-sms/vendor/laravel/framework/src/Illuminate/Database/Eloquent/Model.php(1601): Illuminate\\Database\\Eloquent\\Model->insertAndSetId()
#10 /workspaces/lamastudio-website/lamaStudio-sms/vendor/laravel/framework/src/Illuminate/Database/Eloquent/Model.php(1405): Illuminate\\Database\\Eloquent\\Model->performInsert()
#11 /workspaces/lamastudio-website/lamaStudio-sms/vendor/laravel/framework/src/Illuminate/Database/Eloquent/Factories/Factory.php(379): Illuminate\\Database\\Eloquent\\Model->save()
#12 /workspaces/lamastudio-website/lamaStudio-sms/vendor/laravel/framework/src/Illuminate/Collections/Traits/EnumeratesValues.php(275): Illuminate\\Database\\Eloquent\\Factories\\Factory->{closure:Illuminate\\Database\\Eloquent\\Factories\\Factory::store():374}()
#13 /workspaces/lamastudio-website/lamaStudio-sms/vendor/laravel/framework/src/Illuminate/Database/Eloquent/Factories/Factory.php(374): Illuminate\\Support\\Collection->each()
#14 /workspaces/lamastudio-website/lamaStudio-sms/vendor/laravel/framework/src/Illuminate/Database/Eloquent/Factories/Factory.php(330): Illuminate\\Database\\Eloquent\\Factories\\Factory->store()
#15 /workspaces/lamastudio-website/lamaStudio-sms/vendor/laravel/framework/src/Illuminate/Database/Eloquent/Factories/Factory.php(324): Illuminate\\Database\\Eloquent\\Factories\\Factory->create()
#16 /workspaces/lamastudio-website/lamaStudio-sms/database/seeders/DatabaseSeeder.php(20): Illuminate\\Database\\Eloquent\\Factories\\Factory->create()
#17 /workspaces/lamastudio-website/lamaStudio-sms/vendor/laravel/framework/src/Illuminate/Container/BoundMethod.php(36): Database\\Seeders\\DatabaseSeeder->run()
#18 /workspaces/lamastudio-website/lamaStudio-sms/vendor/laravel/framework/src/Illuminate/Container/Util.php(43): Illuminate\\Container\\BoundMethod::{closure:Illuminate\\Container\\BoundMethod::call():35}()
#19 /workspaces/lamastudio-website/lamaStudio-sms/vendor/laravel/framework/src/Illuminate/Container/BoundMethod.php(96): Illuminate\\Container\\Util::unwrapIfClosure()
#20 /workspaces/lamastudio-website/lamaStudio-sms/vendor/laravel/framework/src/Illuminate/Container/BoundMethod.php(35): Illuminate\\Container\\BoundMethod::callBoundMethod()
#21 /workspaces/lamastudio-website/lamaStudio-sms/vendor/laravel/framework/src/Illuminate/Container/Container.php(800): Illuminate\\Container\\BoundMethod::call()
#22 /workspaces/lamastudio-website/lamaStudio-sms/vendor/laravel/framework/src/Illuminate/Database/Seeder.php(184): Illuminate\\Container\\Container->call()
#23 /workspaces/lamastudio-website/lamaStudio-sms/vendor/laravel/framework/src/Illuminate/Database/Eloquent/Concerns/HasEvents.php(456): Illuminate\\Database\\Seeder->{closure:Illuminate\\Database\\Seeder::__invoke():183}()
#24 /workspaces/lamastudio-website/lamaStudio-sms/vendor/laravel/framework/src/Illuminate/Database/Console/Seeds/WithoutModelEvents.php(17): Illuminate\\Database\\Eloquent\\Model::withoutEvents()
#25 /workspaces/lamastudio-website/lamaStudio-sms/vendor/laravel/framework/src/Illuminate/Database/Seeder.php(191): Database\\Seeders\\DatabaseSeeder->{closure:Illuminate\\Database\\Console\\Seeds\\WithoutModelEvents::withoutModelEvents():17}()
#26 /workspaces/lamastudio-website/lamaStudio-sms/vendor/laravel/framework/src/Illuminate/Database/Console/Seeds/SeedCommand.php(71): Illuminate\\Database\\Seeder->__invoke()
#27 /workspaces/lamastudio-website/lamaStudio-sms/vendor/laravel/framework/src/Illuminate/Database/Eloquent/Concerns/GuardsAttributes.php(185): Illuminate\\Database\\Console\\Seeds\\SeedCommand->{closure:Illuminate\\Database\\Console\\Seeds\\SeedCommand::handle():70}()
#28 /workspaces/lamastudio-website/lamaStudio-sms/vendor/laravel/framework/src/Illuminate/Database/Console/Seeds/SeedCommand.php(70): Illuminate\\Database\\Eloquent\\Model::unguarded()
#29 /workspaces/lamastudio-website/lamaStudio-sms/vendor/laravel/framework/src/Illuminate/Container/BoundMethod.php(36): Illuminate\\Database\\Console\\Seeds\\SeedCommand->handle()
#30 /workspaces/lamastudio-website/lamaStudio-sms/vendor/laravel/framework/src/Illuminate/Container/Util.php(43): Illuminate\\Container\\BoundMethod::{closure:Illuminate\\Container\\BoundMethod::call():35}()
#31 /workspaces/lamastudio-website/lamaStudio-sms/vendor/laravel/framework/src/Illuminate/Container/BoundMethod.php(96): Illuminate\\Container\\Util::unwrapIfClosure()
#32 /workspaces/lamastudio-website/lamaStudio-sms/vendor/laravel/framework/src/Illuminate/Container/BoundMethod.php(35): Illuminate\\Container\\BoundMethod::callBoundMethod()
#33 /workspaces/lamastudio-website/lamaStudio-sms/vendor/laravel/framework/src/Illuminate/Container/Container.php(800): Illuminate\\Container\\BoundMethod::call()
#34 /workspaces/lamastudio-website/lamaStudio-sms/vendor/laravel/framework/src/Illuminate/Console/Command.php(280): Illuminate\\Container\\Container->call()
#35 /workspaces/lamastudio-website/lamaStudio-sms/vendor/symfony/console/Command/Command.php(284): Illuminate\\Console\\Command->execute()
#36 /workspaces/lamastudio-website/lamaStudio-sms/vendor/laravel/framework/src/Illuminate/Console/Command.php(249): Symfony\\Component\\Console\\Command\\Command->run()
#37 /workspaces/lamastudio-website/lamaStudio-sms/vendor/laravel/framework/src/Illuminate/Console/Concerns/CallsCommands.php(68): Illuminate\\Console\\Command->run()
#38 /workspaces/lamastudio-website/lamaStudio-sms/vendor/laravel/framework/src/Illuminate/Console/Concerns/CallsCommands.php(29): Illuminate\\Console\\Command->runCommand()
#39 /workspaces/lamastudio-website/lamaStudio-sms/vendor/laravel/framework/src/Illuminate/Database/Console/Migrations/FreshCommand.php(128): Illuminate\\Console\\Command->call()
#40 /workspaces/lamastudio-website/lamaStudio-sms/vendor/laravel/framework/src/Illuminate/Database/Console/Migrations/FreshCommand.php(104): Illuminate\\Database\\Console\\Migrations\\FreshCommand->runSeeder()
#41 /workspaces/lamastudio-website/lamaStudio-sms/vendor/laravel/framework/src/Illuminate/Container/BoundMethod.php(36): Illuminate\\Database\\Console\\Migrations\\FreshCommand->handle()
#42 /workspaces/lamastudio-website/lamaStudio-sms/vendor/laravel/framework/src/Illuminate/Container/Util.php(43): Illuminate\\Container\\BoundMethod::{closure:Illuminate\\Container\\BoundMethod::call():35}()
#43 /workspaces/lamastudio-website/lamaStudio-sms/vendor/laravel/framework/src/Illuminate/Container/BoundMethod.php(96): Illuminate\\Container\\Util::unwrapIfClosure()
#44 /workspaces/lamastudio-website/lamaStudio-sms/vendor/laravel/framework/src/Illuminate/Container/BoundMethod.php(35): Illuminate\\Container\\BoundMethod::callBoundMethod()
#45 /workspaces/lamastudio-website/lamaStudio-sms/vendor/laravel/framework/src/Illuminate/Container/Container.php(800): Illuminate\\Container\\BoundMethod::call()
#46 /workspaces/lamastudio-website/lamaStudio-sms/vendor/laravel/framework/src/Illuminate/Console/Command.php(280): Illuminate\\Container\\Container->call()
#47 /workspaces/lamastudio-website/lamaStudio-sms/vendor/symfony/console/Command/Command.php(284): Illuminate\\Console\\Command->execute()
#48 /workspaces/lamastudio-website/lamaStudio-sms/vendor/laravel/framework/src/Illuminate/Console/Command.php(249): Symfony\\Component\\Console\\Command\\Command->run()
#49 /workspaces/lamastudio-website/lamaStudio-sms/vendor/symfony/console/Application.php(1144): Illuminate\\Console\\Command->run()
#50 /workspaces/lamastudio-website/lamaStudio-sms/vendor/symfony/console/Application.php(379): Symfony\\Component\\Console\\Application->doRunCommand()
#51 /workspaces/lamastudio-website/lamaStudio-sms/vendor/symfony/console/Application.php(218): Symfony\\Component\\Console\\Application->doRun()
#52 /workspaces/lamastudio-website/lamaStudio-sms/vendor/laravel/framework/src/Illuminate/Foundation/Console/Kernel.php(198): Symfony\\Component\\Console\\Application->run()
#53 /workspaces/lamastudio-website/lamaStudio-sms/vendor/laravel/framework/src/Illuminate/Foundation/Application.php(1242): Illuminate\\Foundation\\Console\\Kernel->handle()
#54 /workspaces/lamastudio-website/lamaStudio-sms/artisan(16): Illuminate\\Foundation\\Application->handleCommand()
#55 {main}
"} 
[2026-08-03 11:42:33] local.ERROR: SQLSTATE[HY000]: General error: 1 table "students" already exists (Connection: sqlite, Database: /workspaces/lamastudio-website/lamaStudio-sms/database/database.sqlite, SQL: create table "students" ("id" integer primary key autoincrement not null, "created_at" datetime, "updated_at" datetime)) {"exception":"[object] (Illuminate\\Database\\QueryException(code: HY000): SQLSTATE[HY000]: General error: 1 table \"students\" already exists (Connection: sqlite, Database: /workspaces/lamastudio-website/lamaStudio-sms/database/database.sqlite, SQL: create table \"students\" (\"id\" integer primary key autoincrement not null, \"created_at\" datetime, \"updated_at\" datetime)) at /workspaces/lamastudio-website/lamaStudio-sms/vendor/laravel/framework/src/Illuminate/Database/Connection.php:857)
[stacktrace]
#0 /workspaces/lamastudio-website/lamaStudio-sms/vendor/laravel/framework/src/Illuminate/Database/Connection.php(813): Illuminate\\Database\\Connection->runQueryCallback()
#1 /workspaces/lamastudio-website/lamaStudio-sms/vendor/laravel/framework/src/Illuminate/Database/Connection.php(590): Illuminate\\Database\\Connection->run()
#2 /workspaces/lamastudio-website/lamaStudio-sms/vendor/laravel/framework/src/Illuminate/Database/Schema/Blueprint.php(122): Illuminate\\Database\\Connection->statement()
#3 /workspaces/lamastudio-website/lamaStudio-sms/vendor/laravel/framework/src/Illuminate/Database/Schema/Builder.php(702): Illuminate\\Database\\Schema\\Blueprint->build()
#4 /workspaces/lamastudio-website/lamaStudio-sms/vendor/laravel/framework/src/Illuminate/Database/Schema/Builder.php(520): Illuminate\\Database\\Schema\\Builder->build()
#5 /workspaces/lamastudio-website/lamaStudio-sms/vendor/laravel/framework/src/Illuminate/Support/Facades/Facade.php(364): Illuminate\\Database\\Schema\\Builder->create()
#6 /workspaces/lamastudio-website/lamaStudio-sms/database/migrations/2026_08_03_114207_create_students_table.php(14): Illuminate\\Support\\Facades\\Facade::__callStatic()
#7 /workspaces/lamastudio-website/lamaStudio-sms/vendor/laravel/framework/src/Illuminate/Database/Migrations/Migrator.php(517): Illuminate\\Database\\Migrations\\Migration@anonymous->up()
#8 /workspaces/lamastudio-website/lamaStudio-sms/vendor/laravel/framework/src/Illuminate/Database/Migrations/Migrator.php(442): Illuminate\\Database\\Migrations\\Migrator->runMethod()
#9 /workspaces/lamastudio-website/lamaStudio-sms/vendor/laravel/framework/src/Illuminate/Database/Migrations/Migrator.php(451): Illuminate\\Database\\Migrations\\Migrator->{closure:Illuminate\\Database\\Migrations\\Migrator::runMigration():438}()
#10 /workspaces/lamastudio-website/lamaStudio-sms/vendor/laravel/framework/src/Illuminate/Database/Migrations/Migrator.php(253): Illuminate\\Database\\Migrations\\Migrator->runMigration()
#11 /workspaces/lamastudio-website/lamaStudio-sms/vendor/laravel/framework/src/Illuminate/Console/View/Components/Task.php(43): Illuminate\\Database\\Migrations\\Migrator->{closure:Illuminate\\Database\\Migrations\\Migrator::runUp():253}()
#12 /workspaces/lamastudio-website/lamaStudio-sms/vendor/laravel/framework/src/Illuminate/Database/Migrations/Migrator.php(853): Illuminate\\Console\\View\\Components\\Task->render()
#13 /workspaces/lamastudio-website/lamaStudio-sms/vendor/laravel/framework/src/Illuminate/Database/Migrations/Migrator.php(253): Illuminate\\Database\\Migrations\\Migrator->write()
#14 /workspaces/lamastudio-website/lamaStudio-sms/vendor/laravel/framework/src/Illuminate/Database/Migrations/Migrator.php(211): Illuminate\\Database\\Migrations\\Migrator->runUp()
#15 /workspaces/lamastudio-website/lamaStudio-sms/vendor/laravel/framework/src/Illuminate/Database/Migrations/Migrator.php(138): Illuminate\\Database\\Migrations\\Migrator->runPending()
#16 /workspaces/lamastudio-website/lamaStudio-sms/vendor/laravel/framework/src/Illuminate/Database/Console/Migrations/MigrateCommand.php(118): Illuminate\\Database\\Migrations\\Migrator->run()
#17 /workspaces/lamastudio-website/lamaStudio-sms/vendor/laravel/framework/src/Illuminate/Database/Migrations/Migrator.php(672): Illuminate\\Database\\Console\\Migrations\\MigrateCommand->{closure:Illuminate\\Database\\Console\\Migrations\\MigrateCommand::runMigrations():111}()
#18 /workspaces/lamastudio-website/lamaStudio-sms/vendor/laravel/framework/src/Illuminate/Database/Console/Migrations/MigrateCommand.php(111): Illuminate\\Database\\Migrations\\Migrator->usingConnection()
#19 /workspaces/lamastudio-website/lamaStudio-sms/vendor/laravel/framework/src/Illuminate/Database/Console/Migrations/MigrateCommand.php(90): Illuminate\\Database\\Console\\Migrations\\MigrateCommand->runMigrations()
#20 /workspaces/lamastudio-website/lamaStudio-sms/vendor/laravel/framework/src/Illuminate/Container/BoundMethod.php(36): Illuminate\\Database\\Console\\Migrations\\MigrateCommand->handle()
#21 /workspaces/lamastudio-website/lamaStudio-sms/vendor/laravel/framework/src/Illuminate/Container/Util.php(43): Illuminate\\Container\\BoundMethod::{closure:Illuminate\\Container\\BoundMethod::call():35}()
#22 /workspaces/lamastudio-website/lamaStudio-sms/vendor/laravel/framework/src/Illuminate/Container/BoundMethod.php(96): Illuminate\\Container\\Util::unwrapIfClosure()
#23 /workspaces/lamastudio-website/lamaStudio-sms/vendor/laravel/framework/src/Illuminate/Container/BoundMethod.php(35): Illuminate\\Container\\BoundMethod::callBoundMethod()
#24 /workspaces/lamastudio-website/lamaStudio-sms/vendor/laravel/framework/src/Illuminate/Container/Container.php(800): Illuminate\\Container\\BoundMethod::call()
#25 /workspaces/lamastudio-website/lamaStudio-sms/vendor/laravel/framework/src/Illuminate/Console/Command.php(280): Illuminate\\Container\\Container->call()
#26 /workspaces/lamastudio-website/lamaStudio-sms/vendor/symfony/console/Command/Command.php(284): Illuminate\\Console\\Command->execute()
#27 /workspaces/lamastudio-website/lamaStudio-sms/vendor/laravel/framework/src/Illuminate/Console/Command.php(249): Symfony\\Component\\Console\\Command\\Command->run()
#28 /workspaces/lamastudio-website/lamaStudio-sms/vendor/laravel/framework/src/Illuminate/Console/Concerns/CallsCommands.php(68): Illuminate\\Console\\Command->run()
#29 /workspaces/lamastudio-website/lamaStudio-sms/vendor/laravel/framework/src/Illuminate/Console/Concerns/CallsCommands.php(29): Illuminate\\Console\\Command->runCommand()
#30 /workspaces/lamastudio-website/lamaStudio-sms/vendor/laravel/framework/src/Illuminate/Database/Console/Migrations/FreshCommand.php(88): Illuminate\\Console\\Command->call()
#31 /workspaces/lamastudio-website/lamaStudio-sms/vendor/laravel/framework/src/Illuminate/Container/BoundMethod.php(36): Illuminate\\Database\\Console\\Migrations\\FreshCommand->handle()
#32 /workspaces/lamastudio-website/lamaStudio-sms/vendor/laravel/framework/src/Illuminate/Container/Util.php(43): Illuminate\\Container\\BoundMethod::{closure:Illuminate\\Container\\BoundMethod::call():35}()
#33 /workspaces/lamastudio-website/lamaStudio-sms/vendor/laravel/framework/src/Illuminate/Container/BoundMethod.php(96): Illuminate\\Container\\Util::unwrapIfClosure()
#34 /workspaces/lamastudio-website/lamaStudio-sms/vendor/laravel/framework/src/Illuminate/Container/BoundMethod.php(35): Illuminate\\Container\\BoundMethod::callBoundMethod()
#35 /workspaces/lamastudio-website/lamaStudio-sms/vendor/laravel/framework/src/Illuminate/Container/Container.php(800): Illuminate\\Container\\BoundMethod::call()
#36 /workspaces/lamastudio-website/lamaStudio-sms/vendor/laravel/framework/src/Illuminate/Console/Command.php(280): Illuminate\\Container\\Container->call()
#37 /workspaces/lamastudio-website/lamaStudio-sms/vendor/symfony/console/Command/Command.php(284): Illuminate\\Console\\Command->execute()
#38 /workspaces/lamastudio-website/lamaStudio-sms/vendor/laravel/framework/src/Illuminate/Console/Command.php(249): Symfony\\Component\\Console\\Command\\Command->run()
#39 /workspaces/lamastudio-website/lamaStudio-sms/vendor/symfony/console/Application.php(1144): Illuminate\\Console\\Command->run()
#40 /workspaces/lamastudio-website/lamaStudio-sms/vendor/symfony/console/Application.php(379): Symfony\\Component\\Console\\Application->doRunCommand()
#41 /workspaces/lamastudio-website/lamaStudio-sms/vendor/symfony/console/Application.php(218): Symfony\\Component\\Console\\Application->doRun()
#42 /workspaces/lamastudio-website/lamaStudio-sms/vendor/laravel/framework/src/Illuminate/Foundation/Console/Kernel.php(198): Symfony\\Component\\Console\\Application->run()
#43 /workspaces/lamastudio-website/lamaStudio-sms/vendor/laravel/framework/src/Illuminate/Foundation/Application.php(1242): Illuminate\\Foundation\\Console\\Kernel->handle()
#44 /workspaces/lamastudio-website/lamaStudio-sms/artisan(16): Illuminate\\Foundation\\Application->handleCommand()
#45 {main}

[previous exception] [object] (PDOException(code: HY000): SQLSTATE[HY000]: General error: 1 table \"students\" already exists at /workspaces/lamastudio-website/lamaStudio-sms/vendor/laravel/framework/src/Illuminate/Database/Connection.php:595)
[stacktrace]
#0 /workspaces/lamastudio-website/lamaStudio-sms/vendor/laravel/framework/src/Illuminate/Database/Connection.php(595): PDO->prepare()
#1 /workspaces/lamastudio-website/lamaStudio-sms/vendor/laravel/framework/src/Illuminate/Database/Connection.php(846): Illuminate\\Database\\Connection->{closure:Illuminate\\Database\\Connection::statement():590}()
#2 /workspaces/lamastudio-website/lamaStudio-sms/vendor/laravel/framework/src/Illuminate/Database/Connection.php(813): Illuminate\\Database\\Connection->runQueryCallback()
#3 /workspaces/lamastudio-website/lamaStudio-sms/vendor/laravel/framework/src/Illuminate/Database/Connection.php(590): Illuminate\\Database\\Connection->run()
#4 /workspaces/lamastudio-website/lamaStudio-sms/vendor/laravel/framework/src/Illuminate/Database/Schema/Blueprint.php(122): Illuminate\\Database\\Connection->statement()
#5 /workspaces/lamastudio-website/lamaStudio-sms/vendor/laravel/framework/src/Illuminate/Database/Schema/Builder.php(702): Illuminate\\Database\\Schema\\Blueprint->build()
#6 /workspaces/lamastudio-website/lamaStudio-sms/vendor/laravel/framework/src/Illuminate/Database/Schema/Builder.php(520): Illuminate\\Database\\Schema\\Builder->build()
#7 /workspaces/lamastudio-website/lamaStudio-sms/vendor/laravel/framework/src/Illuminate/Support/Facades/Facade.php(364): Illuminate\\Database\\Schema\\Builder->create()
#8 /workspaces/lamastudio-website/lamaStudio-sms/database/migrations/2026_08_03_114207_create_students_table.php(14): Illuminate\\Support\\Facades\\Facade::__callStatic()
#9 /workspaces/lamastudio-website/lamaStudio-sms/vendor/laravel/framework/src/Illuminate/Database/Migrations/Migrator.php(517): Illuminate\\Database\\Migrations\\Migration@anonymous->up()
#10 /workspaces/lamastudio-website/lamaStudio-sms/vendor/laravel/framework/src/Illuminate/Database/Migrations/Migrator.php(442): Illuminate\\Database\\Migrations\\Migrator->runMethod()
#11 /workspaces/lamastudio-website/lamaStudio-sms/vendor/laravel/framework/src/Illuminate/Database/Migrations/Migrator.php(451): Illuminate\\Database\\Migrations\\Migrator->{closure:Illuminate\\Database\\Migrations\\Migrator::runMigration():438}()
#12 /workspaces/lamastudio-website/lamaStudio-sms/vendor/laravel/framework/src/Illuminate/Database/Migrations/Migrator.php(253): Illuminate\\Database\\Migrations\\Migrator->runMigration()
#13 /workspaces/lamastudio-website/lamaStudio-sms/vendor/laravel/framework/src/Illuminate/Console/View/Components/Task.php(43): Illuminate\\Database\\Migrations\\Migrator->{closure:Illuminate\\Database\\Migrations\\Migrator::runUp():253}()
#14 /workspaces/lamastudio-website/lamaStudio-sms/vendor/laravel/framework/src/Illuminate/Database/Migrations/Migrator.php(853): Illuminate\\Console\\View\\Components\\Task->render()
#15 /workspaces/lamastudio-website/lamaStudio-sms/vendor/laravel/framework/src/Illuminate/Database/Migrations/Migrator.php(253): Illuminate\\Database\\Migrations\\Migrator->write()
#16 /workspaces/lamastudio-website/lamaStudio-sms/vendor/laravel/framework/src/Illuminate/Database/Migrations/Migrator.php(211): Illuminate\\Database\\Migrations\\Migrator->runUp()
#17 /workspaces/lamastudio-website/lamaStudio-sms/vendor/laravel/framework/src/Illuminate/Database/Migrations/Migrator.php(138): Illuminate\\Database\\Migrations\\Migrator->runPending()
#18 /workspaces/lamastudio-website/lamaStudio-sms/vendor/laravel/framework/src/Illuminate/Database/Console/Migrations/MigrateCommand.php(118): Illuminate\\Database\\Migrations\\Migrator->run()
#19 /workspaces/lamastudio-website/lamaStudio-sms/vendor/laravel/framework/src/Illuminate/Database/Migrations/Migrator.php(672): Illuminate\\Database\\Console\\Migrations\\MigrateCommand->{closure:Illuminate\\Database\\Console\\Migrations\\MigrateCommand::runMigrations():111}()
#20 /workspaces/lamastudio-website/lamaStudio-sms/vendor/laravel/framework/src/Illuminate/Database/Console/Migrations/MigrateCommand.php(111): Illuminate\\Database\\Migrations\\Migrator->usingConnection()
#21 /workspaces/lamastudio-website/lamaStudio-sms/vendor/laravel/framework/src/Illuminate/Database/Console/Migrations/MigrateCommand.php(90): Illuminate\\Database\\Console\\Migrations\\MigrateCommand->runMigrations()
#22 /workspaces/lamastudio-website/lamaStudio-sms/vendor/laravel/framework/src/Illuminate/Container/BoundMethod.php(36): Illuminate\\Database\\Console\\Migrations\\MigrateCommand->handle()
#23 /workspaces/lamastudio-website/lamaStudio-sms/vendor/laravel/framework/src/Illuminate/Container/Util.php(43): Illuminate\\Container\\BoundMethod::{closure:Illuminate\\Container\\BoundMethod::call():35}()
#24 /workspaces/lamastudio-website/lamaStudio-sms/vendor/laravel/framework/src/Illuminate/Container/BoundMethod.php(96): Illuminate\\Container\\Util::unwrapIfClosure()
#25 /workspaces/lamastudio-website/lamaStudio-sms/vendor/laravel/framework/src/Illuminate/Container/BoundMethod.php(35): Illuminate\\Container\\BoundMethod::callBoundMethod()
#26 /workspaces/lamastudio-website/lamaStudio-sms/vendor/laravel/framework/src/Illuminate/Container/Container.php(800): Illuminate\\Container\\BoundMethod::call()
#27 /workspaces/lamastudio-website/lamaStudio-sms/vendor/laravel/framework/src/Illuminate/Console/Command.php(280): Illuminate\\Container\\Container->call()
#28 /workspaces/lamastudio-website/lamaStudio-sms/vendor/symfony/console/Command/Command.php(284): Illuminate\\Console\\Command->execute()
#29 /workspaces/lamastudio-website/lamaStudio-sms/vendor/laravel/framework/src/Illuminate/Console/Command.php(249): Symfony\\Component\\Console\\Command\\Command->run()
#30 /workspaces/lamastudio-website/lamaStudio-sms/vendor/laravel/framework/src/Illuminate/Console/Concerns/CallsCommands.php(68): Illuminate\\Console\\Command->run()
#31 /workspaces/lamastudio-website/lamaStudio-sms/vendor/laravel/framework/src/Illuminate/Console/Concerns/CallsCommands.php(29): Illuminate\\Console\\Command->runCommand()
#32 /workspaces/lamastudio-website/lamaStudio-sms/vendor/laravel/framework/src/Illuminate/Database/Console/Migrations/FreshCommand.php(88): Illuminate\\Console\\Command->call()
#33 /workspaces/lamastudio-website/lamaStudio-sms/vendor/laravel/framework/src/Illuminate/Container/BoundMethod.php(36): Illuminate\\Database\\Console\\Migrations\\FreshCommand->handle()
#34 /workspaces/lamastudio-website/lamaStudio-sms/vendor/laravel/framework/src/Illuminate/Container/Util.php(43): Illuminate\\Container\\BoundMethod::{closure:Illuminate\\Container\\BoundMethod::call():35}()
#35 /workspaces/lamastudio-website/lamaStudio-sms/vendor/laravel/framework/src/Illuminate/Container/BoundMethod.php(96): Illuminate\\Container\\Util::unwrapIfClosure()
#36 /workspaces/lamastudio-website/lamaStudio-sms/vendor/laravel/framework/src/Illuminate/Container/BoundMethod.php(35): Illuminate\\Container\\BoundMethod::callBoundMethod()
#37 /workspaces/lamastudio-website/lamaStudio-sms/vendor/laravel/framework/src/Illuminate/Container/Container.php(800): Illuminate\\Container\\BoundMethod::call()
#38 /workspaces/lamastudio-website/lamaStudio-sms/vendor/laravel/framework/src/Illuminate/Console/Command.php(280): Illuminate\\Container\\Container->call()
#39 /workspaces/lamastudio-website/lamaStudio-sms/vendor/symfony/console/Command/Command.php(284): Illuminate\\Console\\Command->execute()
#40 /workspaces/lamastudio-website/lamaStudio-sms/vendor/laravel/framework/src/Illuminate/Console/Command.php(249): Symfony\\Component\\Console\\Command\\Command->run()
#41 /workspaces/lamastudio-website/lamaStudio-sms/vendor/symfony/console/Application.php(1144): Illuminate\\Console\\Command->run()
#42 /workspaces/lamastudio-website/lamaStudio-sms/vendor/symfony/console/Application.php(379): Symfony\\Component\\Console\\Application->doRunCommand()
#43 /workspaces/lamastudio-website/lamaStudio-sms/vendor/symfony/console/Application.php(218): Symfony\\Component\\Console\\Application->doRun()
#44 /workspaces/lamastudio-website/lamaStudio-sms/vendor/laravel/framework/src/Illuminate/Foundation/Console/Kernel.php(198): Symfony\\Component\\Console\\Application->run()
#45 /workspaces/lamastudio-website/lamaStudio-sms/vendor/laravel/framework/src/Illuminate/Foundation/Application.php(1242): Illuminate\\Foundation\\Console\\Kernel->handle()
#46 /workspaces/lamastudio-website/lamaStudio-sms/artisan(16): Illuminate\\Foundation\\Application->handleCommand()
#47 {main}
"} 
[2026-08-03 11:47:56] testing.ERROR: Target class [App\Http\Controllers\studentcontroller] does not exist. {"exception":"[object] (Illuminate\\Contracts\\Container\\BindingResolutionException(code: 0): Target class [App\\Http\\Controllers\\studentcontroller] does not exist. at /workspaces/lamastudio-website/lamaStudio-sms/vendor/laravel/framework/src/Illuminate/Container/Container.php:1146)
[stacktrace]
#0 /workspaces/lamastudio-website/lamaStudio-sms/vendor/laravel/framework/src/Illuminate/Container/Container.php(937): Illuminate\\Container\\Container->build()
#1 /workspaces/lamastudio-website/lamaStudio-sms/vendor/laravel/framework/src/Illuminate/Foundation/Application.php(1085): Illuminate\\Container\\Container->resolve()
#2 /workspaces/lamastudio-website/lamaStudio-sms/vendor/laravel/framework/src/Illuminate/Container/Container.php(865): Illuminate\\Foundation\\Application->resolve()
#3 /workspaces/lamastudio-website/lamaStudio-sms/vendor/laravel/framework/src/Illuminate/Foundation/Application.php(1065): Illuminate\\Container\\Container->make()
#4 /workspaces/lamastudio-website/lamaStudio-sms/vendor/laravel/framework/src/Illuminate/Routing/Route.php(297): Illuminate\\Foundation\\Application->make()
#5 /workspaces/lamastudio-website/lamaStudio-sms/vendor/laravel/framework/src/Illuminate/Routing/Route.php(277): Illuminate\\Routing\\Route->getController()
#6 /workspaces/lamastudio-website/lamaStudio-sms/vendor/laravel/framework/src/Illuminate/Routing/Route.php(216): Illuminate\\Routing\\Route->runController()
#7 /workspaces/lamastudio-website/lamaStudio-sms/vendor/laravel/framework/src/Illuminate/Routing/Router.php(822): Illuminate\\Routing\\Route->run()
#8 /workspaces/lamastudio-website/lamaStudio-sms/vendor/laravel/framework/src/Illuminate/Pipeline/Pipeline.php(180): Illuminate\\Routing\\Router->{closure:Illuminate\\Routing\\Router::runRouteWithinStack():821}()
#9 /workspaces/lamastudio-website/lamaStudio-sms/vendor/laravel/framework/src/Illuminate/Routing/Middleware/SubstituteBindings.php(52): Illuminate\\Pipeline\\Pipeline->{closure:Illuminate\\Pipeline\\Pipeline::prepareDestination():178}()
#10 /workspaces/lamastudio-website/lamaStudio-sms/vendor/laravel/framework/src/Illuminate/Pipeline/Pipeline.php(219): Illuminate\\Routing\\Middleware\\SubstituteBindings->handle()
#11 /workspaces/lamastudio-website/lamaStudio-sms/vendor/laravel/framework/src/Illuminate/Foundation/Http/Middleware/PreventRequestForgery.php(104): Illuminate\\Pipeline\\Pipeline->{closure:{closure:Illuminate\\Pipeline\\Pipeline::carry():194}:195}()
#12 /workspaces/lamastudio-website/lamaStudio-sms/vendor/laravel/framework/src/Illuminate/Pipeline/Pipeline.php(219): Illuminate\\Foundation\\Http\\Middleware\\PreventRequestForgery->handle()
#13 /workspaces/lamastudio-website/lamaStudio-sms/vendor/laravel/framework/src/Illuminate/View/Middleware/ShareErrorsFromSession.php(48): Illuminate\\Pipeline\\Pipeline->{closure:{closure:Illuminate\\Pipeline\\Pipeline::carry():194}:195}()
#14 /workspaces/lamastudio-website/lamaStudio-sms/vendor/laravel/framework/src/Illuminate/Pipeline/Pipeline.php(219): Illuminate\\View\\Middleware\\ShareErrorsFromSession->handle()
#15 /workspaces/lamastudio-website/lamaStudio-sms/vendor/laravel/framework/src/Illuminate/Session/Middleware/StartSession.php(120): Illuminate\\Pipeline\\Pipeline->{closure:{closure:Illuminate\\Pipeline\\Pipeline::carry():194}:195}()
#16 /workspaces/lamastudio-website/lamaStudio-sms/vendor/laravel/framework/src/Illuminate/Session/Middleware/StartSession.php(63): Illuminate\\Session\\Middleware\\StartSession->handleStatefulRequest()
#17 /workspaces/lamastudio-website/lamaStudio-sms/vendor/laravel/framework/src/Illuminate/Pipeline/Pipeline.php(219): Illuminate\\Session\\Middleware\\StartSession->handle()
#18 /workspaces/lamastudio-website/lamaStudio-sms/vendor/laravel/framework/src/Illuminate/Cookie/Middleware/AddQueuedCookiesToResponse.php(36): Illuminate\\Pipeline\\Pipeline->{closure:{closure:Illuminate\\Pipeline\\Pipeline::carry():194}:195}()
#19 /workspaces/lamastudio-website/lamaStudio-sms/vendor/laravel/framework/src/Illuminate/Pipeline/Pipeline.php(219): Illuminate\\Cookie\\Middleware\\AddQueuedCookiesToResponse->handle()
#20 /workspaces/lamastudio-website/lamaStudio-sms/vendor/laravel/framework/src/Illuminate/Cookie/Middleware/EncryptCookies.php(74): Illuminate\\Pipeline\\Pipeline->{closure:{closure:Illuminate\\Pipeline\\Pipeline::carry():194}:195}()
#21 /workspaces/lamastudio-website/lamaStudio-sms/vendor/laravel/framework/src/Illuminate/Pipeline/Pipeline.php(219): Illuminate\\Cookie\\Middleware\\EncryptCookies->handle()
#22 /workspaces/lamastudio-website/lamaStudio-sms/vendor/laravel/framework/src/Illuminate/Pipeline/Pipeline.php(137): Illuminate\\Pipeline\\Pipeline->{closure:{closure:Illuminate\\Pipeline\\Pipeline::carry():194}:195}()
#23 /workspaces/lamastudio-website/lamaStudio-sms/vendor/laravel/framework/src/Illuminate/Routing/Router.php(821): Illuminate\\Pipeline\\Pipeline->then()
#24 /workspaces/lamastudio-website/lamaStudio-sms/vendor/laravel/framework/src/Illuminate/Routing/Router.php(800): Illuminate\\Routing\\Router->runRouteWithinStack()
#25 /workspaces/lamastudio-website/lamaStudio-sms/vendor/laravel/framework/src/Illuminate/Routing/Router.php(764): Illuminate\\Routing\\Router->runRoute()
#26 /workspaces/lamastudio-website/lamaStudio-sms/vendor/laravel/framework/src/Illuminate/Routing/Router.php(753): Illuminate\\Routing\\Router->dispatchToRoute()
#27 /workspaces/lamastudio-website/lamaStudio-sms/vendor/laravel/framework/src/Illuminate/Foundation/Http/Kernel.php(200): Illuminate\\Routing\\Router->dispatch()
#28 /workspaces/lamastudio-website/lamaStudio-sms/vendor/laravel/framework/src/Illuminate/Pipeline/Pipeline.php(180): Illuminate\\Foundation\\Http\\Kernel->{closure:Illuminate\\Foundation\\Http\\Kernel::dispatchToRouter():197}()
#29 /workspaces/lamastudio-website/lamaStudio-sms/vendor/laravel/framework/src/Illuminate/Foundation/Http/Middleware/TransformsRequest.php(21): Illuminate\\Pipeline\\Pipeline->{closure:Illuminate\\Pipeline\\Pipeline::prepareDestination():178}()
#30 /workspaces/lamastudio-website/lamaStudio-sms/vendor/laravel/framework/src/Illuminate/Foundation/Http/Middleware/ConvertEmptyStringsToNull.php(31): Illuminate\\Foundation\\Http\\Middleware\\TransformsRequest->handle()
#31 /workspaces/lamastudio-website/lamaStudio-sms/vendor/laravel/framework/src/Illuminate/Pipeline/Pipeline.php(219): Illuminate\\Foundation\\Http\\Middleware\\ConvertEmptyStringsToNull->handle()
#32 /workspaces/lamastudio-website/lamaStudio-sms/vendor/laravel/framework/src/Illuminate/Foundation/Http/Middleware/TransformsRequest.php(21): Illuminate\\Pipeline\\Pipeline->{closure:{closure:Illuminate\\Pipeline\\Pipeline::carry():194}:195}()
#33 /workspaces/lamastudio-website/lamaStudio-sms/vendor/laravel/framework/src/Illuminate/Foundation/Http/Middleware/TrimStrings.php(51): Illuminate\\Foundation\\Http\\Middleware\\TransformsRequest->handle()
#34 /workspaces/lamastudio-website/lamaStudio-sms/vendor/laravel/framework/src/Illuminate/Pipeline/Pipeline.php(219): Illuminate\\Foundation\\Http\\Middleware\\TrimStrings->handle()
#35 /workspaces/lamastudio-website/lamaStudio-sms/vendor/laravel/framework/src/Illuminate/Http/Middleware/ValidatePostSize.php(27): Illuminate\\Pipeline\\Pipeline->{closure:{closure:Illuminate\\Pipeline\\Pipeline::carry():194}:195}()
#36 /workspaces/lamastudio-website/lamaStudio-sms/vendor/laravel/framework/src/Illuminate/Pipeline/Pipeline.php(219): Illuminate\\Http\\Middleware\\ValidatePostSize->handle()
#37 /workspaces/lamastudio-website/lamaStudio-sms/vendor/laravel/framework/src/Illuminate/Foundation/Http/Middleware/PreventRequestsDuringMaintenance.php(109): Illuminate\\Pipeline\\Pipeline->{closure:{closure:Illuminate\\Pipeline\\Pipeline::carry():194}:195}()
#38 /workspaces/lamastudio-website/lamaStudio-sms/vendor/laravel/framework/src/Illuminate/Pipeline/Pipeline.php(219): Illuminate\\Foundation\\Http\\Middleware\\PreventRequestsDuringMaintenance->handle()
#39 /workspaces/lamastudio-website/lamaStudio-sms/vendor/laravel/framework/src/Illuminate/Http/Middleware/HandleCors.php(61): Illuminate\\Pipeline\\Pipeline->{closure:{closure:Illuminate\\Pipeline\\Pipeline::carry():194}:195}()
#40 /workspaces/lamastudio-website/lamaStudio-sms/vendor/laravel/framework/src/Illuminate/Pipeline/Pipeline.php(219): Illuminate\\Http\\Middleware\\HandleCors->handle()
#41 /workspaces/lamastudio-website/lamaStudio-sms/vendor/laravel/framework/src/Illuminate/Http/Middleware/TrustProxies.php(58): Illuminate\\Pipeline\\Pipeline->{closure:{closure:Illuminate\\Pipeline\\Pipeline::carry():194}:195}()
#42 /workspaces/lamastudio-website/lamaStudio-sms/vendor/laravel/framework/src/Illuminate/Pipeline/Pipeline.php(219): Illuminate\\Http\\Middleware\\TrustProxies->handle()
#43 /workspaces/lamastudio-website/lamaStudio-sms/vendor/laravel/framework/src/Illuminate/Foundation/Http/Middleware/InvokeDeferredCallbacks.php(22): Illuminate\\Pipeline\\Pipeline->{closure:{closure:Illuminate\\Pipeline\\Pipeline::carry():194}:195}()
#44 /workspaces/lamastudio-website/lamaStudio-sms/vendor/laravel/framework/src/Illuminate/Pipeline/Pipeline.php(219): Illuminate\\Foundation\\Http\\Middleware\\InvokeDeferredCallbacks->handle()
#45 /workspaces/lamastudio-website/lamaStudio-sms/vendor/laravel/framework/src/Illuminate/Http/Middleware/ValidatePathEncoding.php(28): Illuminate\\Pipeline\\Pipeline->{closure:{closure:Illuminate\\Pipeline\\Pipeline::carry():194}:195}()
#46 /workspaces/lamastudio-website/lamaStudio-sms/vendor/laravel/framework/src/Illuminate/Pipeline/Pipeline.php(219): Illuminate\\Http\\Middleware\\ValidatePathEncoding->handle()
#47 /workspaces/lamastudio-website/lamaStudio-sms/vendor/laravel/framework/src/Illuminate/Pipeline/Pipeline.php(137): Illuminate\\Pipeline\\Pipeline->{closure:{closure:Illuminate\\Pipeline\\Pipeline::carry():194}:195}()
#48 /workspaces/lamastudio-website/lamaStudio-sms/vendor/laravel/framework/src/Illuminate/Foundation/Http/Kernel.php(175): Illuminate\\Pipeline\\Pipeline->then()
#49 /workspaces/lamastudio-website/lamaStudio-sms/vendor/laravel/framework/src/Illuminate/Foundation/Http/Kernel.php(144): Illuminate\\Foundation\\Http\\Kernel->sendRequestThroughRouter()
#50 /workspaces/lamastudio-website/lamaStudio-sms/vendor/laravel/framework/src/Illuminate/Foundation/Testing/Concerns/MakesHttpRequests.php(638): Illuminate\\Foundation\\Http\\Kernel->handle()
#51 /workspaces/lamastudio-website/lamaStudio-sms/vendor/laravel/framework/src/Illuminate/Foundation/Testing/Concerns/MakesHttpRequests.php(368): Illuminate\\Foundation\\Testing\\TestCase->call()
#52 /workspaces/lamastudio-website/lamaStudio-sms/tests/Feature/StudentManagementTest.php(14): Illuminate\\Foundation\\Testing\\TestCase->get()
#53 /workspaces/lamastudio-website/lamaStudio-sms/vendor/phpunit/phpunit/src/Framework/TestCase.php(1318): Tests\\Feature\\StudentManagementTest->test_student_index_page_loads()
#54 /workspaces/lamastudio-website/lamaStudio-sms/vendor/phpunit/phpunit/src/Framework/TestCase.php(1355): PHPUnit\\Framework\\TestCase->invokeTestMethod()
#55 /workspaces/lamastudio-website/lamaStudio-sms/vendor/phpunit/phpunit/src/Framework/TestCase.php(521): PHPUnit\\Framework\\TestCase->runTest()
#56 /workspaces/lamastudio-website/lamaStudio-sms/vendor/phpunit/phpunit/src/Framework/TestRunner/TestRunner.php(99): PHPUnit\\Framework\\TestCase->runBare()
#57 /workspaces/lamastudio-website/lamaStudio-sms/vendor/phpunit/phpunit/src/Framework/TestCase.php(361): PHPUnit\\Framework\\TestRunner->run()
#58 /workspaces/lamastudio-website/lamaStudio-sms/vendor/phpunit/phpunit/src/Framework/TestSuite.php(374): PHPUnit\\Framework\\TestCase->run()
#59 /workspaces/lamastudio-website/lamaStudio-sms/vendor/phpunit/phpunit/src/TextUI/TestRunner.php(64): PHPUnit\\Framework\\TestSuite->run()
#60 /workspaces/lamastudio-website/lamaStudio-sms/vendor/phpunit/phpunit/src/TextUI/Application.php(229): PHPUnit\\TextUI\\TestRunner->run()
#61 /workspaces/lamastudio-website/lamaStudio-sms/vendor/phpunit/phpunit/phpunit(104): PHPUnit\\TextUI\\Application->run()
#62 {main}

[previous exception] [object] (ReflectionException(code: -1): Class \"App\\Http\\Controllers\\studentcontroller\" does not exist at /workspaces/lamastudio-website/lamaStudio-sms/vendor/laravel/framework/src/Illuminate/Container/Container.php:1144)
[stacktrace]
#0 /workspaces/lamastudio-website/lamaStudio-sms/vendor/laravel/framework/src/Illuminate/Container/Container.php(1144): ReflectionClass->__construct()
#1 /workspaces/lamastudio-website/lamaStudio-sms/vendor/laravel/framework/src/Illuminate/Container/Container.php(937): Illuminate\\Container\\Container->build()
#2 /workspaces/lamastudio-website/lamaStudio-sms/vendor/laravel/framework/src/Illuminate/Foundation/Application.php(1085): Illuminate\\Container\\Container->resolve()
#3 /workspaces/lamastudio-website/lamaStudio-sms/vendor/laravel/framework/src/Illuminate/Container/Container.php(865): Illuminate\\Foundation\\Application->resolve()
#4 /workspaces/lamastudio-website/lamaStudio-sms/vendor/laravel/framework/src/Illuminate/Foundation/Application.php(1065): Illuminate\\Container\\Container->make()
#5 /workspaces/lamastudio-website/lamaStudio-sms/vendor/laravel/framework/src/Illuminate/Routing/Route.php(297): Illuminate\\Foundation\\Application->make()
#6 /workspaces/lamastudio-website/lamaStudio-sms/vendor/laravel/framework/src/Illuminate/Routing/Route.php(277): Illuminate\\Routing\\Route->getController()
#7 /workspaces/lamastudio-website/lamaStudio-sms/vendor/laravel/framework/src/Illuminate/Routing/Route.php(216): Illuminate\\Routing\\Route->runController()
#8 /workspaces/lamastudio-website/lamaStudio-sms/vendor/laravel/framework/src/Illuminate/Routing/Router.php(822): Illuminate\\Routing\\Route->run()
#9 /workspaces/lamastudio-website/lamaStudio-sms/vendor/laravel/framework/src/Illuminate/Pipeline/Pipeline.php(180): Illuminate\\Routing\\Router->{closure:Illuminate\\Routing\\Router::runRouteWithinStack():821}()
#10 /workspaces/lamastudio-website/lamaStudio-sms/vendor/laravel/framework/src/Illuminate/Routing/Middleware/SubstituteBindings.php(52): Illuminate\\Pipeline\\Pipeline->{closure:Illuminate\\Pipeline\\Pipeline::prepareDestination():178}()
#11 /workspaces/lamastudio-website/lamaStudio-sms/vendor/laravel/framework/src/Illuminate/Pipeline/Pipeline.php(219): Illuminate\\Routing\\Middleware\\SubstituteBindings->handle()
#12 /workspaces/lamastudio-website/lamaStudio-sms/vendor/laravel/framework/src/Illuminate/Foundation/Http/Middleware/PreventRequestForgery.php(104): Illuminate\\Pipeline\\Pipeline->{closure:{closure:Illuminate\\Pipeline\\Pipeline::carry():194}:195}()
#13 /workspaces/lamastudio-website/lamaStudio-sms/vendor/laravel/framework/src/Illuminate/Pipeline/Pipeline.php(219): Illuminate\\Foundation\\Http\\Middleware\\PreventRequestForgery->handle()
#14 /workspaces/lamastudio-website/lamaStudio-sms/vendor/laravel/framework/src/Illuminate/View/Middleware/ShareErrorsFromSession.php(48): Illuminate\\Pipeline\\Pipeline->{closure:{closure:Illuminate\\Pipeline\\Pipeline::carry():194}:195}()
#15 /workspaces/lamastudio-website/lamaStudio-sms/vendor/laravel/framework/src/Illuminate/Pipeline/Pipeline.php(219): Illuminate\\View\\Middleware\\ShareErrorsFromSession->handle()
#16 /workspaces/lamastudio-website/lamaStudio-sms/vendor/laravel/framework/src/Illuminate/Session/Middleware/StartSession.php(120): Illuminate\\Pipeline\\Pipeline->{closure:{closure:Illuminate\\Pipeline\\Pipeline::carry():194}:195}()
#17 /workspaces/lamastudio-website/lamaStudio-sms/vendor/laravel/framework/src/Illuminate/Session/Middleware/StartSession.php(63): Illuminate\\Session\\Middleware\\StartSession->handleStatefulRequest()
#18 /workspaces/lamastudio-website/lamaStudio-sms/vendor/laravel/framework/src/Illuminate/Pipeline/Pipeline.php(219): Illuminate\\Session\\Middleware\\StartSession->handle()
#19 /workspaces/lamastudio-website/lamaStudio-sms/vendor/laravel/framework/src/Illuminate/Cookie/Middleware/AddQueuedCookiesToResponse.php(36): Illuminate\\Pipeline\\Pipeline->{closure:{closure:Illuminate\\Pipeline\\Pipeline::carry():194}:195}()
#20 /workspaces/lamastudio-website/lamaStudio-sms/vendor/laravel/framework/src/Illuminate/Pipeline/Pipeline.php(219): Illuminate\\Cookie\\Middleware\\AddQueuedCookiesToResponse->handle()
#21 /workspaces/lamastudio-website/lamaStudio-sms/vendor/laravel/framework/src/Illuminate/Cookie/Middleware/EncryptCookies.php(74): Illuminate\\Pipeline\\Pipeline->{closure:{closure:Illuminate\\Pipeline\\Pipeline::carry():194}:195}()
#22 /workspaces/lamastudio-website/lamaStudio-sms/vendor/laravel/framework/src/Illuminate/Pipeline/Pipeline.php(219): Illuminate\\Cookie\\Middleware\\EncryptCookies->handle()
#23 /workspaces/lamastudio-website/lamaStudio-sms/vendor/laravel/framework/src/Illuminate/Pipeline/Pipeline.php(137): Illuminate\\Pipeline\\Pipeline->{closure:{closure:Illuminate\\Pipeline\\Pipeline::carry():194}:195}()
#24 /workspaces/lamastudio-website/lamaStudio-sms/vendor/laravel/framework/src/Illuminate/Routing/Router.php(821): Illuminate\\Pipeline\\Pipeline->then()
#25 /workspaces/lamastudio-website/lamaStudio-sms/vendor/laravel/framework/src/Illuminate/Routing/Router.php(800): Illuminate\\Routing\\Router->runRouteWithinStack()
#26 /workspaces/lamastudio-website/lamaStudio-sms/vendor/laravel/framework/src/Illuminate/Routing/Router.php(764): Illuminate\\Routing\\Router->runRoute()
#27 /workspaces/lamastudio-website/lamaStudio-sms/vendor/laravel/framework/src/Illuminate/Routing/Router.php(753): Illuminate\\Routing\\Router->dispatchToRoute()
#28 /workspaces/lamastudio-website/lamaStudio-sms/vendor/laravel/framework/src/Illuminate/Foundation/Http/Kernel.php(200): Illuminate\\Routing\\Router->dispatch()
#29 /workspaces/lamastudio-website/lamaStudio-sms/vendor/laravel/framework/src/Illuminate/Pipeline/Pipeline.php(180): Illuminate\\Foundation\\Http\\Kernel->{closure:Illuminate\\Foundation\\Http\\Kernel::dispatchToRouter():197}()
#30 /workspaces/lamastudio-website/lamaStudio-sms/vendor/laravel/framework/src/Illuminate/Foundation/Http/Middleware/TransformsRequest.php(21): Illuminate\\Pipeline\\Pipeline->{closure:Illuminate\\Pipeline\\Pipeline::prepareDestination():178}()
#31 /workspaces/lamastudio-website/lamaStudio-sms/vendor/laravel/framework/src/Illuminate/Foundation/Http/Middleware/ConvertEmptyStringsToNull.php(31): Illuminate\\Foundation\\Http\\Middleware\\TransformsRequest->handle()
#32 /workspaces/lamastudio-website/lamaStudio-sms/vendor/laravel/framework/src/Illuminate/Pipeline/Pipeline.php(219): Illuminate\\Foundation\\Http\\Middleware\\ConvertEmptyStringsToNull->handle()
#33 /workspaces/lamastudio-website/lamaStudio-sms/vendor/laravel/framework/src/Illuminate/Foundation/Http/Middleware/TransformsRequest.php(21): Illuminate\\Pipeline\\Pipeline->{closure:{closure:Illuminate\\Pipeline\\Pipeline::carry():194}:195}()
#34 /workspaces/lamastudio-website/lamaStudio-sms/vendor/laravel/framework/src/Illuminate/Foundation/Http/Middleware/TrimStrings.php(51): Illuminate\\Foundation\\Http\\Middleware\\TransformsRequest->handle()
#35 /workspaces/lamastudio-website/lamaStudio-sms/vendor/laravel/framework/src/Illuminate/Pipeline/Pipeline.php(219): Illuminate\\Foundation\\Http\\Middleware\\TrimStrings->handle()
#36 /workspaces/lamastudio-website/lamaStudio-sms/vendor/laravel/framework/src/Illuminate/Http/Middleware/ValidatePostSize.php(27): Illuminate\\Pipeline\\Pipeline->{closure:{closure:Illuminate\\Pipeline\\Pipeline::carry():194}:195}()
#37 /workspaces/lamastudio-website/lamaStudio-sms/vendor/laravel/framework/src/Illuminate/Pipeline/Pipeline.php(219): Illuminate\\Http\\Middleware\\ValidatePostSize->handle()
#38 /workspaces/lamastudio-website/lamaStudio-sms/vendor/laravel/framework/src/Illuminate/Foundation/Http/Middleware/PreventRequestsDuringMaintenance.php(109): Illuminate\\Pipeline\\Pipeline->{closure:{closure:Illuminate\\Pipeline\\Pipeline::carry():194}:195}()
#39 /workspaces/lamastudio-website/lamaStudio-sms/vendor/laravel/framework/src/Illuminate/Pipeline/Pipeline.php(219): Illuminate\\Foundation\\Http\\Middleware\\PreventRequestsDuringMaintenance->handle()
#40 /workspaces/lamastudio-website/lamaStudio-sms/vendor/laravel/framework/src/Illuminate/Http/Middleware/HandleCors.php(61): Illuminate\\Pipeline\\Pipeline->{closure:{closure:Illuminate\\Pipeline\\Pipeline::carry():194}:195}()
#41 /workspaces/lamastudio-website/lamaStudio-sms/vendor/laravel/framework/src/Illuminate/Pipeline/Pipeline.php(219): Illuminate\\Http\\Middleware\\HandleCors->handle()
#42 /workspaces/lamastudio-website/lamaStudio-sms/vendor/laravel/framework/src/Illuminate/Http/Middleware/TrustProxies.php(58): Illuminate\\Pipeline\\Pipeline->{closure:{closure:Illuminate\\Pipeline\\Pipeline::carry():194}:195}()
#43 /workspaces/lamastudio-website/lamaStudio-sms/vendor/laravel/framework/src/Illuminate/Pipeline/Pipeline.php(219): Illuminate\\Http\\Middleware\\TrustProxies->handle()
#44 /workspaces/lamastudio-website/lamaStudio-sms/vendor/laravel/framework/src/Illuminate/Foundation/Http/Middleware/InvokeDeferredCallbacks.php(22): Illuminate\\Pipeline\\Pipeline->{closure:{closure:Illuminate\\Pipeline\\Pipeline::carry():194}:195}()
#45 /workspaces/lamastudio-website/lamaStudio-sms/vendor/laravel/framework/src/Illuminate/Pipeline/Pipeline.php(219): Illuminate\\Foundation\\Http\\Middleware\\InvokeDeferredCallbacks->handle()
#46 /workspaces/lamastudio-website/lamaStudio-sms/vendor/laravel/framework/src/Illuminate/Http/Middleware/ValidatePathEncoding.php(28): Illuminate\\Pipeline\\Pipeline->{closure:{closure:Illuminate\\Pipeline\\Pipeline::carry():194}:195}()
#47 /workspaces/lamastudio-website/lamaStudio-sms/vendor/laravel/framework/src/Illuminate/Pipeline/Pipeline.php(219): Illuminate\\Http\\Middleware\\ValidatePathEncoding->handle()
#48 /workspaces/lamastudio-website/lamaStudio-sms/vendor/laravel/framework/src/Illuminate/Pipeline/Pipeline.php(137): Illuminate\\Pipeline\\Pipeline->{closure:{closure:Illuminate\\Pipeline\\Pipeline::carry():194}:195}()
#49 /workspaces/lamastudio-website/lamaStudio-sms/vendor/laravel/framework/src/Illuminate/Foundation/Http/Kernel.php(175): Illuminate\\Pipeline\\Pipeline->then()
#50 /workspaces/lamastudio-website/lamaStudio-sms/vendor/laravel/framework/src/Illuminate/Foundation/Http/Kernel.php(144): Illuminate\\Foundation\\Http\\Kernel->sendRequestThroughRouter()
#51 /workspaces/lamastudio-website/lamaStudio-sms/vendor/laravel/framework/src/Illuminate/Foundation/Testing/Concerns/MakesHttpRequests.php(638): Illuminate\\Foundation\\Http\\Kernel->handle()
#52 /workspaces/lamastudio-website/lamaStudio-sms/vendor/laravel/framework/src/Illuminate/Foundation/Testing/Concerns/MakesHttpRequests.php(368): Illuminate\\Foundation\\Testing\\TestCase->call()
#53 /workspaces/lamastudio-website/lamaStudio-sms/tests/Feature/StudentManagementTest.php(14): Illuminate\\Foundation\\Testing\\TestCase->get()
#54 /workspaces/lamastudio-website/lamaStudio-sms/vendor/phpunit/phpunit/src/Framework/TestCase.php(1318): Tests\\Feature\\StudentManagementTest->test_student_index_page_loads()
#55 /workspaces/lamastudio-website/lamaStudio-sms/vendor/phpunit/phpunit/src/Framework/TestCase.php(1355): PHPUnit\\Framework\\TestCase->invokeTestMethod()
#56 /workspaces/lamastudio-website/lamaStudio-sms/vendor/phpunit/phpunit/src/Framework/TestCase.php(521): PHPUnit\\Framework\\TestCase->runTest()
#57 /workspaces/lamastudio-website/lamaStudio-sms/vendor/phpunit/phpunit/src/Framework/TestRunner/TestRunner.php(99): PHPUnit\\Framework\\TestCase->runBare()
#58 /workspaces/lamastudio-website/lamaStudio-sms/vendor/phpunit/phpunit/src/Framework/TestCase.php(361): PHPUnit\\Framework\\TestRunner->run()
#59 /workspaces/lamastudio-website/lamaStudio-sms/vendor/phpunit/phpunit/src/Framework/TestSuite.php(374): PHPUnit\\Framework\\TestCase->run()
#60 /workspaces/lamastudio-website/lamaStudio-sms/vendor/phpunit/phpunit/src/TextUI/TestRunner.php(64): PHPUnit\\Framework\\TestSuite->run()
#61 /workspaces/lamastudio-website/lamaStudio-sms/vendor/phpunit/phpunit/src/TextUI/Application.php(229): PHPUnit\\TextUI\\TestRunner->run()
#62 /workspaces/lamastudio-website/lamaStudio-sms/vendor/phpunit/phpunit/phpunit(104): PHPUnit\\TextUI\\Application->run()
#63 {main}
"} 
[2026-08-03 11:47:57] testing.ERROR: Target class [App\Http\Controllers\studentcontroller] does not exist. {"exception":"[object] (Illuminate\\Contracts\\Container\\BindingResolutionException(code: 0): Target class [App\\Http\\Controllers\\studentcontroller] does not exist. at /workspaces/lamastudio-website/lamaStudio-sms/vendor/laravel/framework/src/Illuminate/Container/Container.php:1146)
[stacktrace]
#0 /workspaces/lamastudio-website/lamaStudio-sms/vendor/laravel/framework/src/Illuminate/Container/Container.php(937): Illuminate\\Container\\Container->build()
#1 /workspaces/lamastudio-website/lamaStudio-sms/vendor/laravel/framework/src/Illuminate/Foundation/Application.php(1085): Illuminate\\Container\\Container->resolve()
#2 /workspaces/lamastudio-website/lamaStudio-sms/vendor/laravel/framework/src/Illuminate/Container/Container.php(865): Illuminate\\Foundation\\Application->resolve()
#3 /workspaces/lamastudio-website/lamaStudio-sms/vendor/laravel/framework/src/Illuminate/Foundation/Application.php(1065): Illuminate\\Container\\Container->make()
#4 /workspaces/lamastudio-website/lamaStudio-sms/vendor/laravel/framework/src/Illuminate/Routing/Route.php(297): Illuminate\\Foundation\\Application->make()
#5 /workspaces/lamastudio-website/lamaStudio-sms/vendor/laravel/framework/src/Illuminate/Routing/Route.php(277): Illuminate\\Routing\\Route->getController()
#6 /workspaces/lamastudio-website/lamaStudio-sms/vendor/laravel/framework/src/Illuminate/Routing/Route.php(216): Illuminate\\Routing\\Route->runController()
#7 /workspaces/lamastudio-website/lamaStudio-sms/vendor/laravel/framework/src/Illuminate/Routing/Router.php(822): Illuminate\\Routing\\Route->run()
#8 /workspaces/lamastudio-website/lamaStudio-sms/vendor/laravel/framework/src/Illuminate/Pipeline/Pipeline.php(180): Illuminate\\Routing\\Router->{closure:Illuminate\\Routing\\Router::runRouteWithinStack():821}()
#9 /workspaces/lamastudio-website/lamaStudio-sms/vendor/laravel/framework/src/Illuminate/Routing/Middleware/SubstituteBindings.php(52): Illuminate\\Pipeline\\Pipeline->{closure:Illuminate\\Pipeline\\Pipeline::prepareDestination():178}()
#10 /workspaces/lamastudio-website/lamaStudio-sms/vendor/laravel/framework/src/Illuminate/Pipeline/Pipeline.php(219): Illuminate\\Routing\\Middleware\\SubstituteBindings->handle()
#11 /workspaces/lamastudio-website/lamaStudio-sms/vendor/laravel/framework/src/Illuminate/Foundation/Http/Middleware/PreventRequestForgery.php(104): Illuminate\\Pipeline\\Pipeline->{closure:{closure:Illuminate\\Pipeline\\Pipeline::carry():194}:195}()
#12 /workspaces/lamastudio-website/lamaStudio-sms/vendor/laravel/framework/src/Illuminate/Pipeline/Pipeline.php(219): Illuminate\\Foundation\\Http\\Middleware\\PreventRequestForgery->handle()
#13 /workspaces/lamastudio-website/lamaStudio-sms/vendor/laravel/framework/src/Illuminate/View/Middleware/ShareErrorsFromSession.php(48): Illuminate\\Pipeline\\Pipeline->{closure:{closure:Illuminate\\Pipeline\\Pipeline::carry():194}:195}()
#14 /workspaces/lamastudio-website/lamaStudio-sms/vendor/laravel/framework/src/Illuminate/Pipeline/Pipeline.php(219): Illuminate\\View\\Middleware\\ShareErrorsFromSession->handle()
#15 /workspaces/lamastudio-website/lamaStudio-sms/vendor/laravel/framework/src/Illuminate/Session/Middleware/StartSession.php(120): Illuminate\\Pipeline\\Pipeline->{closure:{closure:Illuminate\\Pipeline\\Pipeline::carry():194}:195}()
#16 /workspaces/lamastudio-website/lamaStudio-sms/vendor/laravel/framework/src/Illuminate/Session/Middleware/StartSession.php(63): Illuminate\\Session\\Middleware\\StartSession->handleStatefulRequest()
#17 /workspaces/lamastudio-website/lamaStudio-sms/vendor/laravel/framework/src/Illuminate/Pipeline/Pipeline.php(219): Illuminate\\Session\\Middleware\\StartSession->handle()
#18 /workspaces/lamastudio-website/lamaStudio-sms/vendor/laravel/framework/src/Illuminate/Cookie/Middleware/AddQueuedCookiesToResponse.php(36): Illuminate\\Pipeline\\Pipeline->{closure:{closure:Illuminate\\Pipeline\\Pipeline::carry():194}:195}()
#19 /workspaces/lamastudio-website/lamaStudio-sms/vendor/laravel/framework/src/Illuminate/Pipeline/Pipeline.php(219): Illuminate\\Cookie\\Middleware\\AddQueuedCookiesToResponse->handle()
#20 /workspaces/lamastudio-website/lamaStudio-sms/vendor/laravel/framework/src/Illuminate/Cookie/Middleware/EncryptCookies.php(74): Illuminate\\Pipeline\\Pipeline->{closure:{closure:Illuminate\\Pipeline\\Pipeline::carry():194}:195}()
#21 /workspaces/lamastudio-website/lamaStudio-sms/vendor/laravel/framework/src/Illuminate/Pipeline/Pipeline.php(219): Illuminate\\Cookie\\Middleware\\EncryptCookies->handle()
#22 /workspaces/lamastudio-website/lamaStudio-sms/vendor/laravel/framework/src/Illuminate/Pipeline/Pipeline.php(137): Illuminate\\Pipeline\\Pipeline->{closure:{closure:Illuminate\\Pipeline\\Pipeline::carry():194}:195}()
#23 /workspaces/lamastudio-website/lamaStudio-sms/vendor/laravel/framework/src/Illuminate/Routing/Router.php(821): Illuminate\\Pipeline\\Pipeline->then()
#24 /workspaces/lamastudio-website/lamaStudio-sms/vendor/laravel/framework/src/Illuminate/Routing/Router.php(800): Illuminate\\Routing\\Router->runRouteWithinStack()
#25 /workspaces/lamastudio-website/lamaStudio-sms/vendor/laravel/framework/src/Illuminate/Routing/Router.php(764): Illuminate\\Routing\\Router->runRoute()
#26 /workspaces/lamastudio-website/lamaStudio-sms/vendor/laravel/framework/src/Illuminate/Routing/Router.php(753): Illuminate\\Routing\\Router->dispatchToRoute()
#27 /workspaces/lamastudio-website/lamaStudio-sms/vendor/laravel/framework/src/Illuminate/Foundation/Http/Kernel.php(200): Illuminate\\Routing\\Router->dispatch()
#28 /workspaces/lamastudio-website/lamaStudio-sms/vendor/laravel/framework/src/Illuminate/Pipeline/Pipeline.php(180): Illuminate\\Foundation\\Http\\Kernel->{closure:Illuminate\\Foundation\\Http\\Kernel::dispatchToRouter():197}()
#29 /workspaces/lamastudio-website/lamaStudio-sms/vendor/laravel/framework/src/Illuminate/Foundation/Http/Middleware/TransformsRequest.php(21): Illuminate\\Pipeline\\Pipeline->{closure:Illuminate\\Pipeline\\Pipeline::prepareDestination():178}()
#30 /workspaces/lamastudio-website/lamaStudio-sms/vendor/laravel/framework/src/Illuminate/Foundation/Http/Middleware/ConvertEmptyStringsToNull.php(31): Illuminate\\Foundation\\Http\\Middleware\\TransformsRequest->handle()
#31 /workspaces/lamastudio-website/lamaStudio-sms/vendor/laravel/framework/src/Illuminate/Pipeline/Pipeline.php(219): Illuminate\\Foundation\\Http\\Middleware\\ConvertEmptyStringsToNull->handle()
#32 /workspaces/lamastudio-website/lamaStudio-sms/vendor/laravel/framework/src/Illuminate/Foundation/Http/Middleware/TransformsRequest.php(21): Illuminate\\Pipeline\\Pipeline->{closure:{closure:Illuminate\\Pipeline\\Pipeline::carry():194}:195}()
#33 /workspaces/lamastudio-website/lamaStudio-sms/vendor/laravel/framework/src/Illuminate/Foundation/Http/Middleware/TrimStrings.php(51): Illuminate\\Foundation\\Http\\Middleware\\TransformsRequest->handle()
#34 /workspaces/lamastudio-website/lamaStudio-sms/vendor/laravel/framework/src/Illuminate/Pipeline/Pipeline.php(219): Illuminate\\Foundation\\Http\\Middleware\\TrimStrings->handle()
#35 /workspaces/lamastudio-website/lamaStudio-sms/vendor/laravel/framework/src/Illuminate/Http/Middleware/ValidatePostSize.php(27): Illuminate\\Pipeline\\Pipeline->{closure:{closure:Illuminate\\Pipeline\\Pipeline::carry():194}:195}()
#36 /workspaces/lamastudio-website/lamaStudio-sms/vendor/laravel/framework/src/Illuminate/Pipeline/Pipeline.php(219): Illuminate\\Http\\Middleware\\ValidatePostSize->handle()
#37 /workspaces/lamastudio-website/lamaStudio-sms/vendor/laravel/framework/src/Illuminate/Foundation/Http/Middleware/PreventRequestsDuringMaintenance.php(109): Illuminate\\Pipeline\\Pipeline->{closure:{closure:Illuminate\\Pipeline\\Pipeline::carry():194}:195}()
#38 /workspaces/lamastudio-website/lamaStudio-sms/vendor/laravel/framework/src/Illuminate/Pipeline/Pipeline.php(219): Illuminate\\Foundation\\Http\\Middleware\\PreventRequestsDuringMaintenance->handle()
#39 /workspaces/lamastudio-website/lamaStudio-sms/vendor/laravel/framework/src/Illuminate/Http/Middleware/HandleCors.php(61): Illuminate\\Pipeline\\Pipeline->{closure:{closure:Illuminate\\Pipeline\\Pipeline::carry():194}:195}()
#40 /workspaces/lamastudio-website/lamaStudio-sms/vendor/laravel/framework/src/Illuminate/Pipeline/Pipeline.php(219): Illuminate\\Http\\Middleware\\HandleCors->handle()
#41 /workspaces/lamastudio-website/lamaStudio-sms/vendor/laravel/framework/src/Illuminate/Http/Middleware/TrustProxies.php(58): Illuminate\\Pipeline\\Pipeline->{closure:{closure:Illuminate\\Pipeline\\Pipeline::carry():194}:195}()
#42 /workspaces/lamastudio-website/lamaStudio-sms/vendor/laravel/framework/src/Illuminate/Pipeline/Pipeline.php(219): Illuminate\\Http\\Middleware\\TrustProxies->handle()
#43 /workspaces/lamastudio-website/lamaStudio-sms/vendor/laravel/framework/src/Illuminate/Foundation/Http/Middleware/InvokeDeferredCallbacks.php(22): Illuminate\\Pipeline\\Pipeline->{closure:{closure:Illuminate\\Pipeline\\Pipeline::carry():194}:195}()
#44 /workspaces/lamastudio-website/lamaStudio-sms/vendor/laravel/framework/src/Illuminate/Pipeline/Pipeline.php(219): Illuminate\\Foundation\\Http\\Middleware\\InvokeDeferredCallbacks->handle()
#45 /workspaces/lamastudio-website/lamaStudio-sms/vendor/laravel/framework/src/Illuminate/Http/Middleware/ValidatePathEncoding.php(28): Illuminate\\Pipeline\\Pipeline->{closure:{closure:Illuminate\\Pipeline\\Pipeline::carry():194}:195}()
#46 /workspaces/lamastudio-website/lamaStudio-sms/vendor/laravel/framework/src/Illuminate/Pipeline/Pipeline.php(219): Illuminate\\Http\\Middleware\\ValidatePathEncoding->handle()
#47 /workspaces/lamastudio-website/lamaStudio-sms/vendor/laravel/framework/src/Illuminate/Pipeline/Pipeline.php(137): Illuminate\\Pipeline\\Pipeline->{closure:{closure:Illuminate\\Pipeline\\Pipeline::carry():194}:195}()
#48 /workspaces/lamastudio-website/lamaStudio-sms/vendor/laravel/framework/src/Illuminate/Foundation/Http/Kernel.php(175): Illuminate\\Pipeline\\Pipeline->then()
#49 /workspaces/lamastudio-website/lamaStudio-sms/vendor/laravel/framework/src/Illuminate/Foundation/Http/Kernel.php(144): Illuminate\\Foundation\\Http\\Kernel->sendRequestThroughRouter()
#50 /workspaces/lamastudio-website/lamaStudio-sms/vendor/laravel/framework/src/Illuminate/Foundation/Testing/Concerns/MakesHttpRequests.php(638): Illuminate\\Foundation\\Http\\Kernel->handle()
#51 /workspaces/lamastudio-website/lamaStudio-sms/vendor/laravel/framework/src/Illuminate/Foundation/Testing/Concerns/MakesHttpRequests.php(397): Illuminate\\Foundation\\Testing\\TestCase->call()
#52 /workspaces/lamastudio-website/lamaStudio-sms/tests/Feature/StudentManagementTest.php(22): Illuminate\\Foundation\\Testing\\TestCase->post()
#53 /workspaces/lamastudio-website/lamaStudio-sms/vendor/phpunit/phpunit/src/Framework/TestCase.php(1318): Tests\\Feature\\StudentManagementTest->test_student_can_be_created_with_valid_data()
#54 /workspaces/lamastudio-website/lamaStudio-sms/vendor/phpunit/phpunit/src/Framework/TestCase.php(1355): PHPUnit\\Framework\\TestCase->invokeTestMethod()
#55 /workspaces/lamastudio-website/lamaStudio-sms/vendor/phpunit/phpunit/src/Framework/TestCase.php(521): PHPUnit\\Framework\\TestCase->runTest()
#56 /workspaces/lamastudio-website/lamaStudio-sms/vendor/phpunit/phpunit/src/Framework/TestRunner/TestRunner.php(99): PHPUnit\\Framework\\TestCase->runBare()
#57 /workspaces/lamastudio-website/lamaStudio-sms/vendor/phpunit/phpunit/src/Framework/TestCase.php(361): PHPUnit\\Framework\\TestRunner->run()
#58 /workspaces/lamastudio-website/lamaStudio-sms/vendor/phpunit/phpunit/src/Framework/TestSuite.php(374): PHPUnit\\Framework\\TestCase->run()
#59 /workspaces/lamastudio-website/lamaStudio-sms/vendor/phpunit/phpunit/src/TextUI/TestRunner.php(64): PHPUnit\\Framework\\TestSuite->run()
#60 /workspaces/lamastudio-website/lamaStudio-sms/vendor/phpunit/phpunit/src/TextUI/Application.php(229): PHPUnit\\TextUI\\TestRunner->run()
#61 /workspaces/lamastudio-website/lamaStudio-sms/vendor/phpunit/phpunit/phpunit(104): PHPUnit\\TextUI\\Application->run()
#62 {main}

[previous exception] [object] (ReflectionException(code: -1): Class \"App\\Http\\Controllers\\studentcontroller\" does not exist at /workspaces/lamastudio-website/lamaStudio-sms/vendor/laravel/framework/src/Illuminate/Container/Container.php:1144)
[stacktrace]
#0 /workspaces/lamastudio-website/lamaStudio-sms/vendor/laravel/framework/src/Illuminate/Container/Container.php(1144): ReflectionClass->__construct()
#1 /workspaces/lamastudio-website/lamaStudio-sms/vendor/laravel/framework/src/Illuminate/Container/Container.php(937): Illuminate\\Container\\Container->build()
#2 /workspaces/lamastudio-website/lamaStudio-sms/vendor/laravel/framework/src/Illuminate/Foundation/Application.php(1085): Illuminate\\Container\\Container->resolve()
#3 /workspaces/lamastudio-website/lamaStudio-sms/vendor/laravel/framework/src/Illuminate/Container/Container.php(865): Illuminate\\Foundation\\Application->resolve()
#4 /workspaces/lamastudio-website/lamaStudio-sms/vendor/laravel/framework/src/Illuminate/Foundation/Application.php(1065): Illuminate\\Container\\Container->make()
#5 /workspaces/lamastudio-website/lamaStudio-sms/vendor/laravel/framework/src/Illuminate/Routing/Route.php(297): Illuminate\\Foundation\\Application->make()
#6 /workspaces/lamastudio-website/lamaStudio-sms/vendor/laravel/framework/src/Illuminate/Routing/Route.php(277): Illuminate\\Routing\\Route->getController()
#7 /workspaces/lamastudio-website/lamaStudio-sms/vendor/laravel/framework/src/Illuminate/Routing/Route.php(216): Illuminate\\Routing\\Route->runController()
#8 /workspaces/lamastudio-website/lamaStudio-sms/vendor/laravel/framework/src/Illuminate/Routing/Router.php(822): Illuminate\\Routing\\Route->run()
#9 /workspaces/lamastudio-website/lamaStudio-sms/vendor/laravel/framework/src/Illuminate/Pipeline/Pipeline.php(180): Illuminate\\Routing\\Router->{closure:Illuminate\\Routing\\Router::runRouteWithinStack():821}()
#10 /workspaces/lamastudio-website/lamaStudio-sms/vendor/laravel/framework/src/Illuminate/Routing/Middleware/SubstituteBindings.php(52): Illuminate\\Pipeline\\Pipeline->{closure:Illuminate\\Pipeline\\Pipeline::prepareDestination():178}()
#11 /workspaces/lamastudio-website/lamaStudio-sms/vendor/laravel/framework/src/Illuminate/Pipeline/Pipeline.php(219): Illuminate\\Routing\\Middleware\\SubstituteBindings->handle()
#12 /workspaces/lamastudio-website/lamaStudio-sms/vendor/laravel/framework/src/Illuminate/Foundation/Http/Middleware/PreventRequestForgery.php(104): Illuminate\\Pipeline\\Pipeline->{closure:{closure:Illuminate\\Pipeline\\Pipeline::carry():194}:195}()
#13 /workspaces/lamastudio-website/lamaStudio-sms/vendor/laravel/framework/src/Illuminate/Pipeline/Pipeline.php(219): Illuminate\\Foundation\\Http\\Middleware\\PreventRequestForgery->handle()
#14 /workspaces/lamastudio-website/lamaStudio-sms/vendor/laravel/framework/src/Illuminate/View/Middleware/ShareErrorsFromSession.php(48): Illuminate\\Pipeline\\Pipeline->{closure:{closure:Illuminate\\Pipeline\\Pipeline::carry():194}:195}()
#15 /workspaces/lamastudio-website/lamaStudio-sms/vendor/laravel/framework/src/Illuminate/Pipeline/Pipeline.php(219): Illuminate\\View\\Middleware\\ShareErrorsFromSession->handle()
#16 /workspaces/lamastudio-website/lamaStudio-sms/vendor/laravel/framework/src/Illuminate/Session/Middleware/StartSession.php(120): Illuminate\\Pipeline\\Pipeline->{closure:{closure:Illuminate\\Pipeline\\Pipeline::carry():194}:195}()
#17 /workspaces/lamastudio-website/lamaStudio-sms/vendor/laravel/framework/src/Illuminate/Session/Middleware/StartSession.php(63): Illuminate\\Session\\Middleware\\StartSession->handleStatefulRequest()
#18 /workspaces/lamastudio-website/lamaStudio-sms/vendor/laravel/framework/src/Illuminate/Pipeline/Pipeline.php(219): Illuminate\\Session\\Middleware\\StartSession->handle()
#19 /workspaces/lamastudio-website/lamaStudio-sms/vendor/laravel/framework/src/Illuminate/Cookie/Middleware/AddQueuedCookiesToResponse.php(36): Illuminate\\Pipeline\\Pipeline->{closure:{closure:Illuminate\\Pipeline\\Pipeline::carry():194}:195}()
#20 /workspaces/lamastudio-website/lamaStudio-sms/vendor/laravel/framework/src/Illuminate/Pipeline/Pipeline.php(219): Illuminate\\Cookie\\Middleware\\AddQueuedCookiesToResponse->handle()
#21 /workspaces/lamastudio-website/lamaStudio-sms/vendor/laravel/framework/src/Illuminate/Cookie/Middleware/EncryptCookies.php(74): Illuminate\\Pipeline\\Pipeline->{closure:{closure:Illuminate\\Pipeline\\Pipeline::carry():194}:195}()
#22 /workspaces/lamastudio-website/lamaStudio-sms/vendor/laravel/framework/src/Illuminate/Pipeline/Pipeline.php(219): Illuminate\\Cookie\\Middleware\\EncryptCookies->handle()
#23 /workspaces/lamastudio-website/lamaStudio-sms/vendor/laravel/framework/src/Illuminate/Pipeline/Pipeline.php(137): Illuminate\\Pipeline\\Pipeline->{closure:{closure:Illuminate\\Pipeline\\Pipeline::carry():194}:195}()
#24 /workspaces/lamastudio-website/lamaStudio-sms/vendor/laravel/framework/src/Illuminate/Routing/Router.php(821): Illuminate\\Pipeline\\Pipeline->then()
#25 /workspaces/lamastudio-website/lamaStudio-sms/vendor/laravel/framework/src/Illuminate/Routing/Router.php(800): Illuminate\\Routing\\Router->runRouteWithinStack()
#26 /workspaces/lamastudio-website/lamaStudio-sms/vendor/laravel/framework/src/Illuminate/Routing/Router.php(764): Illuminate\\Routing\\Router->runRoute()
#27 /workspaces/lamastudio-website/lamaStudio-sms/vendor/laravel/framework/src/Illuminate/Routing/Router.php(753): Illuminate\\Routing\\Router->dispatchToRoute()
#28 /workspaces/lamastudio-website/lamaStudio-sms/vendor/laravel/framework/src/Illuminate/Foundation/Http/Kernel.php(200): Illuminate\\Routing\\Router->dispatch()
#29 /workspaces/lamastudio-website/lamaStudio-sms/vendor/laravel/framework/src/Illuminate/Pipeline/Pipeline.php(180): Illuminate\\Foundation\\Http\\Kernel->{closure:Illuminate\\Foundation\\Http\\Kernel::dispatchToRouter():197}()
#30 /workspaces/lamastudio-website/lamaStudio-sms/vendor/laravel/framework/src/Illuminate/Foundation/Http/Middleware/TransformsRequest.php(21): Illuminate\\Pipeline\\Pipeline->{closure:Illuminate\\Pipeline\\Pipeline::prepareDestination():178}()
#31 /workspaces/lamastudio-website/lamaStudio-sms/vendor/laravel/framework/src/Illuminate/Foundation/Http/Middleware/ConvertEmptyStringsToNull.php(31): Illuminate\\Foundation\\Http\\Middleware\\TransformsRequest->handle()
#32 /workspaces/lamastudio-website/lamaStudio-sms/vendor/laravel/framework/src/Illuminate/Pipeline/Pipeline.php(219): Illuminate\\Foundation\\Http\\Middleware\\ConvertEmptyStringsToNull->handle()
#33 /workspaces/lamastudio-website/lamaStudio-sms/vendor/laravel/framework/src/Illuminate/Foundation/Http/Middleware/TransformsRequest.php(21): Illuminate\\Pipeline\\Pipeline->{closure:{closure:Illuminate\\Pipeline\\Pipeline::carry():194}:195}()
#34 /workspaces/lamastudio-website/lamaStudio-sms/vendor/laravel/framework/src/Illuminate/Foundation/Http/Middleware/TrimStrings.php(51): Illuminate\\Foundation\\Http\\Middleware\\TransformsRequest->handle()
#35 /workspaces/lamastudio-website/lamaStudio-sms/vendor/laravel/framework/src/Illuminate/Pipeline/Pipeline.php(219): Illuminate\\Foundation\\Http\\Middleware\\TrimStrings->handle()
#36 /workspaces/lamastudio-website/lamaStudio-sms/vendor/laravel/framework/src/Illuminate/Http/Middleware/ValidatePostSize.php(27): Illuminate\\Pipeline\\Pipeline->{closure:{closure:Illuminate\\Pipeline\\Pipeline::carry():194}:195}()
#37 /workspaces/lamastudio-website/lamaStudio-sms/vendor/laravel/framework/src/Illuminate/Pipeline/Pipeline.php(219): Illuminate\\Http\\Middleware\\ValidatePostSize->handle()
#38 /workspaces/lamastudio-website/lamaStudio-sms/vendor/laravel/framework/src/Illuminate/Foundation/Http/Middleware/PreventRequestsDuringMaintenance.php(109): Illuminate\\Pipeline\\Pipeline->{closure:{closure:Illuminate\\Pipeline\\Pipeline::carry():194}:195}()
#39 /workspaces/lamastudio-website/lamaStudio-sms/vendor/laravel/framework/src/Illuminate/Pipeline/Pipeline.php(219): Illuminate\\Foundation\\Http\\Middleware\\PreventRequestsDuringMaintenance->handle()
#40 /workspaces/lamastudio-website/lamaStudio-sms/vendor/laravel/framework/src/Illuminate/Http/Middleware/HandleCors.php(61): Illuminate\\Pipeline\\Pipeline->{closure:{closure:Illuminate\\Pipeline\\Pipeline::carry():194}:195}()
#41 /workspaces/lamastudio-website/lamaStudio-sms/vendor/laravel/framework/src/Illuminate/Pipeline/Pipeline.php(219): Illuminate\\Http\\Middleware\\HandleCors->handle()
#42 /workspaces/lamastudio-website/lamaStudio-sms/vendor/laravel/framework/src/Illuminate/Http/Middleware/TrustProxies.php(58): Illuminate\\Pipeline\\Pipeline->{closure:{closure:Illuminate\\Pipeline\\Pipeline::carry():194}:195}()
#43 /workspaces/lamastudio-website/lamaStudio-sms/vendor/laravel/framework/src/Illuminate/Pipeline/Pipeline.php(219): Illuminate\\Http\\Middleware\\TrustProxies->handle()
#44 /workspaces/lamastudio-website/lamaStudio-sms/vendor/laravel/framework/src/Illuminate/Foundation/Http/Middleware/InvokeDeferredCallbacks.php(22): Illuminate\\Pipeline\\Pipeline->{closure:{closure:Illuminate\\Pipeline\\Pipeline::carry():194}:195}()
#45 /workspaces/lamastudio-website/lamaStudio-sms/vendor/laravel/framework/src/Illuminate/Pipeline/Pipeline.php(219): Illuminate\\Foundation\\Http\\Middleware\\InvokeDeferredCallbacks->handle()
#46 /workspaces/lamastudio-website/lamaStudio-sms/vendor/laravel/framework/src/Illuminate/Http/Middleware/ValidatePathEncoding.php(28): Illuminate\\Pipeline\\Pipeline->{closure:{closure:Illuminate\\Pipeline\\Pipeline::carry():194}:195}()
#47 /workspaces/lamastudio-website/lamaStudio-sms/vendor/laravel/framework/src/Illuminate/Pipeline/Pipeline.php(219): Illuminate\\Http\\Middleware\\ValidatePathEncoding->handle()
#48 /workspaces/lamastudio-website/lamaStudio-sms/vendor/laravel/framework/src/Illuminate/Pipeline/Pipeline.php(137): Illuminate\\Pipeline\\Pipeline->{closure:{closure:Illuminate\\Pipeline\\Pipeline::carry():194}:195}()
#49 /workspaces/lamastudio-website/lamaStudio-sms/vendor/laravel/framework/src/Illuminate/Foundation/Http/Kernel.php(175): Illuminate\\Pipeline\\Pipeline->then()
#50 /workspaces/lamastudio-website/lamaStudio-sms/vendor/laravel/framework/src/Illuminate/Foundation/Http/Kernel.php(144): Illuminate\\Foundation\\Http\\Kernel->sendRequestThroughRouter()
#51 /workspaces/lamastudio-website/lamaStudio-sms/vendor/laravel/framework/src/Illuminate/Foundation/Testing/Concerns/MakesHttpRequests.php(638): Illuminate\\Foundation\\Http\\Kernel->handle()
#52 /workspaces/lamastudio-website/lamaStudio-sms/vendor/laravel/framework/src/Illuminate/Foundation/Testing/Concerns/MakesHttpRequests.php(397): Illuminate\\Foundation\\Testing\\TestCase->call()
#53 /workspaces/lamastudio-website/lamaStudio-sms/tests/Feature/StudentManagementTest.php(22): Illuminate\\Foundation\\Testing\\TestCase->post()
#54 /workspaces/lamastudio-website/lamaStudio-sms/vendor/phpunit/phpunit/src/Framework/TestCase.php(1318): Tests\\Feature\\StudentManagementTest->test_student_can_be_created_with_valid_data()
#55 /workspaces/lamastudio-website/lamaStudio-sms/vendor/phpunit/phpunit/src/Framework/TestCase.php(1355): PHPUnit\\Framework\\TestCase->invokeTestMethod()
#56 /workspaces/lamastudio-website/lamaStudio-sms/vendor/phpunit/phpunit/src/Framework/TestCase.php(521): PHPUnit\\Framework\\TestCase->runTest()
#57 /workspaces/lamastudio-website/lamaStudio-sms/vendor/phpunit/phpunit/src/Framework/TestRunner/TestRunner.php(99): PHPUnit\\Framework\\TestCase->runBare()
#58 /workspaces/lamastudio-website/lamaStudio-sms/vendor/phpunit/phpunit/src/Framework/TestCase.php(361): PHPUnit\\Framework\\TestRunner->run()
#59 /workspaces/lamastudio-website/lamaStudio-sms/vendor/phpunit/phpunit/src/Framework/TestSuite.php(374): PHPUnit\\Framework\\TestCase->run()
#60 /workspaces/lamastudio-website/lamaStudio-sms/vendor/phpunit/phpunit/src/TextUI/TestRunner.php(64): PHPUnit\\Framework\\TestSuite->run()
#61 /workspaces/lamastudio-website/lamaStudio-sms/vendor/phpunit/phpunit/src/TextUI/Application.php(229): PHPUnit\\TextUI\\TestRunner->run()
#62 /workspaces/lamastudio-website/lamaStudio-sms/vendor/phpunit/phpunit/phpunit(104): PHPUnit\\TextUI\\Application->run()
#63 {main}
"} 
[2026-08-03 11:47:57] testing.ERROR: Target class [App\Http\Controllers\studentcontroller] does not exist. {"exception":"[object] (Illuminate\\Contracts\\Container\\BindingResolutionException(code: 0): Target class [App\\Http\\Controllers\\studentcontroller] does not exist. at /workspaces/lamastudio-website/lamaStudio-sms/vendor/laravel/framework/src/Illuminate/Container/Container.php:1146)
[stacktrace]
#0 /workspaces/lamastudio-website/lamaStudio-sms/vendor/laravel/framework/src/Illuminate/Container/Container.php(937): Illuminate\\Container\\Container->build()
#1 /workspaces/lamastudio-website/lamaStudio-sms/vendor/laravel/framework/src/Illuminate/Foundation/Application.php(1085): Illuminate\\Container\\Container->resolve()
#2 /workspaces/lamastudio-website/lamaStudio-sms/vendor/laravel/framework/src/Illuminate/Container/Container.php(865): Illuminate\\Foundation\\Application->resolve()
#3 /workspaces/lamastudio-website/lamaStudio-sms/vendor/laravel/framework/src/Illuminate/Foundation/Application.php(1065): Illuminate\\Container\\Container->make()
#4 /workspaces/lamastudio-website/lamaStudio-sms/vendor/laravel/framework/src/Illuminate/Routing/Route.php(297): Illuminate\\Foundation\\Application->make()
#5 /workspaces/lamastudio-website/lamaStudio-sms/vendor/laravel/framework/src/Illuminate/Routing/Route.php(277): Illuminate\\Routing\\Route->getController()
#6 /workspaces/lamastudio-website/lamaStudio-sms/vendor/laravel/framework/src/Illuminate/Routing/Route.php(216): Illuminate\\Routing\\Route->runController()
#7 /workspaces/lamastudio-website/lamaStudio-sms/vendor/laravel/framework/src/Illuminate/Routing/Router.php(822): Illuminate\\Routing\\Route->run()
#8 /workspaces/lamastudio-website/lamaStudio-sms/vendor/laravel/framework/src/Illuminate/Pipeline/Pipeline.php(180): Illuminate\\Routing\\Router->{closure:Illuminate\\Routing\\Router::runRouteWithinStack():821}()
#9 /workspaces/lamastudio-website/lamaStudio-sms/vendor/laravel/framework/src/Illuminate/Routing/Middleware/SubstituteBindings.php(52): Illuminate\\Pipeline\\Pipeline->{closure:Illuminate\\Pipeline\\Pipeline::prepareDestination():178}()
#10 /workspaces/lamastudio-website/lamaStudio-sms/vendor/laravel/framework/src/Illuminate/Pipeline/Pipeline.php(219): Illuminate\\Routing\\Middleware\\SubstituteBindings->handle()
#11 /workspaces/lamastudio-website/lamaStudio-sms/vendor/laravel/framework/src/Illuminate/Foundation/Http/Middleware/PreventRequestForgery.php(104): Illuminate\\Pipeline\\Pipeline->{closure:{closure:Illuminate\\Pipeline\\Pipeline::carry():194}:195}()
#12 /workspaces/lamastudio-website/lamaStudio-sms/vendor/laravel/framework/src/Illuminate/Pipeline/Pipeline.php(219): Illuminate\\Foundation\\Http\\Middleware\\PreventRequestForgery->handle()
#13 /workspaces/lamastudio-website/lamaStudio-sms/vendor/laravel/framework/src/Illuminate/View/Middleware/ShareErrorsFromSession.php(48): Illuminate\\Pipeline\\Pipeline->{closure:{closure:Illuminate\\Pipeline\\Pipeline::carry():194}:195}()
#14 /workspaces/lamastudio-website/lamaStudio-sms/vendor/laravel/framework/src/Illuminate/Pipeline/Pipeline.php(219): Illuminate\\View\\Middleware\\ShareErrorsFromSession->handle()
#15 /workspaces/lamastudio-website/lamaStudio-sms/vendor/laravel/framework/src/Illuminate/Session/Middleware/StartSession.php(120): Illuminate\\Pipeline\\Pipeline->{closure:{closure:Illuminate\\Pipeline\\Pipeline::carry():194}:195}()
#16 /workspaces/lamastudio-website/lamaStudio-sms/vendor/laravel/framework/src/Illuminate/Session/Middleware/StartSession.php(63): Illuminate\\Session\\Middleware\\StartSession->handleStatefulRequest()
#17 /workspaces/lamastudio-website/lamaStudio-sms/vendor/laravel/framework/src/Illuminate/Pipeline/Pipeline.php(219): Illuminate\\Session\\Middleware\\StartSession->handle()
#18 /workspaces/lamastudio-website/lamaStudio-sms/vendor/laravel/framework/src/Illuminate/Cookie/Middleware/AddQueuedCookiesToResponse.php(36): Illuminate\\Pipeline\\Pipeline->{closure:{closure:Illuminate\\Pipeline\\Pipeline::carry():194}:195}()
#19 /workspaces/lamastudio-website/lamaStudio-sms/vendor/laravel/framework/src/Illuminate/Pipeline/Pipeline.php(219): Illuminate\\Cookie\\Middleware\\AddQueuedCookiesToResponse->handle()
#20 /workspaces/lamastudio-website/lamaStudio-sms/vendor/laravel/framework/src/Illuminate/Cookie/Middleware/EncryptCookies.php(74): Illuminate\\Pipeline\\Pipeline->{closure:{closure:Illuminate\\Pipeline\\Pipeline::carry():194}:195}()
#21 /workspaces/lamastudio-website/lamaStudio-sms/vendor/laravel/framework/src/Illuminate/Pipeline/Pipeline.php(219): Illuminate\\Cookie\\Middleware\\EncryptCookies->handle()
#22 /workspaces/lamastudio-website/lamaStudio-sms/vendor/laravel/framework/src/Illuminate/Pipeline/Pipeline.php(137): Illuminate\\Pipeline\\Pipeline->{closure:{closure:Illuminate\\Pipeline\\Pipeline::carry():194}:195}()
#23 /workspaces/lamastudio-website/lamaStudio-sms/vendor/laravel/framework/src/Illuminate/Routing/Router.php(821): Illuminate\\Pipeline\\Pipeline->then()
#24 /workspaces/lamastudio-website/lamaStudio-sms/vendor/laravel/framework/src/Illuminate/Routing/Router.php(800): Illuminate\\Routing\\Router->runRouteWithinStack()
#25 /workspaces/lamastudio-website/lamaStudio-sms/vendor/laravel/framework/src/Illuminate/Routing/Router.php(764): Illuminate\\Routing\\Router->runRoute()
#26 /workspaces/lamastudio-website/lamaStudio-sms/vendor/laravel/framework/src/Illuminate/Routing/Router.php(753): Illuminate\\Routing\\Router->dispatchToRoute()
#27 /workspaces/lamastudio-website/lamaStudio-sms/vendor/laravel/framework/src/Illuminate/Foundation/Http/Kernel.php(200): Illuminate\\Routing\\Router->dispatch()
#28 /workspaces/lamastudio-website/lamaStudio-sms/vendor/laravel/framework/src/Illuminate/Pipeline/Pipeline.php(180): Illuminate\\Foundation\\Http\\Kernel->{closure:Illuminate\\Foundation\\Http\\Kernel::dispatchToRouter():197}()
#29 /workspaces/lamastudio-website/lamaStudio-sms/vendor/laravel/framework/src/Illuminate/Foundation/Http/Middleware/TransformsRequest.php(21): Illuminate\\Pipeline\\Pipeline->{closure:Illuminate\\Pipeline\\Pipeline::prepareDestination():178}()
#30 /workspaces/lamastudio-website/lamaStudio-sms/vendor/laravel/framework/src/Illuminate/Foundation/Http/Middleware/ConvertEmptyStringsToNull.php(31): Illuminate\\Foundation\\Http\\Middleware\\TransformsRequest->handle()
#31 /workspaces/lamastudio-website/lamaStudio-sms/vendor/laravel/framework/src/Illuminate/Pipeline/Pipeline.php(219): Illuminate\\Foundation\\Http\\Middleware\\ConvertEmptyStringsToNull->handle()
#32 /workspaces/lamastudio-website/lamaStudio-sms/vendor/laravel/framework/src/Illuminate/Foundation/Http/Middleware/TransformsRequest.php(21): Illuminate\\Pipeline\\Pipeline->{closure:{closure:Illuminate\\Pipeline\\Pipeline::carry():194}:195}()
#33 /workspaces/lamastudio-website/lamaStudio-sms/vendor/laravel/framework/src/Illuminate/Foundation/Http/Middleware/TrimStrings.php(51): Illuminate\\Foundation\\Http\\Middleware\\TransformsRequest->handle()
#34 /workspaces/lamastudio-website/lamaStudio-sms/vendor/laravel/framework/src/Illuminate/Pipeline/Pipeline.php(219): Illuminate\\Foundation\\Http\\Middleware\\TrimStrings->handle()
#35 /workspaces/lamastudio-website/lamaStudio-sms/vendor/laravel/framework/src/Illuminate/Http/Middleware/ValidatePostSize.php(27): Illuminate\\Pipeline\\Pipeline->{closure:{closure:Illuminate\\Pipeline\\Pipeline::carry():194}:195}()
#36 /workspaces/lamastudio-website/lamaStudio-sms/vendor/laravel/framework/src/Illuminate/Pipeline/Pipeline.php(219): Illuminate\\Http\\Middleware\\ValidatePostSize->handle()
#37 /workspaces/lamastudio-website/lamaStudio-sms/vendor/laravel/framework/src/Illuminate/Foundation/Http/Middleware/PreventRequestsDuringMaintenance.php(109): Illuminate\\Pipeline\\Pipeline->{closure:{closure:Illuminate\\Pipeline\\Pipeline::carry():194}:195}()
#38 /workspaces/lamastudio-website/lamaStudio-sms/vendor/laravel/framework/src/Illuminate/Pipeline/Pipeline.php(219): Illuminate\\Foundation\\Http\\Middleware\\PreventRequestsDuringMaintenance->handle()
#39 /workspaces/lamastudio-website/lamaStudio-sms/vendor/laravel/framework/src/Illuminate/Http/Middleware/HandleCors.php(61): Illuminate\\Pipeline\\Pipeline->{closure:{closure:Illuminate\\Pipeline\\Pipeline::carry():194}:195}()
#40 /workspaces/lamastudio-website/lamaStudio-sms/vendor/laravel/framework/src/Illuminate/Pipeline/Pipeline.php(219): Illuminate\\Http\\Middleware\\HandleCors->handle()
#41 /workspaces/lamastudio-website/lamaStudio-sms/vendor/laravel/framework/src/Illuminate/Http/Middleware/TrustProxies.php(58): Illuminate\\Pipeline\\Pipeline->{closure:{closure:Illuminate\\Pipeline\\Pipeline::carry():194}:195}()
#42 /workspaces/lamastudio-website/lamaStudio-sms/vendor/laravel/framework/src/Illuminate/Pipeline/Pipeline.php(219): Illuminate\\Http\\Middleware\\TrustProxies->handle()
#43 /workspaces/lamastudio-website/lamaStudio-sms/vendor/laravel/framework/src/Illuminate/Foundation/Http/Middleware/InvokeDeferredCallbacks.php(22): Illuminate\\Pipeline\\Pipeline->{closure:{closure:Illuminate\\Pipeline\\Pipeline::carry():194}:195}()
#44 /workspaces/lamastudio-website/lamaStudio-sms/vendor/laravel/framework/src/Illuminate/Pipeline/Pipeline.php(219): Illuminate\\Foundation\\Http\\Middleware\\InvokeDeferredCallbacks->handle()
#45 /workspaces/lamastudio-website/lamaStudio-sms/vendor/laravel/framework/src/Illuminate/Http/Middleware/ValidatePathEncoding.php(28): Illuminate\\Pipeline\\Pipeline->{closure:{closure:Illuminate\\Pipeline\\Pipeline::carry():194}:195}()
#46 /workspaces/lamastudio-website/lamaStudio-sms/vendor/laravel/framework/src/Illuminate/Pipeline/Pipeline.php(219): Illuminate\\Http\\Middleware\\ValidatePathEncoding->handle()
#47 /workspaces/lamastudio-website/lamaStudio-sms/vendor/laravel/framework/src/Illuminate/Pipeline/Pipeline.php(137): Illuminate\\Pipeline\\Pipeline->{closure:{closure:Illuminate\\Pipeline\\Pipeline::carry():194}:195}()
#48 /workspaces/lamastudio-website/lamaStudio-sms/vendor/laravel/framework/src/Illuminate/Foundation/Http/Kernel.php(175): Illuminate\\Pipeline\\Pipeline->then()
#49 /workspaces/lamastudio-website/lamaStudio-sms/vendor/laravel/framework/src/Illuminate/Foundation/Http/Kernel.php(144): Illuminate\\Foundation\\Http\\Kernel->sendRequestThroughRouter()
#50 /workspaces/lamastudio-website/lamaStudio-sms/vendor/laravel/framework/src/Illuminate/Foundation/Testing/Concerns/MakesHttpRequests.php(638): Illuminate\\Foundation\\Http\\Kernel->handle()
#51 /workspaces/lamastudio-website/lamaStudio-sms/vendor/laravel/framework/src/Illuminate/Foundation/Testing/Concerns/MakesHttpRequests.php(397): Illuminate\\Foundation\\Testing\\TestCase->call()
#52 /workspaces/lamastudio-website/lamaStudio-sms/tests/Feature/StudentManagementTest.php(39): Illuminate\\Foundation\\Testing\\TestCase->post()
#53 /workspaces/lamastudio-website/lamaStudio-sms/vendor/phpunit/phpunit/src/Framework/TestCase.php(1318): Tests\\Feature\\StudentManagementTest->test_student_creation_requires_valid_input()
#54 /workspaces/lamastudio-website/lamaStudio-sms/vendor/phpunit/phpunit/src/Framework/TestCase.php(1355): PHPUnit\\Framework\\TestCase->invokeTestMethod()
#55 /workspaces/lamastudio-website/lamaStudio-sms/vendor/phpunit/phpunit/src/Framework/TestCase.php(521): PHPUnit\\Framework\\TestCase->runTest()
#56 /workspaces/lamastudio-website/lamaStudio-sms/vendor/phpunit/phpunit/src/Framework/TestRunner/TestRunner.php(99): PHPUnit\\Framework\\TestCase->runBare()
#57 /workspaces/lamastudio-website/lamaStudio-sms/vendor/phpunit/phpunit/src/Framework/TestCase.php(361): PHPUnit\\Framework\\TestRunner->run()
#58 /workspaces/lamastudio-website/lamaStudio-sms/vendor/phpunit/phpunit/src/Framework/TestSuite.php(374): PHPUnit\\Framework\\TestCase->run()
#59 /workspaces/lamastudio-website/lamaStudio-sms/vendor/phpunit/phpunit/src/TextUI/TestRunner.php(64): PHPUnit\\Framework\\TestSuite->run()
#60 /workspaces/lamastudio-website/lamaStudio-sms/vendor/phpunit/phpunit/src/TextUI/Application.php(229): PHPUnit\\TextUI\\TestRunner->run()
#61 /workspaces/lamastudio-website/lamaStudio-sms/vendor/phpunit/phpunit/phpunit(104): PHPUnit\\TextUI\\Application->run()
#62 {main}

[previous exception] [object] (ReflectionException(code: -1): Class \"App\\Http\\Controllers\\studentcontroller\" does not exist at /workspaces/lamastudio-website/lamaStudio-sms/vendor/laravel/framework/src/Illuminate/Container/Container.php:1144)
[stacktrace]
#0 /workspaces/lamastudio-website/lamaStudio-sms/vendor/laravel/framework/src/Illuminate/Container/Container.php(1144): ReflectionClass->__construct()
#1 /workspaces/lamastudio-website/lamaStudio-sms/vendor/laravel/framework/src/Illuminate/Container/Container.php(937): Illuminate\\Container\\Container->build()
#2 /workspaces/lamastudio-website/lamaStudio-sms/vendor/laravel/framework/src/Illuminate/Foundation/Application.php(1085): Illuminate\\Container\\Container->resolve()
#3 /workspaces/lamastudio-website/lamaStudio-sms/vendor/laravel/framework/src/Illuminate/Container/Container.php(865): Illuminate\\Foundation\\Application->resolve()
#4 /workspaces/lamastudio-website/lamaStudio-sms/vendor/laravel/framework/src/Illuminate/Foundation/Application.php(1065): Illuminate\\Container\\Container->make()
#5 /workspaces/lamastudio-website/lamaStudio-sms/vendor/laravel/framework/src/Illuminate/Routing/Route.php(297): Illuminate\\Foundation\\Application->make()
#6 /workspaces/lamastudio-website/lamaStudio-sms/vendor/laravel/framework/src/Illuminate/Routing/Route.php(277): Illuminate\\Routing\\Route->getController()
#7 /workspaces/lamastudio-website/lamaStudio-sms/vendor/laravel/framework/src/Illuminate/Routing/Route.php(216): Illuminate\\Routing\\Route->runController()
#8 /workspaces/lamastudio-website/lamaStudio-sms/vendor/laravel/framework/src/Illuminate/Routing/Router.php(822): Illuminate\\Routing\\Route->run()
#9 /workspaces/lamastudio-website/lamaStudio-sms/vendor/laravel/framework/src/Illuminate/Pipeline/Pipeline.php(180): Illuminate\\Routing\\Router->{closure:Illuminate\\Routing\\Router::runRouteWithinStack():821}()
#10 /workspaces/lamastudio-website/lamaStudio-sms/vendor/laravel/framework/src/Illuminate/Routing/Middleware/SubstituteBindings.php(52): Illuminate\\Pipeline\\Pipeline->{closure:Illuminate\\Pipeline\\Pipeline::prepareDestination():178}()
#11 /workspaces/lamastudio-website/lamaStudio-sms/vendor/laravel/framework/src/Illuminate/Pipeline/Pipeline.php(219): Illuminate\\Routing\\Middleware\\SubstituteBindings->handle()
#12 /workspaces/lamastudio-website/lamaStudio-sms/vendor/laravel/framework/src/Illuminate/Foundation/Http/Middleware/PreventRequestForgery.php(104): Illuminate\\Pipeline\\Pipeline->{closure:{closure:Illuminate\\Pipeline\\Pipeline::carry():194}:195}()
#13 /workspaces/lamastudio-website/lamaStudio-sms/vendor/laravel/framework/src/Illuminate/Pipeline/Pipeline.php(219): Illuminate\\Foundation\\Http\\Middleware\\PreventRequestForgery->handle()
#14 /workspaces/lamastudio-website/lamaStudio-sms/vendor/laravel/framework/src/Illuminate/View/Middleware/ShareErrorsFromSession.php(48): Illuminate\\Pipeline\\Pipeline->{closure:{closure:Illuminate\\Pipeline\\Pipeline::carry():194}:195}()
#15 /workspaces/lamastudio-website/lamaStudio-sms/vendor/laravel/framework/src/Illuminate/Pipeline/Pipeline.php(219): Illuminate\\View\\Middleware\\ShareErrorsFromSession->handle()
#16 /workspaces/lamastudio-website/lamaStudio-sms/vendor/laravel/framework/src/Illuminate/Session/Middleware/StartSession.php(120): Illuminate\\Pipeline\\Pipeline->{closure:{closure:Illuminate\\Pipeline\\Pipeline::carry():194}:195}()
#17 /workspaces/lamastudio-website/lamaStudio-sms/vendor/laravel/framework/src/Illuminate/Session/Middleware/StartSession.php(63): Illuminate\\Session\\Middleware\\StartSession->handleStatefulRequest()
#18 /workspaces/lamastudio-website/lamaStudio-sms/vendor/laravel/framework/src/Illuminate/Pipeline/Pipeline.php(219): Illuminate\\Session\\Middleware\\StartSession->handle()
#19 /workspaces/lamastudio-website/lamaStudio-sms/vendor/laravel/framework/src/Illuminate/Cookie/Middleware/AddQueuedCookiesToResponse.php(36): Illuminate\\Pipeline\\Pipeline->{closure:{closure:Illuminate\\Pipeline\\Pipeline::carry():194}:195}()
#20 /workspaces/lamastudio-website/lamaStudio-sms/vendor/laravel/framework/src/Illuminate/Pipeline/Pipeline.php(219): Illuminate\\Cookie\\Middleware\\AddQueuedCookiesToResponse->handle()
#21 /workspaces/lamastudio-website/lamaStudio-sms/vendor/laravel/framework/src/Illuminate/Cookie/Middleware/EncryptCookies.php(74): Illuminate\\Pipeline\\Pipeline->{closure:{closure:Illuminate\\Pipeline\\Pipeline::carry():194}:195}()
#22 /workspaces/lamastudio-website/lamaStudio-sms/vendor/laravel/framework/src/Illuminate/Pipeline/Pipeline.php(219): Illuminate\\Cookie\\Middleware\\EncryptCookies->handle()
#23 /workspaces/lamastudio-website/lamaStudio-sms/vendor/laravel/framework/src/Illuminate/Pipeline/Pipeline.php(137): Illuminate\\Pipeline\\Pipeline->{closure:{closure:Illuminate\\Pipeline\\Pipeline::carry():194}:195}()
#24 /workspaces/lamastudio-website/lamaStudio-sms/vendor/laravel/framework/src/Illuminate/Routing/Router.php(821): Illuminate\\Pipeline\\Pipeline->then()
#25 /workspaces/lamastudio-website/lamaStudio-sms/vendor/laravel/framework/src/Illuminate/Routing/Router.php(800): Illuminate\\Routing\\Router->runRouteWithinStack()
#26 /workspaces/lamastudio-website/lamaStudio-sms/vendor/laravel/framework/src/Illuminate/Routing/Router.php(764): Illuminate\\Routing\\Router->runRoute()
#27 /workspaces/lamastudio-website/lamaStudio-sms/vendor/laravel/framework/src/Illuminate/Routing/Router.php(753): Illuminate\\Routing\\Router->dispatchToRoute()
#28 /workspaces/lamastudio-website/lamaStudio-sms/vendor/laravel/framework/src/Illuminate/Foundation/Http/Kernel.php(200): Illuminate\\Routing\\Router->dispatch()
#29 /workspaces/lamastudio-website/lamaStudio-sms/vendor/laravel/framework/src/Illuminate/Pipeline/Pipeline.php(180): Illuminate\\Foundation\\Http\\Kernel->{closure:Illuminate\\Foundation\\Http\\Kernel::dispatchToRouter():197}()
#30 /workspaces/lamastudio-website/lamaStudio-sms/vendor/laravel/framework/src/Illuminate/Foundation/Http/Middleware/TransformsRequest.php(21): Illuminate\\Pipeline\\Pipeline->{closure:Illuminate\\Pipeline\\Pipeline::prepareDestination():178}()
#31 /workspaces/lamastudio-website/lamaStudio-sms/vendor/laravel/framework/src/Illuminate/Foundation/Http/Middleware/ConvertEmptyStringsToNull.php(31): Illuminate\\Foundation\\Http\\Middleware\\TransformsRequest->handle()
#32 /workspaces/lamastudio-website/lamaStudio-sms/vendor/laravel/framework/src/Illuminate/Pipeline/Pipeline.php(219): Illuminate\\Foundation\\Http\\Middleware\\ConvertEmptyStringsToNull->handle()
#33 /workspaces/lamastudio-website/lamaStudio-sms/vendor/laravel/framework/src/Illuminate/Foundation/Http/Middleware/TransformsRequest.php(21): Illuminate\\Pipeline\\Pipeline->{closure:{closure:Illuminate\\Pipeline\\Pipeline::carry():194}:195}()
#34 /workspaces/lamastudio-website/lamaStudio-sms/vendor/laravel/framework/src/Illuminate/Foundation/Http/Middleware/TrimStrings.php(51): Illuminate\\Foundation\\Http\\Middleware\\TransformsRequest->handle()
#35 /workspaces/lamastudio-website/lamaStudio-sms/vendor/laravel/framework/src/Illuminate/Pipeline/Pipeline.php(219): Illuminate\\Foundation\\Http\\Middleware\\TrimStrings->handle()
#36 /workspaces/lamastudio-website/lamaStudio-sms/vendor/laravel/framework/src/Illuminate/Http/Middleware/ValidatePostSize.php(27): Illuminate\\Pipeline\\Pipeline->{closure:{closure:Illuminate\\Pipeline\\Pipeline::carry():194}:195}()
#37 /workspaces/lamastudio-website/lamaStudio-sms/vendor/laravel/framework/src/Illuminate/Pipeline/Pipeline.php(219): Illuminate\\Http\\Middleware\\ValidatePostSize->handle()
#38 /workspaces/lamastudio-website/lamaStudio-sms/vendor/laravel/framework/src/Illuminate/Foundation/Http/Middleware/PreventRequestsDuringMaintenance.php(109): Illuminate\\Pipeline\\Pipeline->{closure:{closure:Illuminate\\Pipeline\\Pipeline::carry():194}:195}()
#39 /workspaces/lamastudio-website/lamaStudio-sms/vendor/laravel/framework/src/Illuminate/Pipeline/Pipeline.php(219): Illuminate\\Foundation\\Http\\Middleware\\PreventRequestsDuringMaintenance->handle()
#40 /workspaces/lamastudio-website/lamaStudio-sms/vendor/laravel/framework/src/Illuminate/Http/Middleware/HandleCors.php(61): Illuminate\\Pipeline\\Pipeline->{closure:{closure:Illuminate\\Pipeline\\Pipeline::carry():194}:195}()
#41 /workspaces/lamastudio-website/lamaStudio-sms/vendor/laravel/framework/src/Illuminate/Pipeline/Pipeline.php(219): Illuminate\\Http\\Middleware\\HandleCors->handle()
#42 /workspaces/lamastudio-website/lamaStudio-sms/vendor/laravel/framework/src/Illuminate/Http/Middleware/TrustProxies.php(58): Illuminate\\Pipeline\\Pipeline->{closure:{closure:Illuminate\\Pipeline\\Pipeline::carry():194}:195}()
#43 /workspaces/lamastudio-website/lamaStudio-sms/vendor/laravel/framework/src/Illuminate/Pipeline/Pipeline.php(219): Illuminate\\Http\\Middleware\\TrustProxies->handle()
#44 /workspaces/lamastudio-website/lamaStudio-sms/vendor/laravel/framework/src/Illuminate/Foundation/Http/Middleware/InvokeDeferredCallbacks.php(22): Illuminate\\Pipeline\\Pipeline->{closure:{closure:Illuminate\\Pipeline\\Pipeline::carry():194}:195}()
#45 /workspaces/lamastudio-website/lamaStudio-sms/vendor/laravel/framework/src/Illuminate/Pipeline/Pipeline.php(219): Illuminate\\Foundation\\Http\\Middleware\\InvokeDeferredCallbacks->handle()
#46 /workspaces/lamastudio-website/lamaStudio-sms/vendor/laravel/framework/src/Illuminate/Http/Middleware/ValidatePathEncoding.php(28): Illuminate\\Pipeline\\Pipeline->{closure:{closure:Illuminate\\Pipeline\\Pipeline::carry():194}:195}()
#47 /workspaces/lamastudio-website/lamaStudio-sms/vendor/laravel/framework/src/Illuminate/Pipeline/Pipeline.php(219): Illuminate\\Http\\Middleware\\ValidatePathEncoding->handle()
#48 /workspaces/lamastudio-website/lamaStudio-sms/vendor/laravel/framework/src/Illuminate/Pipeline/Pipeline.php(137): Illuminate\\Pipeline\\Pipeline->{closure:{closure:Illuminate\\Pipeline\\Pipeline::carry():194}:195}()
#49 /workspaces/lamastudio-website/lamaStudio-sms/vendor/laravel/framework/src/Illuminate/Foundation/Http/Kernel.php(175): Illuminate\\Pipeline\\Pipeline->then()
#50 /workspaces/lamastudio-website/lamaStudio-sms/vendor/laravel/framework/src/Illuminate/Foundation/Http/Kernel.php(144): Illuminate\\Foundation\\Http\\Kernel->sendRequestThroughRouter()
#51 /workspaces/lamastudio-website/lamaStudio-sms/vendor/laravel/framework/src/Illuminate/Foundation/Testing/Concerns/MakesHttpRequests.php(638): Illuminate\\Foundation\\Http\\Kernel->handle()
#52 /workspaces/lamastudio-website/lamaStudio-sms/vendor/laravel/framework/src/Illuminate/Foundation/Testing/Concerns/MakesHttpRequests.php(397): Illuminate\\Foundation\\Testing\\TestCase->call()
#53 /workspaces/lamastudio-website/lamaStudio-sms/tests/Feature/StudentManagementTest.php(39): Illuminate\\Foundation\\Testing\\TestCase->post()
#54 /workspaces/lamastudio-website/lamaStudio-sms/vendor/phpunit/phpunit/src/Framework/TestCase.php(1318): Tests\\Feature\\StudentManagementTest->test_student_creation_requires_valid_input()
#55 /workspaces/lamastudio-website/lamaStudio-sms/vendor/phpunit/phpunit/src/Framework/TestCase.php(1355): PHPUnit\\Framework\\TestCase->invokeTestMethod()
#56 /workspaces/lamastudio-website/lamaStudio-sms/vendor/phpunit/phpunit/src/Framework/TestCase.php(521): PHPUnit\\Framework\\TestCase->runTest()
#57 /workspaces/lamastudio-website/lamaStudio-sms/vendor/phpunit/phpunit/src/Framework/TestRunner/TestRunner.php(99): PHPUnit\\Framework\\TestCase->runBare()
#58 /workspaces/lamastudio-website/lamaStudio-sms/vendor/phpunit/phpunit/src/Framework/TestCase.php(361): PHPUnit\\Framework\\TestRunner->run()
#59 /workspaces/lamastudio-website/lamaStudio-sms/vendor/phpunit/phpunit/src/Framework/TestSuite.php(374): PHPUnit\\Framework\\TestCase->run()
#60 /workspaces/lamastudio-website/lamaStudio-sms/vendor/phpunit/phpunit/src/TextUI/TestRunner.php(64): PHPUnit\\Framework\\TestSuite->run()
#61 /workspaces/lamastudio-website/lamaStudio-sms/vendor/phpunit/phpunit/src/TextUI/Application.php(229): PHPUnit\\TextUI\\TestRunner->run()
#62 /workspaces/lamastudio-website/lamaStudio-sms/vendor/phpunit/phpunit/phpunit(104): PHPUnit\\TextUI\\Application->run()
#63 {main}
"} 
[2026-08-03 12:03:21] testing.ERROR: Class "App\Models\Attendance" not found {"exception":"[object] (Error(code: 0): Class \"App\\Models\\Attendance\" not found at /workspaces/lamastudio-website/lamaStudio-sms/app/Http/Controllers/AttendanceController.php:14)
[stacktrace]
#0 /workspaces/lamastudio-website/lamaStudio-sms/vendor/laravel/framework/src/Illuminate/Routing/ControllerDispatcher.php(46): App\\Http\\Controllers\\AttendanceController->index()
#1 /workspaces/lamastudio-website/lamaStudio-sms/vendor/laravel/framework/src/Illuminate/Routing/Route.php(276): Illuminate\\Routing\\ControllerDispatcher->dispatch()
#2 /workspaces/lamastudio-website/lamaStudio-sms/vendor/laravel/framework/src/Illuminate/Routing/Route.php(216): Illuminate\\Routing\\Route->runController()
#3 /workspaces/lamastudio-website/lamaStudio-sms/vendor/laravel/framework/src/Illuminate/Routing/Router.php(822): Illuminate\\Routing\\Route->run()
#4 /workspaces/lamastudio-website/lamaStudio-sms/vendor/laravel/framework/src/Illuminate/Pipeline/Pipeline.php(180): Illuminate\\Routing\\Router->{closure:Illuminate\\Routing\\Router::runRouteWithinStack():821}()
#5 /workspaces/lamastudio-website/lamaStudio-sms/vendor/laravel/framework/src/Illuminate/Routing/Middleware/SubstituteBindings.php(52): Illuminate\\Pipeline\\Pipeline->{closure:Illuminate\\Pipeline\\Pipeline::prepareDestination():178}()
#6 /workspaces/lamastudio-website/lamaStudio-sms/vendor/laravel/framework/src/Illuminate/Pipeline/Pipeline.php(219): Illuminate\\Routing\\Middleware\\SubstituteBindings->handle()
#7 /workspaces/lamastudio-website/lamaStudio-sms/vendor/laravel/framework/src/Illuminate/Foundation/Http/Middleware/PreventRequestForgery.php(104): Illuminate\\Pipeline\\Pipeline->{closure:{closure:Illuminate\\Pipeline\\Pipeline::carry():194}:195}()
#8 /workspaces/lamastudio-website/lamaStudio-sms/vendor/laravel/framework/src/Illuminate/Pipeline/Pipeline.php(219): Illuminate\\Foundation\\Http\\Middleware\\PreventRequestForgery->handle()
#9 /workspaces/lamastudio-website/lamaStudio-sms/vendor/laravel/framework/src/Illuminate/View/Middleware/ShareErrorsFromSession.php(48): Illuminate\\Pipeline\\Pipeline->{closure:{closure:Illuminate\\Pipeline\\Pipeline::carry():194}:195}()
#10 /workspaces/lamastudio-website/lamaStudio-sms/vendor/laravel/framework/src/Illuminate/Pipeline/Pipeline.php(219): Illuminate\\View\\Middleware\\ShareErrorsFromSession->handle()
#11 /workspaces/lamastudio-website/lamaStudio-sms/vendor/laravel/framework/src/Illuminate/Session/Middleware/StartSession.php(120): Illuminate\\Pipeline\\Pipeline->{closure:{closure:Illuminate\\Pipeline\\Pipeline::carry():194}:195}()
#12 /workspaces/lamastudio-website/lamaStudio-sms/vendor/laravel/framework/src/Illuminate/Session/Middleware/StartSession.php(63): Illuminate\\Session\\Middleware\\StartSession->handleStatefulRequest()
#13 /workspaces/lamastudio-website/lamaStudio-sms/vendor/laravel/framework/src/Illuminate/Pipeline/Pipeline.php(219): Illuminate\\Session\\Middleware\\StartSession->handle()
#14 /workspaces/lamastudio-website/lamaStudio-sms/vendor/laravel/framework/src/Illuminate/Cookie/Middleware/AddQueuedCookiesToResponse.php(36): Illuminate\\Pipeline\\Pipeline->{closure:{closure:Illuminate\\Pipeline\\Pipeline::carry():194}:195}()
#15 /workspaces/lamastudio-website/lamaStudio-sms/vendor/laravel/framework/src/Illuminate/Pipeline/Pipeline.php(219): Illuminate\\Cookie\\Middleware\\AddQueuedCookiesToResponse->handle()
#16 /workspaces/lamastudio-website/lamaStudio-sms/vendor/laravel/framework/src/Illuminate/Cookie/Middleware/EncryptCookies.php(74): Illuminate\\Pipeline\\Pipeline->{closure:{closure:Illuminate\\Pipeline\\Pipeline::carry():194}:195}()
#17 /workspaces/lamastudio-website/lamaStudio-sms/vendor/laravel/framework/src/Illuminate/Pipeline/Pipeline.php(219): Illuminate\\Cookie\\Middleware\\EncryptCookies->handle()
#18 /workspaces/lamastudio-website/lamaStudio-sms/vendor/laravel/framework/src/Illuminate/Pipeline/Pipeline.php(137): Illuminate\\Pipeline\\Pipeline->{closure:{closure:Illuminate\\Pipeline\\Pipeline::carry():194}:195}()
#19 /workspaces/lamastudio-website/lamaStudio-sms/vendor/laravel/framework/src/Illuminate/Routing/Router.php(821): Illuminate\\Pipeline\\Pipeline->then()
#20 /workspaces/lamastudio-website/lamaStudio-sms/vendor/laravel/framework/src/Illuminate/Routing/Router.php(800): Illuminate\\Routing\\Router->runRouteWithinStack()
#21 /workspaces/lamastudio-website/lamaStudio-sms/vendor/laravel/framework/src/Illuminate/Routing/Router.php(764): Illuminate\\Routing\\Router->runRoute()
#22 /workspaces/lamastudio-website/lamaStudio-sms/vendor/laravel/framework/src/Illuminate/Routing/Router.php(753): Illuminate\\Routing\\Router->dispatchToRoute()
#23 /workspaces/lamastudio-website/lamaStudio-sms/vendor/laravel/framework/src/Illuminate/Foundation/Http/Kernel.php(200): Illuminate\\Routing\\Router->dispatch()
#24 /workspaces/lamastudio-website/lamaStudio-sms/vendor/laravel/framework/src/Illuminate/Pipeline/Pipeline.php(180): Illuminate\\Foundation\\Http\\Kernel->{closure:Illuminate\\Foundation\\Http\\Kernel::dispatchToRouter():197}()
#25 /workspaces/lamastudio-website/lamaStudio-sms/vendor/laravel/framework/src/Illuminate/Foundation/Http/Middleware/TransformsRequest.php(21): Illuminate\\Pipeline\\Pipeline->{closure:Illuminate\\Pipeline\\Pipeline::prepareDestination():178}()
#26 /workspaces/lamastudio-website/lamaStudio-sms/vendor/laravel/framework/src/Illuminate/Foundation/Http/Middleware/ConvertEmptyStringsToNull.php(31): Illuminate\\Foundation\\Http\\Middleware\\TransformsRequest->handle()
#27 /workspaces/lamastudio-website/lamaStudio-sms/vendor/laravel/framework/src/Illuminate/Pipeline/Pipeline.php(219): Illuminate\\Foundation\\Http\\Middleware\\ConvertEmptyStringsToNull->handle()
#28 /workspaces/lamastudio-website/lamaStudio-sms/vendor/laravel/framework/src/Illuminate/Foundation/Http/Middleware/TransformsRequest.php(21): Illuminate\\Pipeline\\Pipeline->{closure:{closure:Illuminate\\Pipeline\\Pipeline::carry():194}:195}()
#29 /workspaces/lamastudio-website/lamaStudio-sms/vendor/laravel/framework/src/Illuminate/Foundation/Http/Middleware/TrimStrings.php(51): Illuminate\\Foundation\\Http\\Middleware\\TransformsRequest->handle()
#30 /workspaces/lamastudio-website/lamaStudio-sms/vendor/laravel/framework/src/Illuminate/Pipeline/Pipeline.php(219): Illuminate\\Foundation\\Http\\Middleware\\TrimStrings->handle()
#31 /workspaces/lamastudio-website/lamaStudio-sms/vendor/laravel/framework/src/Illuminate/Http/Middleware/ValidatePostSize.php(27): Illuminate\\Pipeline\\Pipeline->{closure:{closure:Illuminate\\Pipeline\\Pipeline::carry():194}:195}()
#32 /workspaces/lamastudio-website/lamaStudio-sms/vendor/laravel/framework/src/Illuminate/Pipeline/Pipeline.php(219): Illuminate\\Http\\Middleware\\ValidatePostSize->handle()
#33 /workspaces/lamastudio-website/lamaStudio-sms/vendor/laravel/framework/src/Illuminate/Foundation/Http/Middleware/PreventRequestsDuringMaintenance.php(109): Illuminate\\Pipeline\\Pipeline->{closure:{closure:Illuminate\\Pipeline\\Pipeline::carry():194}:195}()
#34 /workspaces/lamastudio-website/lamaStudio-sms/vendor/laravel/framework/src/Illuminate/Pipeline/Pipeline.php(219): Illuminate\\Foundation\\Http\\Middleware\\PreventRequestsDuringMaintenance->handle()
#35 /workspaces/lamastudio-website/lamaStudio-sms/vendor/laravel/framework/src/Illuminate/Http/Middleware/HandleCors.php(61): Illuminate\\Pipeline\\Pipeline->{closure:{closure:Illuminate\\Pipeline\\Pipeline::carry():194}:195}()
#36 /workspaces/lamastudio-website/lamaStudio-sms/vendor/laravel/framework/src/Illuminate/Pipeline/Pipeline.php(219): Illuminate\\Http\\Middleware\\HandleCors->handle()
#37 /workspaces/lamastudio-website/lamaStudio-sms/vendor/laravel/framework/src/Illuminate/Http/Middleware/TrustProxies.php(58): Illuminate\\Pipeline\\Pipeline->{closure:{closure:Illuminate\\Pipeline\\Pipeline::carry():194}:195}()
#38 /workspaces/lamastudio-website/lamaStudio-sms/vendor/laravel/framework/src/Illuminate/Pipeline/Pipeline.php(219): Illuminate\\Http\\Middleware\\TrustProxies->handle()
#39 /workspaces/lamastudio-website/lamaStudio-sms/vendor/laravel/framework/src/Illuminate/Foundation/Http/Middleware/InvokeDeferredCallbacks.php(22): Illuminate\\Pipeline\\Pipeline->{closure:{closure:Illuminate\\Pipeline\\Pipeline::carry():194}:195}()
#40 /workspaces/lamastudio-website/lamaStudio-sms/vendor/laravel/framework/src/Illuminate/Pipeline/Pipeline.php(219): Illuminate\\Foundation\\Http\\Middleware\\InvokeDeferredCallbacks->handle()
#41 /workspaces/lamastudio-website/lamaStudio-sms/vendor/laravel/framework/src/Illuminate/Http/Middleware/ValidatePathEncoding.php(28): Illuminate\\Pipeline\\Pipeline->{closure:{closure:Illuminate\\Pipeline\\Pipeline::carry():194}:195}()
#42 /workspaces/lamastudio-website/lamaStudio-sms/vendor/laravel/framework/src/Illuminate/Pipeline/Pipeline.php(219): Illuminate\\Http\\Middleware\\ValidatePathEncoding->handle()
#43 /workspaces/lamastudio-website/lamaStudio-sms/vendor/laravel/framework/src/Illuminate/Pipeline/Pipeline.php(137): Illuminate\\Pipeline\\Pipeline->{closure:{closure:Illuminate\\Pipeline\\Pipeline::carry():194}:195}()
#44 /workspaces/lamastudio-website/lamaStudio-sms/vendor/laravel/framework/src/Illuminate/Foundation/Http/Kernel.php(175): Illuminate\\Pipeline\\Pipeline->then()
#45 /workspaces/lamastudio-website/lamaStudio-sms/vendor/laravel/framework/src/Illuminate/Foundation/Http/Kernel.php(144): Illuminate\\Foundation\\Http\\Kernel->sendRequestThroughRouter()
#46 /workspaces/lamastudio-website/lamaStudio-sms/vendor/laravel/framework/src/Illuminate/Foundation/Testing/Concerns/MakesHttpRequests.php(638): Illuminate\\Foundation\\Http\\Kernel->handle()
#47 /workspaces/lamastudio-website/lamaStudio-sms/vendor/laravel/framework/src/Illuminate/Foundation/Testing/Concerns/MakesHttpRequests.php(368): Illuminate\\Foundation\\Testing\\TestCase->call()
#48 /workspaces/lamastudio-website/lamaStudio-sms/tests/Feature/SchoolModulePagesTest.php(15): Illuminate\\Foundation\\Testing\\TestCase->get()
#49 /workspaces/lamastudio-website/lamaStudio-sms/vendor/phpunit/phpunit/src/Framework/TestCase.php(1318): Tests\\Feature\\SchoolModulePagesTest->test_attendance_page_loads()
#50 /workspaces/lamastudio-website/lamaStudio-sms/vendor/phpunit/phpunit/src/Framework/TestCase.php(1355): PHPUnit\\Framework\\TestCase->invokeTestMethod()
#51 /workspaces/lamastudio-website/lamaStudio-sms/vendor/phpunit/phpunit/src/Framework/TestCase.php(521): PHPUnit\\Framework\\TestCase->runTest()
#52 /workspaces/lamastudio-website/lamaStudio-sms/vendor/phpunit/phpunit/src/Framework/TestRunner/TestRunner.php(99): PHPUnit\\Framework\\TestCase->runBare()
#53 /workspaces/lamastudio-website/lamaStudio-sms/vendor/phpunit/phpunit/src/Framework/TestCase.php(361): PHPUnit\\Framework\\TestRunner->run()
#54 /workspaces/lamastudio-website/lamaStudio-sms/vendor/phpunit/phpunit/src/Framework/TestSuite.php(374): PHPUnit\\Framework\\TestCase->run()
#55 /workspaces/lamastudio-website/lamaStudio-sms/vendor/phpunit/phpunit/src/TextUI/TestRunner.php(64): PHPUnit\\Framework\\TestSuite->run()
#56 /workspaces/lamastudio-website/lamaStudio-sms/vendor/phpunit/phpunit/src/TextUI/Application.php(229): PHPUnit\\TextUI\\TestRunner->run()
#57 /workspaces/lamastudio-website/lamaStudio-sms/vendor/phpunit/phpunit/phpunit(104): PHPUnit\\TextUI\\Application->run()
#58 {main}
"} 
[2026-08-03 12:03:21] testing.ERROR: Class "App\Models\Fee" not found {"exception":"[object] (Error(code: 0): Class \"App\\Models\\Fee\" not found at /workspaces/lamastudio-website/lamaStudio-sms/app/Http/Controllers/FeeController.php:15)
[stacktrace]
#0 /workspaces/lamastudio-website/lamaStudio-sms/vendor/laravel/framework/src/Illuminate/Routing/ControllerDispatcher.php(46): App\\Http\\Controllers\\FeeController->index()
#1 /workspaces/lamastudio-website/lamaStudio-sms/vendor/laravel/framework/src/Illuminate/Routing/Route.php(276): Illuminate\\Routing\\ControllerDispatcher->dispatch()
#2 /workspaces/lamastudio-website/lamaStudio-sms/vendor/laravel/framework/src/Illuminate/Routing/Route.php(216): Illuminate\\Routing\\Route->runController()
#3 /workspaces/lamastudio-website/lamaStudio-sms/vendor/laravel/framework/src/Illuminate/Routing/Router.php(822): Illuminate\\Routing\\Route->run()
#4 /workspaces/lamastudio-website/lamaStudio-sms/vendor/laravel/framework/src/Illuminate/Pipeline/Pipeline.php(180): Illuminate\\Routing\\Router->{closure:Illuminate\\Routing\\Router::runRouteWithinStack():821}()
#5 /workspaces/lamastudio-website/lamaStudio-sms/vendor/laravel/framework/src/Illuminate/Routing/Middleware/SubstituteBindings.php(52): Illuminate\\Pipeline\\Pipeline->{closure:Illuminate\\Pipeline\\Pipeline::prepareDestination():178}()
#6 /workspaces/lamastudio-website/lamaStudio-sms/vendor/laravel/framework/src/Illuminate/Pipeline/Pipeline.php(219): Illuminate\\Routing\\Middleware\\SubstituteBindings->handle()
#7 /workspaces/lamastudio-website/lamaStudio-sms/vendor/laravel/framework/src/Illuminate/Foundation/Http/Middleware/PreventRequestForgery.php(104): Illuminate\\Pipeline\\Pipeline->{closure:{closure:Illuminate\\Pipeline\\Pipeline::carry():194}:195}()
#8 /workspaces/lamastudio-website/lamaStudio-sms/vendor/laravel/framework/src/Illuminate/Pipeline/Pipeline.php(219): Illuminate\\Foundation\\Http\\Middleware\\PreventRequestForgery->handle()
#9 /workspaces/lamastudio-website/lamaStudio-sms/vendor/laravel/framework/src/Illuminate/View/Middleware/ShareErrorsFromSession.php(48): Illuminate\\Pipeline\\Pipeline->{closure:{closure:Illuminate\\Pipeline\\Pipeline::carry():194}:195}()
#10 /workspaces/lamastudio-website/lamaStudio-sms/vendor/laravel/framework/src/Illuminate/Pipeline/Pipeline.php(219): Illuminate\\View\\Middleware\\ShareErrorsFromSession->handle()
#11 /workspaces/lamastudio-website/lamaStudio-sms/vendor/laravel/framework/src/Illuminate/Session/Middleware/StartSession.php(120): Illuminate\\Pipeline\\Pipeline->{closure:{closure:Illuminate\\Pipeline\\Pipeline::carry():194}:195}()
#12 /workspaces/lamastudio-website/lamaStudio-sms/vendor/laravel/framework/src/Illuminate/Session/Middleware/StartSession.php(63): Illuminate\\Session\\Middleware\\StartSession->handleStatefulRequest()
#13 /workspaces/lamastudio-website/lamaStudio-sms/vendor/laravel/framework/src/Illuminate/Pipeline/Pipeline.php(219): Illuminate\\Session\\Middleware\\StartSession->handle()
#14 /workspaces/lamastudio-website/lamaStudio-sms/vendor/laravel/framework/src/Illuminate/Cookie/Middleware/AddQueuedCookiesToResponse.php(36): Illuminate\\Pipeline\\Pipeline->{closure:{closure:Illuminate\\Pipeline\\Pipeline::carry():194}:195}()
#15 /workspaces/lamastudio-website/lamaStudio-sms/vendor/laravel/framework/src/Illuminate/Pipeline/Pipeline.php(219): Illuminate\\Cookie\\Middleware\\AddQueuedCookiesToResponse->handle()
#16 /workspaces/lamastudio-website/lamaStudio-sms/vendor/laravel/framework/src/Illuminate/Cookie/Middleware/EncryptCookies.php(74): Illuminate\\Pipeline\\Pipeline->{closure:{closure:Illuminate\\Pipeline\\Pipeline::carry():194}:195}()
#17 /workspaces/lamastudio-website/lamaStudio-sms/vendor/laravel/framework/src/Illuminate/Pipeline/Pipeline.php(219): Illuminate\\Cookie\\Middleware\\EncryptCookies->handle()
#18 /workspaces/lamastudio-website/lamaStudio-sms/vendor/laravel/framework/src/Illuminate/Pipeline/Pipeline.php(137): Illuminate\\Pipeline\\Pipeline->{closure:{closure:Illuminate\\Pipeline\\Pipeline::carry():194}:195}()
#19 /workspaces/lamastudio-website/lamaStudio-sms/vendor/laravel/framework/src/Illuminate/Routing/Router.php(821): Illuminate\\Pipeline\\Pipeline->then()
#20 /workspaces/lamastudio-website/lamaStudio-sms/vendor/laravel/framework/src/Illuminate/Routing/Router.php(800): Illuminate\\Routing\\Router->runRouteWithinStack()
#21 /workspaces/lamastudio-website/lamaStudio-sms/vendor/laravel/framework/src/Illuminate/Routing/Router.php(764): Illuminate\\Routing\\Router->runRoute()
#22 /workspaces/lamastudio-website/lamaStudio-sms/vendor/laravel/framework/src/Illuminate/Routing/Router.php(753): Illuminate\\Routing\\Router->dispatchToRoute()
#23 /workspaces/lamastudio-website/lamaStudio-sms/vendor/laravel/framework/src/Illuminate/Foundation/Http/Kernel.php(200): Illuminate\\Routing\\Router->dispatch()
#24 /workspaces/lamastudio-website/lamaStudio-sms/vendor/laravel/framework/src/Illuminate/Pipeline/Pipeline.php(180): Illuminate\\Foundation\\Http\\Kernel->{closure:Illuminate\\Foundation\\Http\\Kernel::dispatchToRouter():197}()
#25 /workspaces/lamastudio-website/lamaStudio-sms/vendor/laravel/framework/src/Illuminate/Foundation/Http/Middleware/TransformsRequest.php(21): Illuminate\\Pipeline\\Pipeline->{closure:Illuminate\\Pipeline\\Pipeline::prepareDestination():178}()
#26 /workspaces/lamastudio-website/lamaStudio-sms/vendor/laravel/framework/src/Illuminate/Foundation/Http/Middleware/ConvertEmptyStringsToNull.php(31): Illuminate\\Foundation\\Http\\Middleware\\TransformsRequest->handle()
#27 /workspaces/lamastudio-website/lamaStudio-sms/vendor/laravel/framework/src/Illuminate/Pipeline/Pipeline.php(219): Illuminate\\Foundation\\Http\\Middleware\\ConvertEmptyStringsToNull->handle()
#28 /workspaces/lamastudio-website/lamaStudio-sms/vendor/laravel/framework/src/Illuminate/Foundation/Http/Middleware/TransformsRequest.php(21): Illuminate\\Pipeline\\Pipeline->{closure:{closure:Illuminate\\Pipeline\\Pipeline::carry():194}:195}()
#29 /workspaces/lamastudio-website/lamaStudio-sms/vendor/laravel/framework/src/Illuminate/Foundation/Http/Middleware/TrimStrings.php(51): Illuminate\\Foundation\\Http\\Middleware\\TransformsRequest->handle()
#30 /workspaces/lamastudio-website/lamaStudio-sms/vendor/laravel/framework/src/Illuminate/Pipeline/Pipeline.php(219): Illuminate\\Foundation\\Http\\Middleware\\TrimStrings->handle()
#31 /workspaces/lamastudio-website/lamaStudio-sms/vendor/laravel/framework/src/Illuminate/Http/Middleware/ValidatePostSize.php(27): Illuminate\\Pipeline\\Pipeline->{closure:{closure:Illuminate\\Pipeline\\Pipeline::carry():194}:195}()
#32 /workspaces/lamastudio-website/lamaStudio-sms/vendor/laravel/framework/src/Illuminate/Pipeline/Pipeline.php(219): Illuminate\\Http\\Middleware\\ValidatePostSize->handle()
#33 /workspaces/lamastudio-website/lamaStudio-sms/vendor/laravel/framework/src/Illuminate/Foundation/Http/Middleware/PreventRequestsDuringMaintenance.php(109): Illuminate\\Pipeline\\Pipeline->{closure:{closure:Illuminate\\Pipeline\\Pipeline::carry():194}:195}()
#34 /workspaces/lamastudio-website/lamaStudio-sms/vendor/laravel/framework/src/Illuminate/Pipeline/Pipeline.php(219): Illuminate\\Foundation\\Http\\Middleware\\PreventRequestsDuringMaintenance->handle()
#35 /workspaces/lamastudio-website/lamaStudio-sms/vendor/laravel/framework/src/Illuminate/Http/Middleware/HandleCors.php(61): Illuminate\\Pipeline\\Pipeline->{closure:{closure:Illuminate\\Pipeline\\Pipeline::carry():194}:195}()
#36 /workspaces/lamastudio-website/lamaStudio-sms/vendor/laravel/framework/src/Illuminate/Pipeline/Pipeline.php(219): Illuminate\\Http\\Middleware\\HandleCors->handle()
#37 /workspaces/lamastudio-website/lamaStudio-sms/vendor/laravel/framework/src/Illuminate/Http/Middleware/TrustProxies.php(58): Illuminate\\Pipeline\\Pipeline->{closure:{closure:Illuminate\\Pipeline\\Pipeline::carry():194}:195}()
#38 /workspaces/lamastudio-website/lamaStudio-sms/vendor/laravel/framework/src/Illuminate/Pipeline/Pipeline.php(219): Illuminate\\Http\\Middleware\\TrustProxies->handle()
#39 /workspaces/lamastudio-website/lamaStudio-sms/vendor/laravel/framework/src/Illuminate/Foundation/Http/Middleware/InvokeDeferredCallbacks.php(22): Illuminate\\Pipeline\\Pipeline->{closure:{closure:Illuminate\\Pipeline\\Pipeline::carry():194}:195}()
#40 /workspaces/lamastudio-website/lamaStudio-sms/vendor/laravel/framework/src/Illuminate/Pipeline/Pipeline.php(219): Illuminate\\Foundation\\Http\\Middleware\\InvokeDeferredCallbacks->handle()
#41 /workspaces/lamastudio-website/lamaStudio-sms/vendor/laravel/framework/src/Illuminate/Http/Middleware/ValidatePathEncoding.php(28): Illuminate\\Pipeline\\Pipeline->{closure:{closure:Illuminate\\Pipeline\\Pipeline::carry():194}:195}()
#42 /workspaces/lamastudio-website/lamaStudio-sms/vendor/laravel/framework/src/Illuminate/Pipeline/Pipeline.php(219): Illuminate\\Http\\Middleware\\ValidatePathEncoding->handle()
#43 /workspaces/lamastudio-website/lamaStudio-sms/vendor/laravel/framework/src/Illuminate/Pipeline/Pipeline.php(137): Illuminate\\Pipeline\\Pipeline->{closure:{closure:Illuminate\\Pipeline\\Pipeline::carry():194}:195}()
#44 /workspaces/lamastudio-website/lamaStudio-sms/vendor/laravel/framework/src/Illuminate/Foundation/Http/Kernel.php(175): Illuminate\\Pipeline\\Pipeline->then()
#45 /workspaces/lamastudio-website/lamaStudio-sms/vendor/laravel/framework/src/Illuminate/Foundation/Http/Kernel.php(144): Illuminate\\Foundation\\Http\\Kernel->sendRequestThroughRouter()
#46 /workspaces/lamastudio-website/lamaStudio-sms/vendor/laravel/framework/src/Illuminate/Foundation/Testing/Concerns/MakesHttpRequests.php(638): Illuminate\\Foundation\\Http\\Kernel->handle()
#47 /workspaces/lamastudio-website/lamaStudio-sms/vendor/laravel/framework/src/Illuminate/Foundation/Testing/Concerns/MakesHttpRequests.php(368): Illuminate\\Foundation\\Testing\\TestCase->call()
#48 /workspaces/lamastudio-website/lamaStudio-sms/tests/Feature/SchoolModulePagesTest.php(23): Illuminate\\Foundation\\Testing\\TestCase->get()
#49 /workspaces/lamastudio-website/lamaStudio-sms/vendor/phpunit/phpunit/src/Framework/TestCase.php(1318): Tests\\Feature\\SchoolModulePagesTest->test_fee_page_loads()
#50 /workspaces/lamastudio-website/lamaStudio-sms/vendor/phpunit/phpunit/src/Framework/TestCase.php(1355): PHPUnit\\Framework\\TestCase->invokeTestMethod()
#51 /workspaces/lamastudio-website/lamaStudio-sms/vendor/phpunit/phpunit/src/Framework/TestCase.php(521): PHPUnit\\Framework\\TestCase->runTest()
#52 /workspaces/lamastudio-website/lamaStudio-sms/vendor/phpunit/phpunit/src/Framework/TestRunner/TestRunner.php(99): PHPUnit\\Framework\\TestCase->runBare()
#53 /workspaces/lamastudio-website/lamaStudio-sms/vendor/phpunit/phpunit/src/Framework/TestCase.php(361): PHPUnit\\Framework\\TestRunner->run()
#54 /workspaces/lamastudio-website/lamaStudio-sms/vendor/phpunit/phpunit/src/Framework/TestSuite.php(374): PHPUnit\\Framework\\TestCase->run()
#55 /workspaces/lamastudio-website/lamaStudio-sms/vendor/phpunit/phpunit/src/TextUI/TestRunner.php(64): PHPUnit\\Framework\\TestSuite->run()
#56 /workspaces/lamastudio-website/lamaStudio-sms/vendor/phpunit/phpunit/src/TextUI/Application.php(229): PHPUnit\\TextUI\\TestRunner->run()
#57 /workspaces/lamastudio-website/lamaStudio-sms/vendor/phpunit/phpunit/phpunit(104): PHPUnit\\TextUI\\Application->run()
#58 {main}
"} 
[2026-08-03 12:03:22] testing.ERROR: Class "App\Models\Exam" not found {"exception":"[object] (Error(code: 0): Class \"App\\Models\\Exam\" not found at /workspaces/lamastudio-website/lamaStudio-sms/app/Http/Controllers/ExamController.php:12)
[stacktrace]
#0 /workspaces/lamastudio-website/lamaStudio-sms/vendor/laravel/framework/src/Illuminate/Routing/ControllerDispatcher.php(46): App\\Http\\Controllers\\ExamController->index()
#1 /workspaces/lamastudio-website/lamaStudio-sms/vendor/laravel/framework/src/Illuminate/Routing/Route.php(276): Illuminate\\Routing\\ControllerDispatcher->dispatch()
#2 /workspaces/lamastudio-website/lamaStudio-sms/vendor/laravel/framework/src/Illuminate/Routing/Route.php(216): Illuminate\\Routing\\Route->runController()
#3 /workspaces/lamastudio-website/lamaStudio-sms/vendor/laravel/framework/src/Illuminate/Routing/Router.php(822): Illuminate\\Routing\\Route->run()
#4 /workspaces/lamastudio-website/lamaStudio-sms/vendor/laravel/framework/src/Illuminate/Pipeline/Pipeline.php(180): Illuminate\\Routing\\Router->{closure:Illuminate\\Routing\\Router::runRouteWithinStack():821}()
#5 /workspaces/lamastudio-website/lamaStudio-sms/vendor/laravel/framework/src/Illuminate/Routing/Middleware/SubstituteBindings.php(52): Illuminate\\Pipeline\\Pipeline->{closure:Illuminate\\Pipeline\\Pipeline::prepareDestination():178}()
#6 /workspaces/lamastudio-website/lamaStudio-sms/vendor/laravel/framework/src/Illuminate/Pipeline/Pipeline.php(219): Illuminate\\Routing\\Middleware\\SubstituteBindings->handle()
#7 /workspaces/lamastudio-website/lamaStudio-sms/vendor/laravel/framework/src/Illuminate/Foundation/Http/Middleware/PreventRequestForgery.php(104): Illuminate\\Pipeline\\Pipeline->{closure:{closure:Illuminate\\Pipeline\\Pipeline::carry():194}:195}()
#8 /workspaces/lamastudio-website/lamaStudio-sms/vendor/laravel/framework/src/Illuminate/Pipeline/Pipeline.php(219): Illuminate\\Foundation\\Http\\Middleware\\PreventRequestForgery->handle()
#9 /workspaces/lamastudio-website/lamaStudio-sms/vendor/laravel/framework/src/Illuminate/View/Middleware/ShareErrorsFromSession.php(48): Illuminate\\Pipeline\\Pipeline->{closure:{closure:Illuminate\\Pipeline\\Pipeline::carry():194}:195}()
#10 /workspaces/lamastudio-website/lamaStudio-sms/vendor/laravel/framework/src/Illuminate/Pipeline/Pipeline.php(219): Illuminate\\View\\Middleware\\ShareErrorsFromSession->handle()
#11 /workspaces/lamastudio-website/lamaStudio-sms/vendor/laravel/framework/src/Illuminate/Session/Middleware/StartSession.php(120): Illuminate\\Pipeline\\Pipeline->{closure:{closure:Illuminate\\Pipeline\\Pipeline::carry():194}:195}()
#12 /workspaces/lamastudio-website/lamaStudio-sms/vendor/laravel/framework/src/Illuminate/Session/Middleware/StartSession.php(63): Illuminate\\Session\\Middleware\\StartSession->handleStatefulRequest()
#13 /workspaces/lamastudio-website/lamaStudio-sms/vendor/laravel/framework/src/Illuminate/Pipeline/Pipeline.php(219): Illuminate\\Session\\Middleware\\StartSession->handle()
#14 /workspaces/lamastudio-website/lamaStudio-sms/vendor/laravel/framework/src/Illuminate/Cookie/Middleware/AddQueuedCookiesToResponse.php(36): Illuminate\\Pipeline\\Pipeline->{closure:{closure:Illuminate\\Pipeline\\Pipeline::carry():194}:195}()
#15 /workspaces/lamastudio-website/lamaStudio-sms/vendor/laravel/framework/src/Illuminate/Pipeline/Pipeline.php(219): Illuminate\\Cookie\\Middleware\\AddQueuedCookiesToResponse->handle()
#16 /workspaces/lamastudio-website/lamaStudio-sms/vendor/laravel/framework/src/Illuminate/Cookie/Middleware/EncryptCookies.php(74): Illuminate\\Pipeline\\Pipeline->{closure:{closure:Illuminate\\Pipeline\\Pipeline::carry():194}:195}()
#17 /workspaces/lamastudio-website/lamaStudio-sms/vendor/laravel/framework/src/Illuminate/Pipeline/Pipeline.php(219): Illuminate\\Cookie\\Middleware\\EncryptCookies->handle()
#18 /workspaces/lamastudio-website/lamaStudio-sms/vendor/laravel/framework/src/Illuminate/Pipeline/Pipeline.php(137): Illuminate\\Pipeline\\Pipeline->{closure:{closure:Illuminate\\Pipeline\\Pipeline::carry():194}:195}()
#19 /workspaces/lamastudio-website/lamaStudio-sms/vendor/laravel/framework/src/Illuminate/Routing/Router.php(821): Illuminate\\Pipeline\\Pipeline->then()
#20 /workspaces/lamastudio-website/lamaStudio-sms/vendor/laravel/framework/src/Illuminate/Routing/Router.php(800): Illuminate\\Routing\\Router->runRouteWithinStack()
#21 /workspaces/lamastudio-website/lamaStudio-sms/vendor/laravel/framework/src/Illuminate/Routing/Router.php(764): Illuminate\\Routing\\Router->runRoute()
#22 /workspaces/lamastudio-website/lamaStudio-sms/vendor/laravel/framework/src/Illuminate/Routing/Router.php(753): Illuminate\\Routing\\Router->dispatchToRoute()
#23 /workspaces/lamastudio-website/lamaStudio-sms/vendor/laravel/framework/src/Illuminate/Foundation/Http/Kernel.php(200): Illuminate\\Routing\\Router->dispatch()
#24 /workspaces/lamastudio-website/lamaStudio-sms/vendor/laravel/framework/src/Illuminate/Pipeline/Pipeline.php(180): Illuminate\\Foundation\\Http\\Kernel->{closure:Illuminate\\Foundation\\Http\\Kernel::dispatchToRouter():197}()
#25 /workspaces/lamastudio-website/lamaStudio-sms/vendor/laravel/framework/src/Illuminate/Foundation/Http/Middleware/TransformsRequest.php(21): Illuminate\\Pipeline\\Pipeline->{closure:Illuminate\\Pipeline\\Pipeline::prepareDestination():178}()
#26 /workspaces/lamastudio-website/lamaStudio-sms/vendor/laravel/framework/src/Illuminate/Foundation/Http/Middleware/ConvertEmptyStringsToNull.php(31): Illuminate\\Foundation\\Http\\Middleware\\TransformsRequest->handle()
#27 /workspaces/lamastudio-website/lamaStudio-sms/vendor/laravel/framework/src/Illuminate/Pipeline/Pipeline.php(219): Illuminate\\Foundation\\Http\\Middleware\\ConvertEmptyStringsToNull->handle()
#28 /workspaces/lamastudio-website/lamaStudio-sms/vendor/laravel/framework/src/Illuminate/Foundation/Http/Middleware/TransformsRequest.php(21): Illuminate\\Pipeline\\Pipeline->{closure:{closure:Illuminate\\Pipeline\\Pipeline::carry():194}:195}()
#29 /workspaces/lamastudio-website/lamaStudio-sms/vendor/laravel/framework/src/Illuminate/Foundation/Http/Middleware/TrimStrings.php(51): Illuminate\\Foundation\\Http\\Middleware\\TransformsRequest->handle()
#30 /workspaces/lamastudio-website/lamaStudio-sms/vendor/laravel/framework/src/Illuminate/Pipeline/Pipeline.php(219): Illuminate\\Foundation\\Http\\Middleware\\TrimStrings->handle()
#31 /workspaces/lamastudio-website/lamaStudio-sms/vendor/laravel/framework/src/Illuminate/Http/Middleware/ValidatePostSize.php(27): Illuminate\\Pipeline\\Pipeline->{closure:{closure:Illuminate\\Pipeline\\Pipeline::carry():194}:195}()
#32 /workspaces/lamastudio-website/lamaStudio-sms/vendor/laravel/framework/src/Illuminate/Pipeline/Pipeline.php(219): Illuminate\\Http\\Middleware\\ValidatePostSize->handle()
#33 /workspaces/lamastudio-website/lamaStudio-sms/vendor/laravel/framework/src/Illuminate/Foundation/Http/Middleware/PreventRequestsDuringMaintenance.php(109): Illuminate\\Pipeline\\Pipeline->{closure:{closure:Illuminate\\Pipeline\\Pipeline::carry():194}:195}()
#34 /workspaces/lamastudio-website/lamaStudio-sms/vendor/laravel/framework/src/Illuminate/Pipeline/Pipeline.php(219): Illuminate\\Foundation\\Http\\Middleware\\PreventRequestsDuringMaintenance->handle()
#35 /workspaces/lamastudio-website/lamaStudio-sms/vendor/laravel/framework/src/Illuminate/Http/Middleware/HandleCors.php(61): Illuminate\\Pipeline\\Pipeline->{closure:{closure:Illuminate\\Pipeline\\Pipeline::carry():194}:195}()
#36 /workspaces/lamastudio-website/lamaStudio-sms/vendor/laravel/framework/src/Illuminate/Pipeline/Pipeline.php(219): Illuminate\\Http\\Middleware\\HandleCors->handle()
#37 /workspaces/lamastudio-website/lamaStudio-sms/vendor/laravel/framework/src/Illuminate/Http/Middleware/TrustProxies.php(58): Illuminate\\Pipeline\\Pipeline->{closure:{closure:Illuminate\\Pipeline\\Pipeline::carry():194}:195}()
#38 /workspaces/lamastudio-website/lamaStudio-sms/vendor/laravel/framework/src/Illuminate/Pipeline/Pipeline.php(219): Illuminate\\Http\\Middleware\\TrustProxies->handle()
#39 /workspaces/lamastudio-website/lamaStudio-sms/vendor/laravel/framework/src/Illuminate/Foundation/Http/Middleware/InvokeDeferredCallbacks.php(22): Illuminate\\Pipeline\\Pipeline->{closure:{closure:Illuminate\\Pipeline\\Pipeline::carry():194}:195}()
#40 /workspaces/lamastudio-website/lamaStudio-sms/vendor/laravel/framework/src/Illuminate/Pipeline/Pipeline.php(219): Illuminate\\Foundation\\Http\\Middleware\\InvokeDeferredCallbacks->handle()
#41 /workspaces/lamastudio-website/lamaStudio-sms/vendor/laravel/framework/src/Illuminate/Http/Middleware/ValidatePathEncoding.php(28): Illuminate\\Pipeline\\Pipeline->{closure:{closure:Illuminate\\Pipeline\\Pipeline::carry():194}:195}()
#42 /workspaces/lamastudio-website/lamaStudio-sms/vendor/laravel/framework/src/Illuminate/Pipeline/Pipeline.php(219): Illuminate\\Http\\Middleware\\ValidatePathEncoding->handle()
#43 /workspaces/lamastudio-website/lamaStudio-sms/vendor/laravel/framework/src/Illuminate/Pipeline/Pipeline.php(137): Illuminate\\Pipeline\\Pipeline->{closure:{closure:Illuminate\\Pipeline\\Pipeline::carry():194}:195}()
#44 /workspaces/lamastudio-website/lamaStudio-sms/vendor/laravel/framework/src/Illuminate/Foundation/Http/Kernel.php(175): Illuminate\\Pipeline\\Pipeline->then()
#45 /workspaces/lamastudio-website/lamaStudio-sms/vendor/laravel/framework/src/Illuminate/Foundation/Http/Kernel.php(144): Illuminate\\Foundation\\Http\\Kernel->sendRequestThroughRouter()
#46 /workspaces/lamastudio-website/lamaStudio-sms/vendor/laravel/framework/src/Illuminate/Foundation/Testing/Concerns/MakesHttpRequests.php(638): Illuminate\\Foundation\\Http\\Kernel->handle()
#47 /workspaces/lamastudio-website/lamaStudio-sms/vendor/laravel/framework/src/Illuminate/Foundation/Testing/Concerns/MakesHttpRequests.php(368): Illuminate\\Foundation\\Testing\\TestCase->call()
#48 /workspaces/lamastudio-website/lamaStudio-sms/tests/Feature/SchoolModulePagesTest.php(31): Illuminate\\Foundation\\Testing\\TestCase->get()
#49 /workspaces/lamastudio-website/lamaStudio-sms/vendor/phpunit/phpunit/src/Framework/TestCase.php(1318): Tests\\Feature\\SchoolModulePagesTest->test_exam_page_loads()
#50 /workspaces/lamastudio-website/lamaStudio-sms/vendor/phpunit/phpunit/src/Framework/TestCase.php(1355): PHPUnit\\Framework\\TestCase->invokeTestMethod()
#51 /workspaces/lamastudio-website/lamaStudio-sms/vendor/phpunit/phpunit/src/Framework/TestCase.php(521): PHPUnit\\Framework\\TestCase->runTest()
#52 /workspaces/lamastudio-website/lamaStudio-sms/vendor/phpunit/phpunit/src/Framework/TestRunner/TestRunner.php(99): PHPUnit\\Framework\\TestCase->runBare()
#53 /workspaces/lamastudio-website/lamaStudio-sms/vendor/phpunit/phpunit/src/Framework/TestCase.php(361): PHPUnit\\Framework\\TestRunner->run()
#54 /workspaces/lamastudio-website/lamaStudio-sms/vendor/phpunit/phpunit/src/Framework/TestSuite.php(374): PHPUnit\\Framework\\TestCase->run()
#55 /workspaces/lamastudio-website/lamaStudio-sms/vendor/phpunit/phpunit/src/TextUI/TestRunner.php(64): PHPUnit\\Framework\\TestSuite->run()
#56 /workspaces/lamastudio-website/lamaStudio-sms/vendor/phpunit/phpunit/src/TextUI/Application.php(229): PHPUnit\\TextUI\\TestRunner->run()
#57 /workspaces/lamastudio-website/lamaStudio-sms/vendor/phpunit/phpunit/phpunit(104): PHPUnit\\TextUI\\Application->run()
#58 {main}
"} 
[2026-08-03 12:03:22] testing.ERROR: Class "App\Models\Fee" not found {"exception":"[object] (Error(code: 0): Class \"App\\Models\\Fee\" not found at /workspaces/lamastudio-website/lamaStudio-sms/app/Http/Controllers/FeeController.php:32)
[stacktrace]
#0 /workspaces/lamastudio-website/lamaStudio-sms/vendor/laravel/framework/src/Illuminate/Routing/ControllerDispatcher.php(46): App\\Http\\Controllers\\FeeController->store()
#1 /workspaces/lamastudio-website/lamaStudio-sms/vendor/laravel/framework/src/Illuminate/Routing/Route.php(276): Illuminate\\Routing\\ControllerDispatcher->dispatch()
#2 /workspaces/lamastudio-website/lamaStudio-sms/vendor/laravel/framework/src/Illuminate/Routing/Route.php(216): Illuminate\\Routing\\Route->runController()
#3 /workspaces/lamastudio-website/lamaStudio-sms/vendor/laravel/framework/src/Illuminate/Routing/Router.php(822): Illuminate\\Routing\\Route->run()
#4 /workspaces/lamastudio-website/lamaStudio-sms/vendor/laravel/framework/src/Illuminate/Pipeline/Pipeline.php(180): Illuminate\\Routing\\Router->{closure:Illuminate\\Routing\\Router::runRouteWithinStack():821}()
#5 /workspaces/lamastudio-website/lamaStudio-sms/vendor/laravel/framework/src/Illuminate/Routing/Middleware/SubstituteBindings.php(52): Illuminate\\Pipeline\\Pipeline->{closure:Illuminate\\Pipeline\\Pipeline::prepareDestination():178}()
#6 /workspaces/lamastudio-website/lamaStudio-sms/vendor/laravel/framework/src/Illuminate/Pipeline/Pipeline.php(219): Illuminate\\Routing\\Middleware\\SubstituteBindings->handle()
#7 /workspaces/lamastudio-website/lamaStudio-sms/vendor/laravel/framework/src/Illuminate/Foundation/Http/Middleware/PreventRequestForgery.php(104): Illuminate\\Pipeline\\Pipeline->{closure:{closure:Illuminate\\Pipeline\\Pipeline::carry():194}:195}()
#8 /workspaces/lamastudio-website/lamaStudio-sms/vendor/laravel/framework/src/Illuminate/Pipeline/Pipeline.php(219): Illuminate\\Foundation\\Http\\Middleware\\PreventRequestForgery->handle()
#9 /workspaces/lamastudio-website/lamaStudio-sms/vendor/laravel/framework/src/Illuminate/View/Middleware/ShareErrorsFromSession.php(48): Illuminate\\Pipeline\\Pipeline->{closure:{closure:Illuminate\\Pipeline\\Pipeline::carry():194}:195}()
#10 /workspaces/lamastudio-website/lamaStudio-sms/vendor/laravel/framework/src/Illuminate/Pipeline/Pipeline.php(219): Illuminate\\View\\Middleware\\ShareErrorsFromSession->handle()
#11 /workspaces/lamastudio-website/lamaStudio-sms/vendor/laravel/framework/src/Illuminate/Session/Middleware/StartSession.php(120): Illuminate\\Pipeline\\Pipeline->{closure:{closure:Illuminate\\Pipeline\\Pipeline::carry():194}:195}()
#12 /workspaces/lamastudio-website/lamaStudio-sms/vendor/laravel/framework/src/Illuminate/Session/Middleware/StartSession.php(63): Illuminate\\Session\\Middleware\\StartSession->handleStatefulRequest()
#13 /workspaces/lamastudio-website/lamaStudio-sms/vendor/laravel/framework/src/Illuminate/Pipeline/Pipeline.php(219): Illuminate\\Session\\Middleware\\StartSession->handle()
#14 /workspaces/lamastudio-website/lamaStudio-sms/vendor/laravel/framework/src/Illuminate/Cookie/Middleware/AddQueuedCookiesToResponse.php(36): Illuminate\\Pipeline\\Pipeline->{closure:{closure:Illuminate\\Pipeline\\Pipeline::carry():194}:195}()
#15 /workspaces/lamastudio-website/lamaStudio-sms/vendor/laravel/framework/src/Illuminate/Pipeline/Pipeline.php(219): Illuminate\\Cookie\\Middleware\\AddQueuedCookiesToResponse->handle()
#16 /workspaces/lamastudio-website/lamaStudio-sms/vendor/laravel/framework/src/Illuminate/Cookie/Middleware/EncryptCookies.php(74): Illuminate\\Pipeline\\Pipeline->{closure:{closure:Illuminate\\Pipeline\\Pipeline::carry():194}:195}()
#17 /workspaces/lamastudio-website/lamaStudio-sms/vendor/laravel/framework/src/Illuminate/Pipeline/Pipeline.php(219): Illuminate\\Cookie\\Middleware\\EncryptCookies->handle()
#18 /workspaces/lamastudio-website/lamaStudio-sms/vendor/laravel/framework/src/Illuminate/Pipeline/Pipeline.php(137): Illuminate\\Pipeline\\Pipeline->{closure:{closure:Illuminate\\Pipeline\\Pipeline::carry():194}:195}()
#19 /workspaces/lamastudio-website/lamaStudio-sms/vendor/laravel/framework/src/Illuminate/Routing/Router.php(821): Illuminate\\Pipeline\\Pipeline->then()
#20 /workspaces/lamastudio-website/lamaStudio-sms/vendor/laravel/framework/src/Illuminate/Routing/Router.php(800): Illuminate\\Routing\\Router->runRouteWithinStack()
#21 /workspaces/lamastudio-website/lamaStudio-sms/vendor/laravel/framework/src/Illuminate/Routing/Router.php(764): Illuminate\\Routing\\Router->runRoute()
#22 /workspaces/lamastudio-website/lamaStudio-sms/vendor/laravel/framework/src/Illuminate/Routing/Router.php(753): Illuminate\\Routing\\Router->dispatchToRoute()
#23 /workspaces/lamastudio-website/lamaStudio-sms/vendor/laravel/framework/src/Illuminate/Foundation/Http/Kernel.php(200): Illuminate\\Routing\\Router->dispatch()
#24 /workspaces/lamastudio-website/lamaStudio-sms/vendor/laravel/framework/src/Illuminate/Pipeline/Pipeline.php(180): Illuminate\\Foundation\\Http\\Kernel->{closure:Illuminate\\Foundation\\Http\\Kernel::dispatchToRouter():197}()
#25 /workspaces/lamastudio-website/lamaStudio-sms/vendor/laravel/framework/src/Illuminate/Foundation/Http/Middleware/TransformsRequest.php(21): Illuminate\\Pipeline\\Pipeline->{closure:Illuminate\\Pipeline\\Pipeline::prepareDestination():178}()
#26 /workspaces/lamastudio-website/lamaStudio-sms/vendor/laravel/framework/src/Illuminate/Foundation/Http/Middleware/ConvertEmptyStringsToNull.php(31): Illuminate\\Foundation\\Http\\Middleware\\TransformsRequest->handle()
#27 /workspaces/lamastudio-website/lamaStudio-sms/vendor/laravel/framework/src/Illuminate/Pipeline/Pipeline.php(219): Illuminate\\Foundation\\Http\\Middleware\\ConvertEmptyStringsToNull->handle()
#28 /workspaces/lamastudio-website/lamaStudio-sms/vendor/laravel/framework/src/Illuminate/Foundation/Http/Middleware/TransformsRequest.php(21): Illuminate\\Pipeline\\Pipeline->{closure:{closure:Illuminate\\Pipeline\\Pipeline::carry():194}:195}()
#29 /workspaces/lamastudio-website/lamaStudio-sms/vendor/laravel/framework/src/Illuminate/Foundation/Http/Middleware/TrimStrings.php(51): Illuminate\\Foundation\\Http\\Middleware\\TransformsRequest->handle()
#30 /workspaces/lamastudio-website/lamaStudio-sms/vendor/laravel/framework/src/Illuminate/Pipeline/Pipeline.php(219): Illuminate\\Foundation\\Http\\Middleware\\TrimStrings->handle()
#31 /workspaces/lamastudio-website/lamaStudio-sms/vendor/laravel/framework/src/Illuminate/Http/Middleware/ValidatePostSize.php(27): Illuminate\\Pipeline\\Pipeline->{closure:{closure:Illuminate\\Pipeline\\Pipeline::carry():194}:195}()
#32 /workspaces/lamastudio-website/lamaStudio-sms/vendor/laravel/framework/src/Illuminate/Pipeline/Pipeline.php(219): Illuminate\\Http\\Middleware\\ValidatePostSize->handle()
#33 /workspaces/lamastudio-website/lamaStudio-sms/vendor/laravel/framework/src/Illuminate/Foundation/Http/Middleware/PreventRequestsDuringMaintenance.php(109): Illuminate\\Pipeline\\Pipeline->{closure:{closure:Illuminate\\Pipeline\\Pipeline::carry():194}:195}()
#34 /workspaces/lamastudio-website/lamaStudio-sms/vendor/laravel/framework/src/Illuminate/Pipeline/Pipeline.php(219): Illuminate\\Foundation\\Http\\Middleware\\PreventRequestsDuringMaintenance->handle()
#35 /workspaces/lamastudio-website/lamaStudio-sms/vendor/laravel/framework/src/Illuminate/Http/Middleware/HandleCors.php(61): Illuminate\\Pipeline\\Pipeline->{closure:{closure:Illuminate\\Pipeline\\Pipeline::carry():194}:195}()
#36 /workspaces/lamastudio-website/lamaStudio-sms/vendor/laravel/framework/src/Illuminate/Pipeline/Pipeline.php(219): Illuminate\\Http\\Middleware\\HandleCors->handle()
#37 /workspaces/lamastudio-website/lamaStudio-sms/vendor/laravel/framework/src/Illuminate/Http/Middleware/TrustProxies.php(58): Illuminate\\Pipeline\\Pipeline->{closure:{closure:Illuminate\\Pipeline\\Pipeline::carry():194}:195}()
#38 /workspaces/lamastudio-website/lamaStudio-sms/vendor/laravel/framework/src/Illuminate/Pipeline/Pipeline.php(219): Illuminate\\Http\\Middleware\\TrustProxies->handle()
#39 /workspaces/lamastudio-website/lamaStudio-sms/vendor/laravel/framework/src/Illuminate/Foundation/Http/Middleware/InvokeDeferredCallbacks.php(22): Illuminate\\Pipeline\\Pipeline->{closure:{closure:Illuminate\\Pipeline\\Pipeline::carry():194}:195}()
#40 /workspaces/lamastudio-website/lamaStudio-sms/vendor/laravel/framework/src/Illuminate/Pipeline/Pipeline.php(219): Illuminate\\Foundation\\Http\\Middleware\\InvokeDeferredCallbacks->handle()
#41 /workspaces/lamastudio-website/lamaStudio-sms/vendor/laravel/framework/src/Illuminate/Http/Middleware/ValidatePathEncoding.php(28): Illuminate\\Pipeline\\Pipeline->{closure:{closure:Illuminate\\Pipeline\\Pipeline::carry():194}:195}()
#42 /workspaces/lamastudio-website/lamaStudio-sms/vendor/laravel/framework/src/Illuminate/Pipeline/Pipeline.php(219): Illuminate\\Http\\Middleware\\ValidatePathEncoding->handle()
#43 /workspaces/lamastudio-website/lamaStudio-sms/vendor/laravel/framework/src/Illuminate/Pipeline/Pipeline.php(137): Illuminate\\Pipeline\\Pipeline->{closure:{closure:Illuminate\\Pipeline\\Pipeline::carry():194}:195}()
#44 /workspaces/lamastudio-website/lamaStudio-sms/vendor/laravel/framework/src/Illuminate/Foundation/Http/Kernel.php(175): Illuminate\\Pipeline\\Pipeline->then()
#45 /workspaces/lamastudio-website/lamaStudio-sms/vendor/laravel/framework/src/Illuminate/Foundation/Http/Kernel.php(144): Illuminate\\Foundation\\Http\\Kernel->sendRequestThroughRouter()
#46 /workspaces/lamastudio-website/lamaStudio-sms/vendor/laravel/framework/src/Illuminate/Foundation/Testing/Concerns/MakesHttpRequests.php(638): Illuminate\\Foundation\\Http\\Kernel->handle()
#47 /workspaces/lamastudio-website/lamaStudio-sms/vendor/laravel/framework/src/Illuminate/Foundation/Testing/Concerns/MakesHttpRequests.php(397): Illuminate\\Foundation\\Testing\\TestCase->call()
#48 /workspaces/lamastudio-website/lamaStudio-sms/tests/Feature/SchoolModulePagesTest.php(45): Illuminate\\Foundation\\Testing\\TestCase->post()
#49 /workspaces/lamastudio-website/lamaStudio-sms/vendor/phpunit/phpunit/src/Framework/TestCase.php(1318): Tests\\Feature\\SchoolModulePagesTest->test_fee_can_be_created()
#50 /workspaces/lamastudio-website/lamaStudio-sms/vendor/phpunit/phpunit/src/Framework/TestCase.php(1355): PHPUnit\\Framework\\TestCase->invokeTestMethod()
#51 /workspaces/lamastudio-website/lamaStudio-sms/vendor/phpunit/phpunit/src/Framework/TestCase.php(521): PHPUnit\\Framework\\TestCase->runTest()
#52 /workspaces/lamastudio-website/lamaStudio-sms/vendor/phpunit/phpunit/src/Framework/TestRunner/TestRunner.php(99): PHPUnit\\Framework\\TestCase->runBare()
#53 /workspaces/lamastudio-website/lamaStudio-sms/vendor/phpunit/phpunit/src/Framework/TestCase.php(361): PHPUnit\\Framework\\TestRunner->run()
#54 /workspaces/lamastudio-website/lamaStudio-sms/vendor/phpunit/phpunit/src/Framework/TestSuite.php(374): PHPUnit\\Framework\\TestCase->run()
#55 /workspaces/lamastudio-website/lamaStudio-sms/vendor/phpunit/phpunit/src/TextUI/TestRunner.php(64): PHPUnit\\Framework\\TestSuite->run()
#56 /workspaces/lamastudio-website/lamaStudio-sms/vendor/phpunit/phpunit/src/TextUI/Application.php(229): PHPUnit\\TextUI\\TestRunner->run()
#57 /workspaces/lamastudio-website/lamaStudio-sms/vendor/phpunit/phpunit/phpunit(104): PHPUnit\\TextUI\\Application->run()
#58 {main}
"} 
[2026-08-03 12:05:03] testing.ERROR: SQLSTATE[23000]: Integrity constraint violation: 19 NOT NULL constraint failed: fees.school_id (Connection: sqlite, Database: :memory:, SQL: insert into "fees" ("school_id", "student_id", "challan_no", "amount", "month", "due_date", "status", "updated_at", "created_at") values (?, 1, LS-CH-VXLR22GA, 2500, August 2026, 2026-08-15, unpaid, 2026-08-03 12:05:03, 2026-08-03 12:05:03)) {"exception":"[object] (Illuminate\\Database\\QueryException(code: 23000): SQLSTATE[23000]: Integrity constraint violation: 19 NOT NULL constraint failed: fees.school_id (Connection: sqlite, Database: :memory:, SQL: insert into \"fees\" (\"school_id\", \"student_id\", \"challan_no\", \"amount\", \"month\", \"due_date\", \"status\", \"updated_at\", \"created_at\") values (?, 1, LS-CH-VXLR22GA, 2500, August 2026, 2026-08-15, unpaid, 2026-08-03 12:05:03, 2026-08-03 12:05:03)) at /workspaces/lamastudio-website/lamaStudio-sms/vendor/laravel/framework/src/Illuminate/Database/Connection.php:857)
[stacktrace]
#0 /workspaces/lamastudio-website/lamaStudio-sms/vendor/laravel/framework/src/Illuminate/Database/Connection.php(813): Illuminate\\Database\\Connection->runQueryCallback()
#1 /workspaces/lamastudio-website/lamaStudio-sms/vendor/laravel/framework/src/Illuminate/Database/Connection.php(590): Illuminate\\Database\\Connection->run()
#2 /workspaces/lamastudio-website/lamaStudio-sms/vendor/laravel/framework/src/Illuminate/Database/Connection.php(554): Illuminate\\Database\\Connection->statement()
#3 /workspaces/lamastudio-website/lamaStudio-sms/vendor/laravel/framework/src/Illuminate/Database/Query/Processors/Processor.php(32): Illuminate\\Database\\Connection->insert()
#4 /workspaces/lamastudio-website/lamaStudio-sms/vendor/laravel/framework/src/Illuminate/Database/Query/Builder.php(4258): Illuminate\\Database\\Query\\Processors\\Processor->processInsertGetId()
#5 /workspaces/lamastudio-website/lamaStudio-sms/vendor/laravel/framework/src/Illuminate/Database/Eloquent/Builder.php(2271): Illuminate\\Database\\Query\\Builder->insertGetId()
#6 /workspaces/lamastudio-website/lamaStudio-sms/vendor/laravel/framework/src/Illuminate/Database/Eloquent/Model.php(1685): Illuminate\\Database\\Eloquent\\Builder->__call()
#7 /workspaces/lamastudio-website/lamaStudio-sms/vendor/laravel/framework/src/Illuminate/Database/Eloquent/Model.php(1601): Illuminate\\Database\\Eloquent\\Model->insertAndSetId()
#8 /workspaces/lamastudio-website/lamaStudio-sms/vendor/laravel/framework/src/Illuminate/Database/Eloquent/Model.php(1405): Illuminate\\Database\\Eloquent\\Model->performInsert()
#9 /workspaces/lamastudio-website/lamaStudio-sms/vendor/laravel/framework/src/Illuminate/Database/Eloquent/Builder.php(1225): Illuminate\\Database\\Eloquent\\Model->save()
#10 /workspaces/lamastudio-website/lamaStudio-sms/vendor/laravel/framework/src/Illuminate/Support/helpers.php(393): Illuminate\\Database\\Eloquent\\Builder->{closure:Illuminate\\Database\\Eloquent\\Builder::create():1224}()
#11 /workspaces/lamastudio-website/lamaStudio-sms/vendor/laravel/framework/src/Illuminate/Database/Eloquent/Builder.php(1224): tap()
#12 /workspaces/lamastudio-website/lamaStudio-sms/vendor/laravel/framework/src/Illuminate/Support/Traits/ForwardsCalls.php(23): Illuminate\\Database\\Eloquent\\Builder->create()
#13 /workspaces/lamastudio-website/lamaStudio-sms/vendor/laravel/framework/src/Illuminate/Database/Eloquent/Model.php(2842): Illuminate\\Database\\Eloquent\\Model->forwardCallTo()
#14 /workspaces/lamastudio-website/lamaStudio-sms/vendor/laravel/framework/src/Illuminate/Database/Eloquent/Model.php(2858): Illuminate\\Database\\Eloquent\\Model->__call()
#15 /workspaces/lamastudio-website/lamaStudio-sms/app/Http/Controllers/FeeController.php(32): Illuminate\\Database\\Eloquent\\Model::__callStatic()
#16 /workspaces/lamastudio-website/lamaStudio-sms/vendor/laravel/framework/src/Illuminate/Routing/ControllerDispatcher.php(46): App\\Http\\Controllers\\FeeController->store()
#17 /workspaces/lamastudio-website/lamaStudio-sms/vendor/laravel/framework/src/Illuminate/Routing/Route.php(276): Illuminate\\Routing\\ControllerDispatcher->dispatch()
#18 /workspaces/lamastudio-website/lamaStudio-sms/vendor/laravel/framework/src/Illuminate/Routing/Route.php(216): Illuminate\\Routing\\Route->runController()
#19 /workspaces/lamastudio-website/lamaStudio-sms/vendor/laravel/framework/src/Illuminate/Routing/Router.php(822): Illuminate\\Routing\\Route->run()
#20 /workspaces/lamastudio-website/lamaStudio-sms/vendor/laravel/framework/src/Illuminate/Pipeline/Pipeline.php(180): Illuminate\\Routing\\Router->{closure:Illuminate\\Routing\\Router::runRouteWithinStack():821}()
#21 /workspaces/lamastudio-website/lamaStudio-sms/vendor/laravel/framework/src/Illuminate/Routing/Middleware/SubstituteBindings.php(52): Illuminate\\Pipeline\\Pipeline->{closure:Illuminate\\Pipeline\\Pipeline::prepareDestination():178}()
#22 /workspaces/lamastudio-website/lamaStudio-sms/vendor/laravel/framework/src/Illuminate/Pipeline/Pipeline.php(219): Illuminate\\Routing\\Middleware\\SubstituteBindings->handle()
#23 /workspaces/lamastudio-website/lamaStudio-sms/vendor/laravel/framework/src/Illuminate/Foundation/Http/Middleware/PreventRequestForgery.php(104): Illuminate\\Pipeline\\Pipeline->{closure:{closure:Illuminate\\Pipeline\\Pipeline::carry():194}:195}()
#24 /workspaces/lamastudio-website/lamaStudio-sms/vendor/laravel/framework/src/Illuminate/Pipeline/Pipeline.php(219): Illuminate\\Foundation\\Http\\Middleware\\PreventRequestForgery->handle()
#25 /workspaces/lamastudio-website/lamaStudio-sms/vendor/laravel/framework/src/Illuminate/View/Middleware/ShareErrorsFromSession.php(48): Illuminate\\Pipeline\\Pipeline->{closure:{closure:Illuminate\\Pipeline\\Pipeline::carry():194}:195}()
#26 /workspaces/lamastudio-website/lamaStudio-sms/vendor/laravel/framework/src/Illuminate/Pipeline/Pipeline.php(219): Illuminate\\View\\Middleware\\ShareErrorsFromSession->handle()
#27 /workspaces/lamastudio-website/lamaStudio-sms/vendor/laravel/framework/src/Illuminate/Session/Middleware/StartSession.php(120): Illuminate\\Pipeline\\Pipeline->{closure:{closure:Illuminate\\Pipeline\\Pipeline::carry():194}:195}()
#28 /workspaces/lamastudio-website/lamaStudio-sms/vendor/laravel/framework/src/Illuminate/Session/Middleware/StartSession.php(63): Illuminate\\Session\\Middleware\\StartSession->handleStatefulRequest()
#29 /workspaces/lamastudio-website/lamaStudio-sms/vendor/laravel/framework/src/Illuminate/Pipeline/Pipeline.php(219): Illuminate\\Session\\Middleware\\StartSession->handle()
#30 /workspaces/lamastudio-website/lamaStudio-sms/vendor/laravel/framework/src/Illuminate/Cookie/Middleware/AddQueuedCookiesToResponse.php(36): Illuminate\\Pipeline\\Pipeline->{closure:{closure:Illuminate\\Pipeline\\Pipeline::carry():194}:195}()
#31 /workspaces/lamastudio-website/lamaStudio-sms/vendor/laravel/framework/src/Illuminate/Pipeline/Pipeline.php(219): Illuminate\\Cookie\\Middleware\\AddQueuedCookiesToResponse->handle()
#32 /workspaces/lamastudio-website/lamaStudio-sms/vendor/laravel/framework/src/Illuminate/Cookie/Middleware/EncryptCookies.php(74): Illuminate\\Pipeline\\Pipeline->{closure:{closure:Illuminate\\Pipeline\\Pipeline::carry():194}:195}()
#33 /workspaces/lamastudio-website/lamaStudio-sms/vendor/laravel/framework/src/Illuminate/Pipeline/Pipeline.php(219): Illuminate\\Cookie\\Middleware\\EncryptCookies->handle()
#34 /workspaces/lamastudio-website/lamaStudio-sms/vendor/laravel/framework/src/Illuminate/Pipeline/Pipeline.php(137): Illuminate\\Pipeline\\Pipeline->{closure:{closure:Illuminate\\Pipeline\\Pipeline::carry():194}:195}()
#35 /workspaces/lamastudio-website/lamaStudio-sms/vendor/laravel/framework/src/Illuminate/Routing/Router.php(821): Illuminate\\Pipeline\\Pipeline->then()
#36 /workspaces/lamastudio-website/lamaStudio-sms/vendor/laravel/framework/src/Illuminate/Routing/Router.php(800): Illuminate\\Routing\\Router->runRouteWithinStack()
#37 /workspaces/lamastudio-website/lamaStudio-sms/vendor/laravel/framework/src/Illuminate/Routing/Router.php(764): Illuminate\\Routing\\Router->runRoute()
#38 /workspaces/lamastudio-website/lamaStudio-sms/vendor/laravel/framework/src/Illuminate/Routing/Router.php(753): Illuminate\\Routing\\Router->dispatchToRoute()
#39 /workspaces/lamastudio-website/lamaStudio-sms/vendor/laravel/framework/src/Illuminate/Foundation/Http/Kernel.php(200): Illuminate\\Routing\\Router->dispatch()
#40 /workspaces/lamastudio-website/lamaStudio-sms/vendor/laravel/framework/src/Illuminate/Pipeline/Pipeline.php(180): Illuminate\\Foundation\\Http\\Kernel->{closure:Illuminate\\Foundation\\Http\\Kernel::dispatchToRouter():197}()
#41 /workspaces/lamastudio-website/lamaStudio-sms/vendor/laravel/framework/src/Illuminate/Foundation/Http/Middleware/TransformsRequest.php(21): Illuminate\\Pipeline\\Pipeline->{closure:Illuminate\\Pipeline\\Pipeline::prepareDestination():178}()
#42 /workspaces/lamastudio-website/lamaStudio-sms/vendor/laravel/framework/src/Illuminate/Foundation/Http/Middleware/ConvertEmptyStringsToNull.php(31): Illuminate\\Foundation\\Http\\Middleware\\TransformsRequest->handle()
#43 /workspaces/lamastudio-website/lamaStudio-sms/vendor/laravel/framework/src/Illuminate/Pipeline/Pipeline.php(219): Illuminate\\Foundation\\Http\\Middleware\\ConvertEmptyStringsToNull->handle()
#44 /workspaces/lamastudio-website/lamaStudio-sms/vendor/laravel/framework/src/Illuminate/Foundation/Http/Middleware/TransformsRequest.php(21): Illuminate\\Pipeline\\Pipeline->{closure:{closure:Illuminate\\Pipeline\\Pipeline::carry():194}:195}()
#45 /workspaces/lamastudio-website/lamaStudio-sms/vendor/laravel/framework/src/Illuminate/Foundation/Http/Middleware/TrimStrings.php(51): Illuminate\\Foundation\\Http\\Middleware\\TransformsRequest->handle()
#46 /workspaces/lamastudio-website/lamaStudio-sms/vendor/laravel/framework/src/Illuminate/Pipeline/Pipeline.php(219): Illuminate\\Foundation\\Http\\Middleware\\TrimStrings->handle()
#47 /workspaces/lamastudio-website/lamaStudio-sms/vendor/laravel/framework/src/Illuminate/Http/Middleware/ValidatePostSize.php(27): Illuminate\\Pipeline\\Pipeline->{closure:{closure:Illuminate\\Pipeline\\Pipeline::carry():194}:195}()
#48 /workspaces/lamastudio-website/lamaStudio-sms/vendor/laravel/framework/src/Illuminate/Pipeline/Pipeline.php(219): Illuminate\\Http\\Middleware\\ValidatePostSize->handle()
#49 /workspaces/lamastudio-website/lamaStudio-sms/vendor/laravel/framework/src/Illuminate/Foundation/Http/Middleware/PreventRequestsDuringMaintenance.php(109): Illuminate\\Pipeline\\Pipeline->{closure:{closure:Illuminate\\Pipeline\\Pipeline::carry():194}:195}()
#50 /workspaces/lamastudio-website/lamaStudio-sms/vendor/laravel/framework/src/Illuminate/Pipeline/Pipeline.php(219): Illuminate\\Foundation\\Http\\Middleware\\PreventRequestsDuringMaintenance->handle()
#51 /workspaces/lamastudio-website/lamaStudio-sms/vendor/laravel/framework/src/Illuminate/Http/Middleware/HandleCors.php(61): Illuminate\\Pipeline\\Pipeline->{closure:{closure:Illuminate\\Pipeline\\Pipeline::carry():194}:195}()
#52 /workspaces/lamastudio-website/lamaStudio-sms/vendor/laravel/framework/src/Illuminate/Pipeline/Pipeline.php(219): Illuminate\\Http\\Middleware\\HandleCors->handle()
#53 /workspaces/lamastudio-website/lamaStudio-sms/vendor/laravel/framework/src/Illuminate/Http/Middleware/TrustProxies.php(58): Illuminate\\Pipeline\\Pipeline->{closure:{closure:Illuminate\\Pipeline\\Pipeline::carry():194}:195}()
#54 /workspaces/lamastudio-website/lamaStudio-sms/vendor/laravel/framework/src/Illuminate/Pipeline/Pipeline.php(219): Illuminate\\Http\\Middleware\\TrustProxies->handle()
#55 /workspaces/lamastudio-website/lamaStudio-sms/vendor/laravel/framework/src/Illuminate/Foundation/Http/Middleware/InvokeDeferredCallbacks.php(22): Illuminate\\Pipeline\\Pipeline->{closure:{closure:Illuminate\\Pipeline\\Pipeline::carry():194}:195}()
#56 /workspaces/lamastudio-website/lamaStudio-sms/vendor/laravel/framework/src/Illuminate/Pipeline/Pipeline.php(219): Illuminate\\Foundation\\Http\\Middleware\\InvokeDeferredCallbacks->handle()
#57 /workspaces/lamastudio-website/lamaStudio-sms/vendor/laravel/framework/src/Illuminate/Http/Middleware/ValidatePathEncoding.php(28): Illuminate\\Pipeline\\Pipeline->{closure:{closure:Illuminate\\Pipeline\\Pipeline::carry():194}:195}()
#58 /workspaces/lamastudio-website/lamaStudio-sms/vendor/laravel/framework/src/Illuminate/Pipeline/Pipeline.php(219): Illuminate\\Http\\Middleware\\ValidatePathEncoding->handle()
#59 /workspaces/lamastudio-website/lamaStudio-sms/vendor/laravel/framework/src/Illuminate/Pipeline/Pipeline.php(137): Illuminate\\Pipeline\\Pipeline->{closure:{closure:Illuminate\\Pipeline\\Pipeline::carry():194}:195}()
#60 /workspaces/lamastudio-website/lamaStudio-sms/vendor/laravel/framework/src/Illuminate/Foundation/Http/Kernel.php(175): Illuminate\\Pipeline\\Pipeline->then()
#61 /workspaces/lamastudio-website/lamaStudio-sms/vendor/laravel/framework/src/Illuminate/Foundation/Http/Kernel.php(144): Illuminate\\Foundation\\Http\\Kernel->sendRequestThroughRouter()
#62 /workspaces/lamastudio-website/lamaStudio-sms/vendor/laravel/framework/src/Illuminate/Foundation/Testing/Concerns/MakesHttpRequests.php(638): Illuminate\\Foundation\\Http\\Kernel->handle()
#63 /workspaces/lamastudio-website/lamaStudio-sms/vendor/laravel/framework/src/Illuminate/Foundation/Testing/Concerns/MakesHttpRequests.php(397): Illuminate\\Foundation\\Testing\\TestCase->call()
#64 /workspaces/lamastudio-website/lamaStudio-sms/tests/Feature/SchoolModulePagesTest.php(45): Illuminate\\Foundation\\Testing\\TestCase->post()
#65 /workspaces/lamastudio-website/lamaStudio-sms/vendor/phpunit/phpunit/src/Framework/TestCase.php(1318): Tests\\Feature\\SchoolModulePagesTest->test_fee_can_be_created()
#66 /workspaces/lamastudio-website/lamaStudio-sms/vendor/phpunit/phpunit/src/Framework/TestCase.php(1355): PHPUnit\\Framework\\TestCase->invokeTestMethod()
#67 /workspaces/lamastudio-website/lamaStudio-sms/vendor/phpunit/phpunit/src/Framework/TestCase.php(521): PHPUnit\\Framework\\TestCase->runTest()
#68 /workspaces/lamastudio-website/lamaStudio-sms/vendor/phpunit/phpunit/src/Framework/TestRunner/TestRunner.php(99): PHPUnit\\Framework\\TestCase->runBare()
#69 /workspaces/lamastudio-website/lamaStudio-sms/vendor/phpunit/phpunit/src/Framework/TestCase.php(361): PHPUnit\\Framework\\TestRunner->run()
#70 /workspaces/lamastudio-website/lamaStudio-sms/vendor/phpunit/phpunit/src/Framework/TestSuite.php(374): PHPUnit\\Framework\\TestCase->run()
#71 /workspaces/lamastudio-website/lamaStudio-sms/vendor/phpunit/phpunit/src/Framework/TestSuite.php(374): PHPUnit\\Framework\\TestSuite->run()
#72 /workspaces/lamastudio-website/lamaStudio-sms/vendor/phpunit/phpunit/src/TextUI/TestRunner.php(64): PHPUnit\\Framework\\TestSuite->run()
#73 /workspaces/lamastudio-website/lamaStudio-sms/vendor/phpunit/phpunit/src/TextUI/Application.php(229): PHPUnit\\TextUI\\TestRunner->run()
#74 /workspaces/lamastudio-website/lamaStudio-sms/vendor/phpunit/phpunit/phpunit(104): PHPUnit\\TextUI\\Application->run()
#75 {main}

[previous exception] [object] (PDOException(code: 23000): SQLSTATE[23000]: Integrity constraint violation: 19 NOT NULL constraint failed: fees.school_id at /workspaces/lamastudio-website/lamaStudio-sms/vendor/laravel/framework/src/Illuminate/Database/Connection.php:601)
[stacktrace]
#0 /workspaces/lamastudio-website/lamaStudio-sms/vendor/laravel/framework/src/Illuminate/Database/Connection.php(601): PDOStatement->execute()
#1 /workspaces/lamastudio-website/lamaStudio-sms/vendor/laravel/framework/src/Illuminate/Database/Connection.php(846): Illuminate\\Database\\Connection->{closure:Illuminate\\Database\\Connection::statement():590}()
#2 /workspaces/lamastudio-website/lamaStudio-sms/vendor/laravel/framework/src/Illuminate/Database/Connection.php(813): Illuminate\\Database\\Connection->runQueryCallback()
#3 /workspaces/lamastudio-website/lamaStudio-sms/vendor/laravel/framework/src/Illuminate/Database/Connection.php(590): Illuminate\\Database\\Connection->run()
#4 /workspaces/lamastudio-website/lamaStudio-sms/vendor/laravel/framework/src/Illuminate/Database/Connection.php(554): Illuminate\\Database\\Connection->statement()
#5 /workspaces/lamastudio-website/lamaStudio-sms/vendor/laravel/framework/src/Illuminate/Database/Query/Processors/Processor.php(32): Illuminate\\Database\\Connection->insert()
#6 /workspaces/lamastudio-website/lamaStudio-sms/vendor/laravel/framework/src/Illuminate/Database/Query/Builder.php(4258): Illuminate\\Database\\Query\\Processors\\Processor->processInsertGetId()
#7 /workspaces/lamastudio-website/lamaStudio-sms/vendor/laravel/framework/src/Illuminate/Database/Eloquent/Builder.php(2271): Illuminate\\Database\\Query\\Builder->insertGetId()
#8 /workspaces/lamastudio-website/lamaStudio-sms/vendor/laravel/framework/src/Illuminate/Database/Eloquent/Model.php(1685): Illuminate\\Database\\Eloquent\\Builder->__call()
#9 /workspaces/lamastudio-website/lamaStudio-sms/vendor/laravel/framework/src/Illuminate/Database/Eloquent/Model.php(1601): Illuminate\\Database\\Eloquent\\Model->insertAndSetId()
#10 /workspaces/lamastudio-website/lamaStudio-sms/vendor/laravel/framework/src/Illuminate/Database/Eloquent/Model.php(1405): Illuminate\\Database\\Eloquent\\Model->performInsert()
#11 /workspaces/lamastudio-website/lamaStudio-sms/vendor/laravel/framework/src/Illuminate/Database/Eloquent/Builder.php(1225): Illuminate\\Database\\Eloquent\\Model->save()
#12 /workspaces/lamastudio-website/lamaStudio-sms/vendor/laravel/framework/src/Illuminate/Support/helpers.php(393): Illuminate\\Database\\Eloquent\\Builder->{closure:Illuminate\\Database\\Eloquent\\Builder::create():1224}()
#13 /workspaces/lamastudio-website/lamaStudio-sms/vendor/laravel/framework/src/Illuminate/Database/Eloquent/Builder.php(1224): tap()
#14 /workspaces/lamastudio-website/lamaStudio-sms/vendor/laravel/framework/src/Illuminate/Support/Traits/ForwardsCalls.php(23): Illuminate\\Database\\Eloquent\\Builder->create()
#15 /workspaces/lamastudio-website/lamaStudio-sms/vendor/laravel/framework/src/Illuminate/Database/Eloquent/Model.php(2842): Illuminate\\Database\\Eloquent\\Model->forwardCallTo()
#16 /workspaces/lamastudio-website/lamaStudio-sms/vendor/laravel/framework/src/Illuminate/Database/Eloquent/Model.php(2858): Illuminate\\Database\\Eloquent\\Model->__call()
#17 /workspaces/lamastudio-website/lamaStudio-sms/app/Http/Controllers/FeeController.php(32): Illuminate\\Database\\Eloquent\\Model::__callStatic()
#18 /workspaces/lamastudio-website/lamaStudio-sms/vendor/laravel/framework/src/Illuminate/Routing/ControllerDispatcher.php(46): App\\Http\\Controllers\\FeeController->store()
#19 /workspaces/lamastudio-website/lamaStudio-sms/vendor/laravel/framework/src/Illuminate/Routing/Route.php(276): Illuminate\\Routing\\ControllerDispatcher->dispatch()
#20 /workspaces/lamastudio-website/lamaStudio-sms/vendor/laravel/framework/src/Illuminate/Routing/Route.php(216): Illuminate\\Routing\\Route->runController()
#21 /workspaces/lamastudio-website/lamaStudio-sms/vendor/laravel/framework/src/Illuminate/Routing/Router.php(822): Illuminate\\Routing\\Route->run()
#22 /workspaces/lamastudio-website/lamaStudio-sms/vendor/laravel/framework/src/Illuminate/Pipeline/Pipeline.php(180): Illuminate\\Routing\\Router->{closure:Illuminate\\Routing\\Router::runRouteWithinStack():821}()
#23 /workspaces/lamastudio-website/lamaStudio-sms/vendor/laravel/framework/src/Illuminate/Routing/Middleware/SubstituteBindings.php(52): Illuminate\\Pipeline\\Pipeline->{closure:Illuminate\\Pipeline\\Pipeline::prepareDestination():178}()
#24 /workspaces/lamastudio-website/lamaStudio-sms/vendor/laravel/framework/src/Illuminate/Pipeline/Pipeline.php(219): Illuminate\\Routing\\Middleware\\SubstituteBindings->handle()
#25 /workspaces/lamastudio-website/lamaStudio-sms/vendor/laravel/framework/src/Illuminate/Foundation/Http/Middleware/PreventRequestForgery.php(104): Illuminate\\Pipeline\\Pipeline->{closure:{closure:Illuminate\\Pipeline\\Pipeline::carry():194}:195}()
#26 /workspaces/lamastudio-website/lamaStudio-sms/vendor/laravel/framework/src/Illuminate/Pipeline/Pipeline.php(219): Illuminate\\Foundation\\Http\\Middleware\\PreventRequestForgery->handle()
#27 /workspaces/lamastudio-website/lamaStudio-sms/vendor/laravel/framework/src/Illuminate/View/Middleware/ShareErrorsFromSession.php(48): Illuminate\\Pipeline\\Pipeline->{closure:{closure:Illuminate\\Pipeline\\Pipeline::carry():194}:195}()
#28 /workspaces/lamastudio-website/lamaStudio-sms/vendor/laravel/framework/src/Illuminate/Pipeline/Pipeline.php(219): Illuminate\\View\\Middleware\\ShareErrorsFromSession->handle()
#29 /workspaces/lamastudio-website/lamaStudio-sms/vendor/laravel/framework/src/Illuminate/Session/Middleware/StartSession.php(120): Illuminate\\Pipeline\\Pipeline->{closure:{closure:Illuminate\\Pipeline\\Pipeline::carry():194}:195}()
#30 /workspaces/lamastudio-website/lamaStudio-sms/vendor/laravel/framework/src/Illuminate/Session/Middleware/StartSession.php(63): Illuminate\\Session\\Middleware\\StartSession->handleStatefulRequest()
#31 /workspaces/lamastudio-website/lamaStudio-sms/vendor/laravel/framework/src/Illuminate/Pipeline/Pipeline.php(219): Illuminate\\Session\\Middleware\\StartSession->handle()
#32 /workspaces/lamastudio-website/lamaStudio-sms/vendor/laravel/framework/src/Illuminate/Cookie/Middleware/AddQueuedCookiesToResponse.php(36): Illuminate\\Pipeline\\Pipeline->{closure:{closure:Illuminate\\Pipeline\\Pipeline::carry():194}:195}()
#33 /workspaces/lamastudio-website/lamaStudio-sms/vendor/laravel/framework/src/Illuminate/Pipeline/Pipeline.php(219): Illuminate\\Cookie\\Middleware\\AddQueuedCookiesToResponse->handle()
#34 /workspaces/lamastudio-website/lamaStudio-sms/vendor/laravel/framework/src/Illuminate/Cookie/Middleware/EncryptCookies.php(74): Illuminate\\Pipeline\\Pipeline->{closure:{closure:Illuminate\\Pipeline\\Pipeline::carry():194}:195}()
#35 /workspaces/lamastudio-website/lamaStudio-sms/vendor/laravel/framework/src/Illuminate/Pipeline/Pipeline.php(219): Illuminate\\Cookie\\Middleware\\EncryptCookies->handle()
#36 /workspaces/lamastudio-website/lamaStudio-sms/vendor/laravel/framework/src/Illuminate/Pipeline/Pipeline.php(137): Illuminate\\Pipeline\\Pipeline->{closure:{closure:Illuminate\\Pipeline\\Pipeline::carry():194}:195}()
#37 /workspaces/lamastudio-website/lamaStudio-sms/vendor/laravel/framework/src/Illuminate/Routing/Router.php(821): Illuminate\\Pipeline\\Pipeline->then()
#38 /workspaces/lamastudio-website/lamaStudio-sms/vendor/laravel/framework/src/Illuminate/Routing/Router.php(800): Illuminate\\Routing\\Router->runRouteWithinStack()
#39 /workspaces/lamastudio-website/lamaStudio-sms/vendor/laravel/framework/src/Illuminate/Routing/Router.php(764): Illuminate\\Routing\\Router->runRoute()
#40 /workspaces/lamastudio-website/lamaStudio-sms/vendor/laravel/framework/src/Illuminate/Routing/Router.php(753): Illuminate\\Routing\\Router->dispatchToRoute()
#41 /workspaces/lamastudio-website/lamaStudio-sms/vendor/laravel/framework/src/Illuminate/Foundation/Http/Kernel.php(200): Illuminate\\Routing\\Router->dispatch()
#42 /workspaces/lamastudio-website/lamaStudio-sms/vendor/laravel/framework/src/Illuminate/Pipeline/Pipeline.php(180): Illuminate\\Foundation\\Http\\Kernel->{closure:Illuminate\\Foundation\\Http\\Kernel::dispatchToRouter():197}()
#43 /workspaces/lamastudio-website/lamaStudio-sms/vendor/laravel/framework/src/Illuminate/Foundation/Http/Middleware/TransformsRequest.php(21): Illuminate\\Pipeline\\Pipeline->{closure:Illuminate\\Pipeline\\Pipeline::prepareDestination():178}()
#44 /workspaces/lamastudio-website/lamaStudio-sms/vendor/laravel/framework/src/Illuminate/Foundation/Http/Middleware/ConvertEmptyStringsToNull.php(31): Illuminate\\Foundation\\Http\\Middleware\\TransformsRequest->handle()
#45 /workspaces/lamastudio-website/lamaStudio-sms/vendor/laravel/framework/src/Illuminate/Pipeline/Pipeline.php(219): Illuminate\\Foundation\\Http\\Middleware\\ConvertEmptyStringsToNull->handle()
#46 /workspaces/lamastudio-website/lamaStudio-sms/vendor/laravel/framework/src/Illuminate/Foundation/Http/Middleware/TransformsRequest.php(21): Illuminate\\Pipeline\\Pipeline->{closure:{closure:Illuminate\\Pipeline\\Pipeline::carry():194}:195}()
#47 /workspaces/lamastudio-website/lamaStudio-sms/vendor/laravel/framework/src/Illuminate/Foundation/Http/Middleware/TrimStrings.php(51): Illuminate\\Foundation\\Http\\Middleware\\TransformsRequest->handle()
#48 /workspaces/lamastudio-website/lamaStudio-sms/vendor/laravel/framework/src/Illuminate/Pipeline/Pipeline.php(219): Illuminate\\Foundation\\Http\\Middleware\\TrimStrings->handle()
#49 /workspaces/lamastudio-website/lamaStudio-sms/vendor/laravel/framework/src/Illuminate/Http/Middleware/ValidatePostSize.php(27): Illuminate\\Pipeline\\Pipeline->{closure:{closure:Illuminate\\Pipeline\\Pipeline::carry():194}:195}()
#50 /workspaces/lamastudio-website/lamaStudio-sms/vendor/laravel/framework/src/Illuminate/Pipeline/Pipeline.php(219): Illuminate\\Http\\Middleware\\ValidatePostSize->handle()
#51 /workspaces/lamastudio-website/lamaStudio-sms/vendor/laravel/framework/src/Illuminate/Foundation/Http/Middleware/PreventRequestsDuringMaintenance.php(109): Illuminate\\Pipeline\\Pipeline->{closure:{closure:Illuminate\\Pipeline\\Pipeline::carry():194}:195}()
#52 /workspaces/lamastudio-website/lamaStudio-sms/vendor/laravel/framework/src/Illuminate/Pipeline/Pipeline.php(219): Illuminate\\Foundation\\Http\\Middleware\\PreventRequestsDuringMaintenance->handle()
#53 /workspaces/lamastudio-website/lamaStudio-sms/vendor/laravel/framework/src/Illuminate/Http/Middleware/HandleCors.php(61): Illuminate\\Pipeline\\Pipeline->{closure:{closure:Illuminate\\Pipeline\\Pipeline::carry():194}:195}()
#54 /workspaces/lamastudio-website/lamaStudio-sms/vendor/laravel/framework/src/Illuminate/Pipeline/Pipeline.php(219): Illuminate\\Http\\Middleware\\HandleCors->handle()
#55 /workspaces/lamastudio-website/lamaStudio-sms/vendor/laravel/framework/src/Illuminate/Http/Middleware/TrustProxies.php(58): Illuminate\\Pipeline\\Pipeline->{closure:{closure:Illuminate\\Pipeline\\Pipeline::carry():194}:195}()
#56 /workspaces/lamastudio-website/lamaStudio-sms/vendor/laravel/framework/src/Illuminate/Pipeline/Pipeline.php(219): Illuminate\\Http\\Middleware\\TrustProxies->handle()
#57 /workspaces/lamastudio-website/lamaStudio-sms/vendor/laravel/framework/src/Illuminate/Foundation/Http/Middleware/InvokeDeferredCallbacks.php(22): Illuminate\\Pipeline\\Pipeline->{closure:{closure:Illuminate\\Pipeline\\Pipeline::carry():194}:195}()
#58 /workspaces/lamastudio-website/lamaStudio-sms/vendor/laravel/framework/src/Illuminate/Pipeline/Pipeline.php(219): Illuminate\\Foundation\\Http\\Middleware\\InvokeDeferredCallbacks->handle()
#59 /workspaces/lamastudio-website/lamaStudio-sms/vendor/laravel/framework/src/Illuminate/Http/Middleware/ValidatePathEncoding.php(28): Illuminate\\Pipeline\\Pipeline->{closure:{closure:Illuminate\\Pipeline\\Pipeline::carry():194}:195}()
#60 /workspaces/lamastudio-website/lamaStudio-sms/vendor/laravel/framework/src/Illuminate/Pipeline/Pipeline.php(219): Illuminate\\Http\\Middleware\\ValidatePathEncoding->handle()
#61 /workspaces/lamastudio-website/lamaStudio-sms/vendor/laravel/framework/src/Illuminate/Pipeline/Pipeline.php(137): Illuminate\\Pipeline\\Pipeline->{closure:{closure:Illuminate\\Pipeline\\Pipeline::carry():194}:195}()
#62 /workspaces/lamastudio-website/lamaStudio-sms/vendor/laravel/framework/src/Illuminate/Foundation/Http/Kernel.php(175): Illuminate\\Pipeline\\Pipeline->then()
#63 /workspaces/lamastudio-website/lamaStudio-sms/vendor/laravel/framework/src/Illuminate/Foundation/Http/Kernel.php(144): Illuminate\\Foundation\\Http\\Kernel->sendRequestThroughRouter()
#64 /workspaces/lamastudio-website/lamaStudio-sms/vendor/laravel/framework/src/Illuminate/Foundation/Testing/Concerns/MakesHttpRequests.php(638): Illuminate\\Foundation\\Http\\Kernel->handle()
#65 /workspaces/lamastudio-website/lamaStudio-sms/vendor/laravel/framework/src/Illuminate/Foundation/Testing/Concerns/MakesHttpRequests.php(397): Illuminate\\Foundation\\Testing\\TestCase->call()
#66 /workspaces/lamastudio-website/lamaStudio-sms/tests/Feature/SchoolModulePagesTest.php(45): Illuminate\\Foundation\\Testing\\TestCase->post()
#67 /workspaces/lamastudio-website/lamaStudio-sms/vendor/phpunit/phpunit/src/Framework/TestCase.php(1318): Tests\\Feature\\SchoolModulePagesTest->test_fee_can_be_created()
#68 /workspaces/lamastudio-website/lamaStudio-sms/vendor/phpunit/phpunit/src/Framework/TestCase.php(1355): PHPUnit\\Framework\\TestCase->invokeTestMethod()
#69 /workspaces/lamastudio-website/lamaStudio-sms/vendor/phpunit/phpunit/src/Framework/TestCase.php(521): PHPUnit\\Framework\\TestCase->runTest()
#70 /workspaces/lamastudio-website/lamaStudio-sms/vendor/phpunit/phpunit/src/Framework/TestRunner/TestRunner.php(99): PHPUnit\\Framework\\TestCase->runBare()
#71 /workspaces/lamastudio-website/lamaStudio-sms/vendor/phpunit/phpunit/src/Framework/TestCase.php(361): PHPUnit\\Framework\\TestRunner->run()
#72 /workspaces/lamastudio-website/lamaStudio-sms/vendor/phpunit/phpunit/src/Framework/TestSuite.php(374): PHPUnit\\Framework\\TestCase->run()
#73 /workspaces/lamastudio-website/lamaStudio-sms/vendor/phpunit/phpunit/src/Framework/TestSuite.php(374): PHPUnit\\Framework\\TestSuite->run()
#74 /workspaces/lamastudio-website/lamaStudio-sms/vendor/phpunit/phpunit/src/TextUI/TestRunner.php(64): PHPUnit\\Framework\\TestSuite->run()
#75 /workspaces/lamastudio-website/lamaStudio-sms/vendor/phpunit/phpunit/src/TextUI/Application.php(229): PHPUnit\\TextUI\\TestRunner->run()
#76 /workspaces/lamastudio-website/lamaStudio-sms/vendor/phpunit/phpunit/phpunit(104): PHPUnit\\TextUI\\Application->run()
#77 {main}
"} 
[2026-08-03 12:06:04] local.ERROR: SQLSTATE[HY000]: General error: 1 table users has no column named email_verified_at (Connection: sqlite, Database: /workspaces/lamastudio-website/lamaStudio-sms/database/database.sqlite, SQL: insert into "users" ("name", "email", "email_verified_at", "password", "remember_token", "updated_at", "created_at") values (Test User, test@example.com, 2026-08-03 12:06:04, $2y$12$eVTnDXPQoJKRfx.7dQgmVuigQMxd3OwYE/DgRvXphbijAG0GNZScW, MVlcmf05j9, 2026-08-03 12:06:04, 2026-08-03 12:06:04)) {"exception":"[object] (Illuminate\\Database\\QueryException(code: HY000): SQLSTATE[HY000]: General error: 1 table users has no column named email_verified_at (Connection: sqlite, Database: /workspaces/lamastudio-website/lamaStudio-sms/database/database.sqlite, SQL: insert into \"users\" (\"name\", \"email\", \"email_verified_at\", \"password\", \"remember_token\", \"updated_at\", \"created_at\") values (Test User, test@example.com, 2026-08-03 12:06:04, $2y$12$eVTnDXPQoJKRfx.7dQgmVuigQMxd3OwYE/DgRvXphbijAG0GNZScW, MVlcmf05j9, 2026-08-03 12:06:04, 2026-08-03 12:06:04)) at /workspaces/lamastudio-website/lamaStudio-sms/vendor/laravel/framework/src/Illuminate/Database/Connection.php:857)
[stacktrace]
#0 /workspaces/lamastudio-website/lamaStudio-sms/vendor/laravel/framework/src/Illuminate/Database/Connection.php(813): Illuminate\\Database\\Connection->runQueryCallback()
#1 /workspaces/lamastudio-website/lamaStudio-sms/vendor/laravel/framework/src/Illuminate/Database/Connection.php(590): Illuminate\\Database\\Connection->run()
#2 /workspaces/lamastudio-website/lamaStudio-sms/vendor/laravel/framework/src/Illuminate/Database/Connection.php(554): Illuminate\\Database\\Connection->statement()
#3 /workspaces/lamastudio-website/lamaStudio-sms/vendor/laravel/framework/src/Illuminate/Database/Query/Processors/Processor.php(32): Illuminate\\Database\\Connection->insert()
#4 /workspaces/lamastudio-website/lamaStudio-sms/vendor/laravel/framework/src/Illuminate/Database/Query/Builder.php(4258): Illuminate\\Database\\Query\\Processors\\Processor->processInsertGetId()
#5 /workspaces/lamastudio-website/lamaStudio-sms/vendor/laravel/framework/src/Illuminate/Database/Eloquent/Builder.php(2271): Illuminate\\Database\\Query\\Builder->insertGetId()
#6 /workspaces/lamastudio-website/lamaStudio-sms/vendor/laravel/framework/src/Illuminate/Database/Eloquent/Model.php(1685): Illuminate\\Database\\Eloquent\\Builder->__call()
#7 /workspaces/lamastudio-website/lamaStudio-sms/vendor/laravel/framework/src/Illuminate/Database/Eloquent/Model.php(1601): Illuminate\\Database\\Eloquent\\Model->insertAndSetId()
#8 /workspaces/lamastudio-website/lamaStudio-sms/vendor/laravel/framework/src/Illuminate/Database/Eloquent/Model.php(1405): Illuminate\\Database\\Eloquent\\Model->performInsert()
#9 /workspaces/lamastudio-website/lamaStudio-sms/vendor/laravel/framework/src/Illuminate/Database/Eloquent/Factories/Factory.php(379): Illuminate\\Database\\Eloquent\\Model->save()
#10 /workspaces/lamastudio-website/lamaStudio-sms/vendor/laravel/framework/src/Illuminate/Collections/Traits/EnumeratesValues.php(275): Illuminate\\Database\\Eloquent\\Factories\\Factory->{closure:Illuminate\\Database\\Eloquent\\Factories\\Factory::store():374}()
#11 /workspaces/lamastudio-website/lamaStudio-sms/vendor/laravel/framework/src/Illuminate/Database/Eloquent/Factories/Factory.php(374): Illuminate\\Support\\Collection->each()
#12 /workspaces/lamastudio-website/lamaStudio-sms/vendor/laravel/framework/src/Illuminate/Database/Eloquent/Factories/Factory.php(330): Illuminate\\Database\\Eloquent\\Factories\\Factory->store()
#13 /workspaces/lamastudio-website/lamaStudio-sms/vendor/laravel/framework/src/Illuminate/Database/Eloquent/Factories/Factory.php(324): Illuminate\\Database\\Eloquent\\Factories\\Factory->create()
#14 /workspaces/lamastudio-website/lamaStudio-sms/database/seeders/DatabaseSeeder.php(20): Illuminate\\Database\\Eloquent\\Factories\\Factory->create()
#15 /workspaces/lamastudio-website/lamaStudio-sms/vendor/laravel/framework/src/Illuminate/Container/BoundMethod.php(36): Database\\Seeders\\DatabaseSeeder->run()
#16 /workspaces/lamastudio-website/lamaStudio-sms/vendor/laravel/framework/src/Illuminate/Container/Util.php(43): Illuminate\\Container\\BoundMethod::{closure:Illuminate\\Container\\BoundMethod::call():35}()
#17 /workspaces/lamastudio-website/lamaStudio-sms/vendor/laravel/framework/src/Illuminate/Container/BoundMethod.php(96): Illuminate\\Container\\Util::unwrapIfClosure()
#18 /workspaces/lamastudio-website/lamaStudio-sms/vendor/laravel/framework/src/Illuminate/Container/BoundMethod.php(35): Illuminate\\Container\\BoundMethod::callBoundMethod()
#19 /workspaces/lamastudio-website/lamaStudio-sms/vendor/laravel/framework/src/Illuminate/Container/Container.php(800): Illuminate\\Container\\BoundMethod::call()
#20 /workspaces/lamastudio-website/lamaStudio-sms/vendor/laravel/framework/src/Illuminate/Database/Seeder.php(184): Illuminate\\Container\\Container->call()
#21 /workspaces/lamastudio-website/lamaStudio-sms/vendor/laravel/framework/src/Illuminate/Database/Eloquent/Concerns/HasEvents.php(456): Illuminate\\Database\\Seeder->{closure:Illuminate\\Database\\Seeder::__invoke():183}()
#22 /workspaces/lamastudio-website/lamaStudio-sms/vendor/laravel/framework/src/Illuminate/Database/Console/Seeds/WithoutModelEvents.php(17): Illuminate\\Database\\Eloquent\\Model::withoutEvents()
#23 /workspaces/lamastudio-website/lamaStudio-sms/vendor/laravel/framework/src/Illuminate/Database/Seeder.php(191): Database\\Seeders\\DatabaseSeeder->{closure:Illuminate\\Database\\Console\\Seeds\\WithoutModelEvents::withoutModelEvents():17}()
#24 /workspaces/lamastudio-website/lamaStudio-sms/vendor/laravel/framework/src/Illuminate/Database/Console/Seeds/SeedCommand.php(71): Illuminate\\Database\\Seeder->__invoke()
#25 /workspaces/lamastudio-website/lamaStudio-sms/vendor/laravel/framework/src/Illuminate/Database/Eloquent/Concerns/GuardsAttributes.php(185): Illuminate\\Database\\Console\\Seeds\\SeedCommand->{closure:Illuminate\\Database\\Console\\Seeds\\SeedCommand::handle():70}()
#26 /workspaces/lamastudio-website/lamaStudio-sms/vendor/laravel/framework/src/Illuminate/Database/Console/Seeds/SeedCommand.php(70): Illuminate\\Database\\Eloquent\\Model::unguarded()
#27 /workspaces/lamastudio-website/lamaStudio-sms/vendor/laravel/framework/src/Illuminate/Container/BoundMethod.php(36): Illuminate\\Database\\Console\\Seeds\\SeedCommand->handle()
#28 /workspaces/lamastudio-website/lamaStudio-sms/vendor/laravel/framework/src/Illuminate/Container/Util.php(43): Illuminate\\Container\\BoundMethod::{closure:Illuminate\\Container\\BoundMethod::call():35}()
#29 /workspaces/lamastudio-website/lamaStudio-sms/vendor/laravel/framework/src/Illuminate/Container/BoundMethod.php(96): Illuminate\\Container\\Util::unwrapIfClosure()
#30 /workspaces/lamastudio-website/lamaStudio-sms/vendor/laravel/framework/src/Illuminate/Container/BoundMethod.php(35): Illuminate\\Container\\BoundMethod::callBoundMethod()
#31 /workspaces/lamastudio-website/lamaStudio-sms/vendor/laravel/framework/src/Illuminate/Container/Container.php(800): Illuminate\\Container\\BoundMethod::call()
#32 /workspaces/lamastudio-website/lamaStudio-sms/vendor/laravel/framework/src/Illuminate/Console/Command.php(280): Illuminate\\Container\\Container->call()
#33 /workspaces/lamastudio-website/lamaStudio-sms/vendor/symfony/console/Command/Command.php(284): Illuminate\\Console\\Command->execute()
#34 /workspaces/lamastudio-website/lamaStudio-sms/vendor/laravel/framework/src/Illuminate/Console/Command.php(249): Symfony\\Component\\Console\\Command\\Command->run()
#35 /workspaces/lamastudio-website/lamaStudio-sms/vendor/laravel/framework/src/Illuminate/Console/Concerns/CallsCommands.php(68): Illuminate\\Console\\Command->run()
#36 /workspaces/lamastudio-website/lamaStudio-sms/vendor/laravel/framework/src/Illuminate/Console/Concerns/CallsCommands.php(29): Illuminate\\Console\\Command->runCommand()
#37 /workspaces/lamastudio-website/lamaStudio-sms/vendor/laravel/framework/src/Illuminate/Database/Console/Migrations/FreshCommand.php(128): Illuminate\\Console\\Command->call()
#38 /workspaces/lamastudio-website/lamaStudio-sms/vendor/laravel/framework/src/Illuminate/Database/Console/Migrations/FreshCommand.php(104): Illuminate\\Database\\Console\\Migrations\\FreshCommand->runSeeder()
#39 /workspaces/lamastudio-website/lamaStudio-sms/vendor/laravel/framework/src/Illuminate/Container/BoundMethod.php(36): Illuminate\\Database\\Console\\Migrations\\FreshCommand->handle()
#40 /workspaces/lamastudio-website/lamaStudio-sms/vendor/laravel/framework/src/Illuminate/Container/Util.php(43): Illuminate\\Container\\BoundMethod::{closure:Illuminate\\Container\\BoundMethod::call():35}()
#41 /workspaces/lamastudio-website/lamaStudio-sms/vendor/laravel/framework/src/Illuminate/Container/BoundMethod.php(96): Illuminate\\Container\\Util::unwrapIfClosure()
#42 /workspaces/lamastudio-website/lamaStudio-sms/vendor/laravel/framework/src/Illuminate/Container/BoundMethod.php(35): Illuminate\\Container\\BoundMethod::callBoundMethod()
#43 /workspaces/lamastudio-website/lamaStudio-sms/vendor/laravel/framework/src/Illuminate/Container/Container.php(800): Illuminate\\Container\\BoundMethod::call()
#44 /workspaces/lamastudio-website/lamaStudio-sms/vendor/laravel/framework/src/Illuminate/Console/Command.php(280): Illuminate\\Container\\Container->call()
#45 /workspaces/lamastudio-website/lamaStudio-sms/vendor/symfony/console/Command/Command.php(284): Illuminate\\Console\\Command->execute()
#46 /workspaces/lamastudio-website/lamaStudio-sms/vendor/laravel/framework/src/Illuminate/Console/Command.php(249): Symfony\\Component\\Console\\Command\\Command->run()
#47 /workspaces/lamastudio-website/lamaStudio-sms/vendor/symfony/console/Application.php(1144): Illuminate\\Console\\Command->run()
#48 /workspaces/lamastudio-website/lamaStudio-sms/vendor/symfony/console/Application.php(379): Symfony\\Component\\Console\\Application->doRunCommand()
#49 /workspaces/lamastudio-website/lamaStudio-sms/vendor/symfony/console/Application.php(218): Symfony\\Component\\Console\\Application->doRun()
#50 /workspaces/lamastudio-website/lamaStudio-sms/vendor/laravel/framework/src/Illuminate/Foundation/Console/Kernel.php(198): Symfony\\Component\\Console\\Application->run()
#51 /workspaces/lamastudio-website/lamaStudio-sms/vendor/laravel/framework/src/Illuminate/Foundation/Application.php(1242): Illuminate\\Foundation\\Console\\Kernel->handle()
#52 /workspaces/lamastudio-website/lamaStudio-sms/artisan(16): Illuminate\\Foundation\\Application->handleCommand()
#53 {main}

[previous exception] [object] (PDOException(code: HY000): SQLSTATE[HY000]: General error: 1 table users has no column named email_verified_at at /workspaces/lamastudio-website/lamaStudio-sms/vendor/laravel/framework/src/Illuminate/Database/Connection.php:595)
[stacktrace]
#0 /workspaces/lamastudio-website/lamaStudio-sms/vendor/laravel/framework/src/Illuminate/Database/Connection.php(595): PDO->prepare()
#1 /workspaces/lamastudio-website/lamaStudio-sms/vendor/laravel/framework/src/Illuminate/Database/Connection.php(846): Illuminate\\Database\\Connection->{closure:Illuminate\\Database\\Connection::statement():590}()
#2 /workspaces/lamastudio-website/lamaStudio-sms/vendor/laravel/framework/src/Illuminate/Database/Connection.php(813): Illuminate\\Database\\Connection->runQueryCallback()
#3 /workspaces/lamastudio-website/lamaStudio-sms/vendor/laravel/framework/src/Illuminate/Database/Connection.php(590): Illuminate\\Database\\Connection->run()
#4 /workspaces/lamastudio-website/lamaStudio-sms/vendor/laravel/framework/src/Illuminate/Database/Connection.php(554): Illuminate\\Database\\Connection->statement()
#5 /workspaces/lamastudio-website/lamaStudio-sms/vendor/laravel/framework/src/Illuminate/Database/Query/Processors/Processor.php(32): Illuminate\\Database\\Connection->insert()
#6 /workspaces/lamastudio-website/lamaStudio-sms/vendor/laravel/framework/src/Illuminate/Database/Query/Builder.php(4258): Illuminate\\Database\\Query\\Processors\\Processor->processInsertGetId()
#7 /workspaces/lamastudio-website/lamaStudio-sms/vendor/laravel/framework/src/Illuminate/Database/Eloquent/Builder.php(2271): Illuminate\\Database\\Query\\Builder->insertGetId()
#8 /workspaces/lamastudio-website/lamaStudio-sms/vendor/laravel/framework/src/Illuminate/Database/Eloquent/Model.php(1685): Illuminate\\Database\\Eloquent\\Builder->__call()
#9 /workspaces/lamastudio-website/lamaStudio-sms/vendor/laravel/framework/src/Illuminate/Database/Eloquent/Model.php(1601): Illuminate\\Database\\Eloquent\\Model->insertAndSetId()
#10 /workspaces/lamastudio-website/lamaStudio-sms/vendor/laravel/framework/src/Illuminate/Database/Eloquent/Model.php(1405): Illuminate\\Database\\Eloquent\\Model->performInsert()
#11 /workspaces/lamastudio-website/lamaStudio-sms/vendor/laravel/framework/src/Illuminate/Database/Eloquent/Factories/Factory.php(379): Illuminate\\Database\\Eloquent\\Model->save()
#12 /workspaces/lamastudio-website/lamaStudio-sms/vendor/laravel/framework/src/Illuminate/Collections/Traits/EnumeratesValues.php(275): Illuminate\\Database\\Eloquent\\Factories\\Factory->{closure:Illuminate\\Database\\Eloquent\\Factories\\Factory::store():374}()
#13 /workspaces/lamastudio-website/lamaStudio-sms/vendor/laravel/framework/src/Illuminate/Database/Eloquent/Factories/Factory.php(374): Illuminate\\Support\\Collection->each()
#14 /workspaces/lamastudio-website/lamaStudio-sms/vendor/laravel/framework/src/Illuminate/Database/Eloquent/Factories/Factory.php(330): Illuminate\\Database\\Eloquent\\Factories\\Factory->store()
#15 /workspaces/lamastudio-website/lamaStudio-sms/vendor/laravel/framework/src/Illuminate/Database/Eloquent/Factories/Factory.php(324): Illuminate\\Database\\Eloquent\\Factories\\Factory->create()
#16 /workspaces/lamastudio-website/lamaStudio-sms/database/seeders/DatabaseSeeder.php(20): Illuminate\\Database\\Eloquent\\Factories\\Factory->create()
#17 /workspaces/lamastudio-website/lamaStudio-sms/vendor/laravel/framework/src/Illuminate/Container/BoundMethod.php(36): Database\\Seeders\\DatabaseSeeder->run()
#18 /workspaces/lamastudio-website/lamaStudio-sms/vendor/laravel/framework/src/Illuminate/Container/Util.php(43): Illuminate\\Container\\BoundMethod::{closure:Illuminate\\Container\\BoundMethod::call():35}()
#19 /workspaces/lamastudio-website/lamaStudio-sms/vendor/laravel/framework/src/Illuminate/Container/BoundMethod.php(96): Illuminate\\Container\\Util::unwrapIfClosure()
#20 /workspaces/lamastudio-website/lamaStudio-sms/vendor/laravel/framework/src/Illuminate/Container/BoundMethod.php(35): Illuminate\\Container\\BoundMethod::callBoundMethod()
#21 /workspaces/lamastudio-website/lamaStudio-sms/vendor/laravel/framework/src/Illuminate/Container/Container.php(800): Illuminate\\Container\\BoundMethod::call()
#22 /workspaces/lamastudio-website/lamaStudio-sms/vendor/laravel/framework/src/Illuminate/Database/Seeder.php(184): Illuminate\\Container\\Container->call()
#23 /workspaces/lamastudio-website/lamaStudio-sms/vendor/laravel/framework/src/Illuminate/Database/Eloquent/Concerns/HasEvents.php(456): Illuminate\\Database\\Seeder->{closure:Illuminate\\Database\\Seeder::__invoke():183}()
#24 /workspaces/lamastudio-website/lamaStudio-sms/vendor/laravel/framework/src/Illuminate/Database/Console/Seeds/WithoutModelEvents.php(17): Illuminate\\Database\\Eloquent\\Model::withoutEvents()
#25 /workspaces/lamastudio-website/lamaStudio-sms/vendor/laravel/framework/src/Illuminate/Database/Seeder.php(191): Database\\Seeders\\DatabaseSeeder->{closure:Illuminate\\Database\\Console\\Seeds\\WithoutModelEvents::withoutModelEvents():17}()
#26 /workspaces/lamastudio-website/lamaStudio-sms/vendor/laravel/framework/src/Illuminate/Database/Console/Seeds/SeedCommand.php(71): Illuminate\\Database\\Seeder->__invoke()
#27 /workspaces/lamastudio-website/lamaStudio-sms/vendor/laravel/framework/src/Illuminate/Database/Eloquent/Concerns/GuardsAttributes.php(185): Illuminate\\Database\\Console\\Seeds\\SeedCommand->{closure:Illuminate\\Database\\Console\\Seeds\\SeedCommand::handle():70}()
#28 /workspaces/lamastudio-website/lamaStudio-sms/vendor/laravel/framework/src/Illuminate/Database/Console/Seeds/SeedCommand.php(70): Illuminate\\Database\\Eloquent\\Model::unguarded()
#29 /workspaces/lamastudio-website/lamaStudio-sms/vendor/laravel/framework/src/Illuminate/Container/BoundMethod.php(36): Illuminate\\Database\\Console\\Seeds\\SeedCommand->handle()
#30 /workspaces/lamastudio-website/lamaStudio-sms/vendor/laravel/framework/src/Illuminate/Container/Util.php(43): Illuminate\\Container\\BoundMethod::{closure:Illuminate\\Container\\BoundMethod::call():35}()
#31 /workspaces/lamastudio-website/lamaStudio-sms/vendor/laravel/framework/src/Illuminate/Container/BoundMethod.php(96): Illuminate\\Container\\Util::unwrapIfClosure()
#32 /workspaces/lamastudio-website/lamaStudio-sms/vendor/laravel/framework/src/Illuminate/Container/BoundMethod.php(35): Illuminate\\Container\\BoundMethod::callBoundMethod()
#33 /workspaces/lamastudio-website/lamaStudio-sms/vendor/laravel/framework/src/Illuminate/Container/Container.php(800): Illuminate\\Container\\BoundMethod::call()
#34 /workspaces/lamastudio-website/lamaStudio-sms/vendor/laravel/framework/src/Illuminate/Console/Command.php(280): Illuminate\\Container\\Container->call()
#35 /workspaces/lamastudio-website/lamaStudio-sms/vendor/symfony/console/Command/Command.php(284): Illuminate\\Console\\Command->execute()
#36 /workspaces/lamastudio-website/lamaStudio-sms/vendor/laravel/framework/src/Illuminate/Console/Command.php(249): Symfony\\Component\\Console\\Command\\Command->run()
#37 /workspaces/lamastudio-website/lamaStudio-sms/vendor/laravel/framework/src/Illuminate/Console/Concerns/CallsCommands.php(68): Illuminate\\Console\\Command->run()
#38 /workspaces/lamastudio-website/lamaStudio-sms/vendor/laravel/framework/src/Illuminate/Console/Concerns/CallsCommands.php(29): Illuminate\\Console\\Command->runCommand()
#39 /workspaces/lamastudio-website/lamaStudio-sms/vendor/laravel/framework/src/Illuminate/Database/Console/Migrations/FreshCommand.php(128): Illuminate\\Console\\Command->call()
#40 /workspaces/lamastudio-website/lamaStudio-sms/vendor/laravel/framework/src/Illuminate/Database/Console/Migrations/FreshCommand.php(104): Illuminate\\Database\\Console\\Migrations\\FreshCommand->runSeeder()
#41 /workspaces/lamastudio-website/lamaStudio-sms/vendor/laravel/framework/src/Illuminate/Container/BoundMethod.php(36): Illuminate\\Database\\Console\\Migrations\\FreshCommand->handle()
#42 /workspaces/lamastudio-website/lamaStudio-sms/vendor/laravel/framework/src/Illuminate/Container/Util.php(43): Illuminate\\Container\\BoundMethod::{closure:Illuminate\\Container\\BoundMethod::call():35}()
#43 /workspaces/lamastudio-website/lamaStudio-sms/vendor/laravel/framework/src/Illuminate/Container/BoundMethod.php(96): Illuminate\\Container\\Util::unwrapIfClosure()
#44 /workspaces/lamastudio-website/lamaStudio-sms/vendor/laravel/framework/src/Illuminate/Container/BoundMethod.php(35): Illuminate\\Container\\BoundMethod::callBoundMethod()
#45 /workspaces/lamastudio-website/lamaStudio-sms/vendor/laravel/framework/src/Illuminate/Container/Container.php(800): Illuminate\\Container\\BoundMethod::call()
#46 /workspaces/lamastudio-website/lamaStudio-sms/vendor/laravel/framework/src/Illuminate/Console/Command.php(280): Illuminate\\Container\\Container->call()
#47 /workspaces/lamastudio-website/lamaStudio-sms/vendor/symfony/console/Command/Command.php(284): Illuminate\\Console\\Command->execute()
#48 /workspaces/lamastudio-website/lamaStudio-sms/vendor/laravel/framework/src/Illuminate/Console/Command.php(249): Symfony\\Component\\Console\\Command\\Command->run()
#49 /workspaces/lamastudio-website/lamaStudio-sms/vendor/symfony/console/Application.php(1144): Illuminate\\Console\\Command->run()
#50 /workspaces/lamastudio-website/lamaStudio-sms/vendor/symfony/console/Application.php(379): Symfony\\Component\\Console\\Application->doRunCommand()
#51 /workspaces/lamastudio-website/lamaStudio-sms/vendor/symfony/console/Application.php(218): Symfony\\Component\\Console\\Application->doRun()
#52 /workspaces/lamastudio-website/lamaStudio-sms/vendor/laravel/framework/src/Illuminate/Foundation/Console/Kernel.php(198): Symfony\\Component\\Console\\Application->run()
#53 /workspaces/lamastudio-website/lamaStudio-sms/vendor/laravel/framework/src/Illuminate/Foundation/Application.php(1242): Illuminate\\Foundation\\Console\\Kernel->handle()
#54 /workspaces/lamastudio-website/lamaStudio-sms/artisan(16): Illuminate\\Foundation\\Application->handleCommand()
#55 {main}
"} 
[2026-08-04 05:08:09] testing.ERROR: SQLSTATE[HY000]: General error: 1 no such table: students (Connection: sqlite, Database: :memory:, SQL: select count(*) as "aggregate" from "students") (View: /workspaces/lamastudio-website/lamaStudio-sms/resources/views/welcome.blade.php) {"exception":"[object] (Illuminate\\View\\ViewException(code: 0): SQLSTATE[HY000]: General error: 1 no such table: students (Connection: sqlite, Database: :memory:, SQL: select count(*) as \"aggregate\" from \"students\") (View: /workspaces/lamastudio-website/lamaStudio-sms/resources/views/welcome.blade.php) at /workspaces/lamastudio-website/lamaStudio-sms/vendor/laravel/framework/src/Illuminate/Database/Connection.php:857)
[stacktrace]
#0 /workspaces/lamastudio-website/lamaStudio-sms/vendor/laravel/framework/src/Illuminate/View/Engines/PhpEngine.php(59): Illuminate\\View\\Engines\\CompilerEngine->handleViewException()
#1 /workspaces/lamastudio-website/lamaStudio-sms/vendor/laravel/framework/src/Illuminate/View/Engines/CompilerEngine.php(76): Illuminate\\View\\Engines\\PhpEngine->evaluatePath()
#2 /workspaces/lamastudio-website/lamaStudio-sms/vendor/laravel/framework/src/Illuminate/View/View.php(208): Illuminate\\View\\Engines\\CompilerEngine->get()
#3 /workspaces/lamastudio-website/lamaStudio-sms/vendor/laravel/framework/src/Illuminate/View/View.php(191): Illuminate\\View\\View->getContents()
#4 /workspaces/lamastudio-website/lamaStudio-sms/vendor/laravel/framework/src/Illuminate/View/View.php(160): Illuminate\\View\\View->renderContents()
#5 /workspaces/lamastudio-website/lamaStudio-sms/vendor/laravel/framework/src/Illuminate/Http/Response.php(82): Illuminate\\View\\View->render()
#6 /workspaces/lamastudio-website/lamaStudio-sms/vendor/laravel/framework/src/Illuminate/Http/Response.php(40): Illuminate\\Http\\Response->setContent()
#7 /workspaces/lamastudio-website/lamaStudio-sms/vendor/laravel/framework/src/Illuminate/Routing/Router.php(939): Illuminate\\Http\\Response->__construct()
#8 /workspaces/lamastudio-website/lamaStudio-sms/vendor/laravel/framework/src/Illuminate/Routing/Router.php(906): Illuminate\\Routing\\Router::toResponse()
#9 /workspaces/lamastudio-website/lamaStudio-sms/vendor/laravel/framework/src/Illuminate/Routing/Router.php(821): Illuminate\\Routing\\Router->prepareResponse()
#10 /workspaces/lamastudio-website/lamaStudio-sms/vendor/laravel/framework/src/Illuminate/Pipeline/Pipeline.php(180): Illuminate\\Routing\\Router->{closure:Illuminate\\Routing\\Router::runRouteWithinStack():821}()
#11 /workspaces/lamastudio-website/lamaStudio-sms/vendor/laravel/framework/src/Illuminate/Routing/Middleware/SubstituteBindings.php(52): Illuminate\\Pipeline\\Pipeline->{closure:Illuminate\\Pipeline\\Pipeline::prepareDestination():178}()
#12 /workspaces/lamastudio-website/lamaStudio-sms/vendor/laravel/framework/src/Illuminate/Pipeline/Pipeline.php(219): Illuminate\\Routing\\Middleware\\SubstituteBindings->handle()
#13 /workspaces/lamastudio-website/lamaStudio-sms/vendor/laravel/framework/src/Illuminate/Foundation/Http/Middleware/PreventRequestForgery.php(104): Illuminate\\Pipeline\\Pipeline->{closure:{closure:Illuminate\\Pipeline\\Pipeline::carry():194}:195}()
#14 /workspaces/lamastudio-website/lamaStudio-sms/vendor/laravel/framework/src/Illuminate/Pipeline/Pipeline.php(219): Illuminate\\Foundation\\Http\\Middleware\\PreventRequestForgery->handle()
#15 /workspaces/lamastudio-website/lamaStudio-sms/vendor/laravel/framework/src/Illuminate/View/Middleware/ShareErrorsFromSession.php(48): Illuminate\\Pipeline\\Pipeline->{closure:{closure:Illuminate\\Pipeline\\Pipeline::carry():194}:195}()
#16 /workspaces/lamastudio-website/lamaStudio-sms/vendor/laravel/framework/src/Illuminate/Pipeline/Pipeline.php(219): Illuminate\\View\\Middleware\\ShareErrorsFromSession->handle()
#17 /workspaces/lamastudio-website/lamaStudio-sms/vendor/laravel/framework/src/Illuminate/Session/Middleware/StartSession.php(120): Illuminate\\Pipeline\\Pipeline->{closure:{closure:Illuminate\\Pipeline\\Pipeline::carry():194}:195}()
#18 /workspaces/lamastudio-website/lamaStudio-sms/vendor/laravel/framework/src/Illuminate/Session/Middleware/StartSession.php(63): Illuminate\\Session\\Middleware\\StartSession->handleStatefulRequest()
#19 /workspaces/lamastudio-website/lamaStudio-sms/vendor/laravel/framework/src/Illuminate/Pipeline/Pipeline.php(219): Illuminate\\Session\\Middleware\\StartSession->handle()
#20 /workspaces/lamastudio-website/lamaStudio-sms/vendor/laravel/framework/src/Illuminate/Cookie/Middleware/AddQueuedCookiesToResponse.php(36): Illuminate\\Pipeline\\Pipeline->{closure:{closure:Illuminate\\Pipeline\\Pipeline::carry():194}:195}()
#21 /workspaces/lamastudio-website/lamaStudio-sms/vendor/laravel/framework/src/Illuminate/Pipeline/Pipeline.php(219): Illuminate\\Cookie\\Middleware\\AddQueuedCookiesToResponse->handle()
#22 /workspaces/lamastudio-website/lamaStudio-sms/vendor/laravel/framework/src/Illuminate/Cookie/Middleware/EncryptCookies.php(74): Illuminate\\Pipeline\\Pipeline->{closure:{closure:Illuminate\\Pipeline\\Pipeline::carry():194}:195}()
#23 /workspaces/lamastudio-website/lamaStudio-sms/vendor/laravel/framework/src/Illuminate/Pipeline/Pipeline.php(219): Illuminate\\Cookie\\Middleware\\EncryptCookies->handle()
#24 /workspaces/lamastudio-website/lamaStudio-sms/vendor/laravel/framework/src/Illuminate/Pipeline/Pipeline.php(137): Illuminate\\Pipeline\\Pipeline->{closure:{closure:Illuminate\\Pipeline\\Pipeline::carry():194}:195}()
#25 /workspaces/lamastudio-website/lamaStudio-sms/vendor/laravel/framework/src/Illuminate/Routing/Router.php(821): Illuminate\\Pipeline\\Pipeline->then()
#26 /workspaces/lamastudio-website/lamaStudio-sms/vendor/laravel/framework/src/Illuminate/Routing/Router.php(800): Illuminate\\Routing\\Router->runRouteWithinStack()
#27 /workspaces/lamastudio-website/lamaStudio-sms/vendor/laravel/framework/src/Illuminate/Routing/Router.php(764): Illuminate\\Routing\\Router->runRoute()
#28 /workspaces/lamastudio-website/lamaStudio-sms/vendor/laravel/framework/src/Illuminate/Routing/Router.php(753): Illuminate\\Routing\\Router->dispatchToRoute()
#29 /workspaces/lamastudio-website/lamaStudio-sms/vendor/laravel/framework/src/Illuminate/Foundation/Http/Kernel.php(200): Illuminate\\Routing\\Router->dispatch()
#30 /workspaces/lamastudio-website/lamaStudio-sms/vendor/laravel/framework/src/Illuminate/Pipeline/Pipeline.php(180): Illuminate\\Foundation\\Http\\Kernel->{closure:Illuminate\\Foundation\\Http\\Kernel::dispatchToRouter():197}()
#31 /workspaces/lamastudio-website/lamaStudio-sms/vendor/laravel/framework/src/Illuminate/Foundation/Http/Middleware/TransformsRequest.php(21): Illuminate\\Pipeline\\Pipeline->{closure:Illuminate\\Pipeline\\Pipeline::prepareDestination():178}()
#32 /workspaces/lamastudio-website/lamaStudio-sms/vendor/laravel/framework/src/Illuminate/Foundation/Http/Middleware/ConvertEmptyStringsToNull.php(31): Illuminate\\Foundation\\Http\\Middleware\\TransformsRequest->handle()
#33 /workspaces/lamastudio-website/lamaStudio-sms/vendor/laravel/framework/src/Illuminate/Pipeline/Pipeline.php(219): Illuminate\\Foundation\\Http\\Middleware\\ConvertEmptyStringsToNull->handle()
#34 /workspaces/lamastudio-website/lamaStudio-sms/vendor/laravel/framework/src/Illuminate/Foundation/Http/Middleware/TransformsRequest.php(21): Illuminate\\Pipeline\\Pipeline->{closure:{closure:Illuminate\\Pipeline\\Pipeline::carry():194}:195}()
#35 /workspaces/lamastudio-website/lamaStudio-sms/vendor/laravel/framework/src/Illuminate/Foundation/Http/Middleware/TrimStrings.php(51): Illuminate\\Foundation\\Http\\Middleware\\TransformsRequest->handle()
#36 /workspaces/lamastudio-website/lamaStudio-sms/vendor/laravel/framework/src/Illuminate/Pipeline/Pipeline.php(219): Illuminate\\Foundation\\Http\\Middleware\\TrimStrings->handle()
#37 /workspaces/lamastudio-website/lamaStudio-sms/vendor/laravel/framework/src/Illuminate/Http/Middleware/ValidatePostSize.php(27): Illuminate\\Pipeline\\Pipeline->{closure:{closure:Illuminate\\Pipeline\\Pipeline::carry():194}:195}()
#38 /workspaces/lamastudio-website/lamaStudio-sms/vendor/laravel/framework/src/Illuminate/Pipeline/Pipeline.php(219): Illuminate\\Http\\Middleware\\ValidatePostSize->handle()
#39 /workspaces/lamastudio-website/lamaStudio-sms/vendor/laravel/framework/src/Illuminate/Foundation/Http/Middleware/PreventRequestsDuringMaintenance.php(109): Illuminate\\Pipeline\\Pipeline->{closure:{closure:Illuminate\\Pipeline\\Pipeline::carry():194}:195}()
#40 /workspaces/lamastudio-website/lamaStudio-sms/vendor/laravel/framework/src/Illuminate/Pipeline/Pipeline.php(219): Illuminate\\Foundation\\Http\\Middleware\\PreventRequestsDuringMaintenance->handle()
#41 /workspaces/lamastudio-website/lamaStudio-sms/vendor/laravel/framework/src/Illuminate/Http/Middleware/HandleCors.php(61): Illuminate\\Pipeline\\Pipeline->{closure:{closure:Illuminate\\Pipeline\\Pipeline::carry():194}:195}()
#42 /workspaces/lamastudio-website/lamaStudio-sms/vendor/laravel/framework/src/Illuminate/Pipeline/Pipeline.php(219): Illuminate\\Http\\Middleware\\HandleCors->handle()
#43 /workspaces/lamastudio-website/lamaStudio-sms/vendor/laravel/framework/src/Illuminate/Http/Middleware/TrustProxies.php(58): Illuminate\\Pipeline\\Pipeline->{closure:{closure:Illuminate\\Pipeline\\Pipeline::carry():194}:195}()
#44 /workspaces/lamastudio-website/lamaStudio-sms/vendor/laravel/framework/src/Illuminate/Pipeline/Pipeline.php(219): Illuminate\\Http\\Middleware\\TrustProxies->handle()
#45 /workspaces/lamastudio-website/lamaStudio-sms/vendor/laravel/framework/src/Illuminate/Foundation/Http/Middleware/InvokeDeferredCallbacks.php(22): Illuminate\\Pipeline\\Pipeline->{closure:{closure:Illuminate\\Pipeline\\Pipeline::carry():194}:195}()
#46 /workspaces/lamastudio-website/lamaStudio-sms/vendor/laravel/framework/src/Illuminate/Pipeline/Pipeline.php(219): Illuminate\\Foundation\\Http\\Middleware\\InvokeDeferredCallbacks->handle()
#47 /workspaces/lamastudio-website/lamaStudio-sms/vendor/laravel/framework/src/Illuminate/Http/Middleware/ValidatePathEncoding.php(28): Illuminate\\Pipeline\\Pipeline->{closure:{closure:Illuminate\\Pipeline\\Pipeline::carry():194}:195}()
#48 /workspaces/lamastudio-website/lamaStudio-sms/vendor/laravel/framework/src/Illuminate/Pipeline/Pipeline.php(219): Illuminate\\Http\\Middleware\\ValidatePathEncoding->handle()
#49 /workspaces/lamastudio-website/lamaStudio-sms/vendor/laravel/framework/src/Illuminate/Pipeline/Pipeline.php(137): Illuminate\\Pipeline\\Pipeline->{closure:{closure:Illuminate\\Pipeline\\Pipeline::carry():194}:195}()
#50 /workspaces/lamastudio-website/lamaStudio-sms/vendor/laravel/framework/src/Illuminate/Foundation/Http/Kernel.php(175): Illuminate\\Pipeline\\Pipeline->then()
#51 /workspaces/lamastudio-website/lamaStudio-sms/vendor/laravel/framework/src/Illuminate/Foundation/Http/Kernel.php(144): Illuminate\\Foundation\\Http\\Kernel->sendRequestThroughRouter()
#52 /workspaces/lamastudio-website/lamaStudio-sms/vendor/laravel/framework/src/Illuminate/Foundation/Testing/Concerns/MakesHttpRequests.php(638): Illuminate\\Foundation\\Http\\Kernel->handle()
#53 /workspaces/lamastudio-website/lamaStudio-sms/vendor/laravel/framework/src/Illuminate/Foundation/Testing/Concerns/MakesHttpRequests.php(368): Illuminate\\Foundation\\Testing\\TestCase->call()
#54 /workspaces/lamastudio-website/lamaStudio-sms/tests/Feature/ExampleTest.php(15): Illuminate\\Foundation\\Testing\\TestCase->get()
#55 /workspaces/lamastudio-website/lamaStudio-sms/vendor/phpunit/phpunit/src/Framework/TestCase.php(1318): Tests\\Feature\\ExampleTest->test_the_application_returns_a_successful_response()
#56 /workspaces/lamastudio-website/lamaStudio-sms/vendor/phpunit/phpunit/src/Framework/TestCase.php(1355): PHPUnit\\Framework\\TestCase->invokeTestMethod()
#57 /workspaces/lamastudio-website/lamaStudio-sms/vendor/phpunit/phpunit/src/Framework/TestCase.php(521): PHPUnit\\Framework\\TestCase->runTest()
#58 /workspaces/lamastudio-website/lamaStudio-sms/vendor/phpunit/phpunit/src/Framework/TestRunner/TestRunner.php(99): PHPUnit\\Framework\\TestCase->runBare()
#59 /workspaces/lamastudio-website/lamaStudio-sms/vendor/phpunit/phpunit/src/Framework/TestCase.php(361): PHPUnit\\Framework\\TestRunner->run()
#60 /workspaces/lamastudio-website/lamaStudio-sms/vendor/phpunit/phpunit/src/Framework/TestSuite.php(374): PHPUnit\\Framework\\TestCase->run()
#61 /workspaces/lamastudio-website/lamaStudio-sms/vendor/phpunit/phpunit/src/Framework/TestSuite.php(374): PHPUnit\\Framework\\TestSuite->run()
#62 /workspaces/lamastudio-website/lamaStudio-sms/vendor/phpunit/phpunit/src/Framework/TestSuite.php(374): PHPUnit\\Framework\\TestSuite->run()
#63 /workspaces/lamastudio-website/lamaStudio-sms/vendor/phpunit/phpunit/src/TextUI/TestRunner.php(64): PHPUnit\\Framework\\TestSuite->run()
#64 /workspaces/lamastudio-website/lamaStudio-sms/vendor/phpunit/phpunit/src/TextUI/Application.php(229): PHPUnit\\TextUI\\TestRunner->run()
#65 /workspaces/lamastudio-website/lamaStudio-sms/vendor/phpunit/phpunit/phpunit(104): PHPUnit\\TextUI\\Application->run()
#66 {main}

[previous exception] [object] (Illuminate\\Database\\QueryException(code: HY000): SQLSTATE[HY000]: General error: 1 no such table: students (Connection: sqlite, Database: :memory:, SQL: select count(*) as \"aggregate\" from \"students\") at /workspaces/lamastudio-website/lamaStudio-sms/vendor/laravel/framework/src/Illuminate/Database/Connection.php:857)
[stacktrace]
#0 /workspaces/lamastudio-website/lamaStudio-sms/vendor/laravel/framework/src/Illuminate/Database/Connection.php(813): Illuminate\\Database\\Connection->runQueryCallback()
#1 /workspaces/lamastudio-website/lamaStudio-sms/vendor/laravel/framework/src/Illuminate/Database/Connection.php(426): Illuminate\\Database\\Connection->run()
#2 /workspaces/lamastudio-website/lamaStudio-sms/vendor/laravel/framework/src/Illuminate/Database/Query/Builder.php(3574): Illuminate\\Database\\Connection->select()
#3 /workspaces/lamastudio-website/lamaStudio-sms/vendor/laravel/framework/src/Illuminate/Database/Query/Builder.php(3558): Illuminate\\Database\\Query\\Builder->runSelect()
#4 /workspaces/lamastudio-website/lamaStudio-sms/vendor/laravel/framework/src/Illuminate/Database/Query/Builder.php(4074): Illuminate\\Database\\Query\\Builder->get()
#5 /workspaces/lamastudio-website/lamaStudio-sms/vendor/laravel/framework/src/Illuminate/Database/Query/Builder.php(4002): Illuminate\\Database\\Query\\Builder->aggregate()
#6 /workspaces/lamastudio-website/lamaStudio-sms/vendor/laravel/framework/src/Illuminate/Database/Eloquent/Builder.php(2271): Illuminate\\Database\\Query\\Builder->count()
#7 /workspaces/lamastudio-website/lamaStudio-sms/vendor/laravel/framework/src/Illuminate/Support/Traits/ForwardsCalls.php(23): Illuminate\\Database\\Eloquent\\Builder->__call()
#8 /workspaces/lamastudio-website/lamaStudio-sms/vendor/laravel/framework/src/Illuminate/Database/Eloquent/Model.php(2842): Illuminate\\Database\\Eloquent\\Model->forwardCallTo()
#9 /workspaces/lamastudio-website/lamaStudio-sms/vendor/laravel/framework/src/Illuminate/Database/Eloquent/Model.php(2858): Illuminate\\Database\\Eloquent\\Model->__call()
#10 /workspaces/lamastudio-website/lamaStudio-sms/storage/framework/views/30834d43261548c77d2f13c52f0f1cc4.php(89): Illuminate\\Database\\Eloquent\\Model::__callStatic()
#11 /workspaces/lamastudio-website/lamaStudio-sms/vendor/laravel/framework/src/Illuminate/Filesystem/Filesystem.php(123): require('...')
#12 /workspaces/lamastudio-website/lamaStudio-sms/vendor/laravel/framework/src/Illuminate/Filesystem/Filesystem.php(124): Illuminate\\Filesystem\\Filesystem::{closure:Illuminate\\Filesystem\\Filesystem::getRequire():120}()
#13 /workspaces/lamastudio-website/lamaStudio-sms/vendor/laravel/framework/src/Illuminate/View/Engines/PhpEngine.php(57): Illuminate\\Filesystem\\Filesystem->getRequire()
#14 /workspaces/lamastudio-website/lamaStudio-sms/vendor/laravel/framework/src/Illuminate/View/Engines/CompilerEngine.php(76): Illuminate\\View\\Engines\\PhpEngine->evaluatePath()
#15 /workspaces/lamastudio-website/lamaStudio-sms/vendor/laravel/framework/src/Illuminate/View/View.php(208): Illuminate\\View\\Engines\\CompilerEngine->get()
#16 /workspaces/lamastudio-website/lamaStudio-sms/vendor/laravel/framework/src/Illuminate/View/View.php(191): Illuminate\\View\\View->getContents()
#17 /workspaces/lamastudio-website/lamaStudio-sms/vendor/laravel/framework/src/Illuminate/View/View.php(160): Illuminate\\View\\View->renderContents()
#18 /workspaces/lamastudio-website/lamaStudio-sms/vendor/laravel/framework/src/Illuminate/Http/Response.php(82): Illuminate\\View\\View->render()
#19 /workspaces/lamastudio-website/lamaStudio-sms/vendor/laravel/framework/src/Illuminate/Http/Response.php(40): Illuminate\\Http\\Response->setContent()
#20 /workspaces/lamastudio-website/lamaStudio-sms/vendor/laravel/framework/src/Illuminate/Routing/Router.php(939): Illuminate\\Http\\Response->__construct()
#21 /workspaces/lamastudio-website/lamaStudio-sms/vendor/laravel/framework/src/Illuminate/Routing/Router.php(906): Illuminate\\Routing\\Router::toResponse()
#22 /workspaces/lamastudio-website/lamaStudio-sms/vendor/laravel/framework/src/Illuminate/Routing/Router.php(821): Illuminate\\Routing\\Router->prepareResponse()
#23 /workspaces/lamastudio-website/lamaStudio-sms/vendor/laravel/framework/src/Illuminate/Pipeline/Pipeline.php(180): Illuminate\\Routing\\Router->{closure:Illuminate\\Routing\\Router::runRouteWithinStack():821}()
#24 /workspaces/lamastudio-website/lamaStudio-sms/vendor/laravel/framework/src/Illuminate/Routing/Middleware/SubstituteBindings.php(52): Illuminate\\Pipeline\\Pipeline->{closure:Illuminate\\Pipeline\\Pipeline::prepareDestination():178}()
#25 /workspaces/lamastudio-website/lamaStudio-sms/vendor/laravel/framework/src/Illuminate/Pipeline/Pipeline.php(219): Illuminate\\Routing\\Middleware\\SubstituteBindings->handle()
#26 /workspaces/lamastudio-website/lamaStudio-sms/vendor/laravel/framework/src/Illuminate/Foundation/Http/Middleware/PreventRequestForgery.php(104): Illuminate\\Pipeline\\Pipeline->{closure:{closure:Illuminate\\Pipeline\\Pipeline::carry():194}:195}()
#27 /workspaces/lamastudio-website/lamaStudio-sms/vendor/laravel/framework/src/Illuminate/Pipeline/Pipeline.php(219): Illuminate\\Foundation\\Http\\Middleware\\PreventRequestForgery->handle()
#28 /workspaces/lamastudio-website/lamaStudio-sms/vendor/laravel/framework/src/Illuminate/View/Middleware/ShareErrorsFromSession.php(48): Illuminate\\Pipeline\\Pipeline->{closure:{closure:Illuminate\\Pipeline\\Pipeline::carry():194}:195}()
#29 /workspaces/lamastudio-website/lamaStudio-sms/vendor/laravel/framework/src/Illuminate/Pipeline/Pipeline.php(219): Illuminate\\View\\Middleware\\ShareErrorsFromSession->handle()
#30 /workspaces/lamastudio-website/lamaStudio-sms/vendor/laravel/framework/src/Illuminate/Session/Middleware/StartSession.php(120): Illuminate\\Pipeline\\Pipeline->{closure:{closure:Illuminate\\Pipeline\\Pipeline::carry():194}:195}()
#31 /workspaces/lamastudio-website/lamaStudio-sms/vendor/laravel/framework/src/Illuminate/Session/Middleware/StartSession.php(63): Illuminate\\Session\\Middleware\\StartSession->handleStatefulRequest()
#32 /workspaces/lamastudio-website/lamaStudio-sms/vendor/laravel/framework/src/Illuminate/Pipeline/Pipeline.php(219): Illuminate\\Session\\Middleware\\StartSession->handle()
#33 /workspaces/lamastudio-website/lamaStudio-sms/vendor/laravel/framework/src/Illuminate/Cookie/Middleware/AddQueuedCookiesToResponse.php(36): Illuminate\\Pipeline\\Pipeline->{closure:{closure:Illuminate\\Pipeline\\Pipeline::carry():194}:195}()
#34 /workspaces/lamastudio-website/lamaStudio-sms/vendor/laravel/framework/src/Illuminate/Pipeline/Pipeline.php(219): Illuminate\\Cookie\\Middleware\\AddQueuedCookiesToResponse->handle()
#35 /workspaces/lamastudio-website/lamaStudio-sms/vendor/laravel/framework/src/Illuminate/Cookie/Middleware/EncryptCookies.php(74): Illuminate\\Pipeline\\Pipeline->{closure:{closure:Illuminate\\Pipeline\\Pipeline::carry():194}:195}()
#36 /workspaces/lamastudio-website/lamaStudio-sms/vendor/laravel/framework/src/Illuminate/Pipeline/Pipeline.php(219): Illuminate\\Cookie\\Middleware\\EncryptCookies->handle()
#37 /workspaces/lamastudio-website/lamaStudio-sms/vendor/laravel/framework/src/Illuminate/Pipeline/Pipeline.php(137): Illuminate\\Pipeline\\Pipeline->{closure:{closure:Illuminate\\Pipeline\\Pipeline::carry():194}:195}()
#38 /workspaces/lamastudio-website/lamaStudio-sms/vendor/laravel/framework/src/Illuminate/Routing/Router.php(821): Illuminate\\Pipeline\\Pipeline->then()
#39 /workspaces/lamastudio-website/lamaStudio-sms/vendor/laravel/framework/src/Illuminate/Routing/Router.php(800): Illuminate\\Routing\\Router->runRouteWithinStack()
#40 /workspaces/lamastudio-website/lamaStudio-sms/vendor/laravel/framework/src/Illuminate/Routing/Router.php(764): Illuminate\\Routing\\Router->runRoute()
#41 /workspaces/lamastudio-website/lamaStudio-sms/vendor/laravel/framework/src/Illuminate/Routing/Router.php(753): Illuminate\\Routing\\Router->dispatchToRoute()
#42 /workspaces/lamastudio-website/lamaStudio-sms/vendor/laravel/framework/src/Illuminate/Foundation/Http/Kernel.php(200): Illuminate\\Routing\\Router->dispatch()
#43 /workspaces/lamastudio-website/lamaStudio-sms/vendor/laravel/framework/src/Illuminate/Pipeline/Pipeline.php(180): Illuminate\\Foundation\\Http\\Kernel->{closure:Illuminate\\Foundation\\Http\\Kernel::dispatchToRouter():197}()
#44 /workspaces/lamastudio-website/lamaStudio-sms/vendor/laravel/framework/src/Illuminate/Foundation/Http/Middleware/TransformsRequest.php(21): Illuminate\\Pipeline\\Pipeline->{closure:Illuminate\\Pipeline\\Pipeline::prepareDestination():178}()
#45 /workspaces/lamastudio-website/lamaStudio-sms/vendor/laravel/framework/src/Illuminate/Foundation/Http/Middleware/ConvertEmptyStringsToNull.php(31): Illuminate\\Foundation\\Http\\Middleware\\TransformsRequest->handle()
#46 /workspaces/lamastudio-website/lamaStudio-sms/vendor/laravel/framework/src/Illuminate/Pipeline/Pipeline.php(219): Illuminate\\Foundation\\Http\\Middleware\\ConvertEmptyStringsToNull->handle()
#47 /workspaces/lamastudio-website/lamaStudio-sms/vendor/laravel/framework/src/Illuminate/Foundation/Http/Middleware/TransformsRequest.php(21): Illuminate\\Pipeline\\Pipeline->{closure:{closure:Illuminate\\Pipeline\\Pipeline::carry():194}:195}()
#48 /workspaces/lamastudio-website/lamaStudio-sms/vendor/laravel/framework/src/Illuminate/Foundation/Http/Middleware/TrimStrings.php(51): Illuminate\\Foundation\\Http\\Middleware\\TransformsRequest->handle()
#49 /workspaces/lamastudio-website/lamaStudio-sms/vendor/laravel/framework/src/Illuminate/Pipeline/Pipeline.php(219): Illuminate\\Foundation\\Http\\Middleware\\TrimStrings->handle()
#50 /workspaces/lamastudio-website/lamaStudio-sms/vendor/laravel/framework/src/Illuminate/Http/Middleware/ValidatePostSize.php(27): Illuminate\\Pipeline\\Pipeline->{closure:{closure:Illuminate\\Pipeline\\Pipeline::carry():194}:195}()
#51 /workspaces/lamastudio-website/lamaStudio-sms/vendor/laravel/framework/src/Illuminate/Pipeline/Pipeline.php(219): Illuminate\\Http\\Middleware\\ValidatePostSize->handle()
#52 /workspaces/lamastudio-website/lamaStudio-sms/vendor/laravel/framework/src/Illuminate/Foundation/Http/Middleware/PreventRequestsDuringMaintenance.php(109): Illuminate\\Pipeline\\Pipeline->{closure:{closure:Illuminate\\Pipeline\\Pipeline::carry():194}:195}()
#53 /workspaces/lamastudio-website/lamaStudio-sms/vendor/laravel/framework/src/Illuminate/Pipeline/Pipeline.php(219): Illuminate\\Foundation\\Http\\Middleware\\PreventRequestsDuringMaintenance->handle()
#54 /workspaces/lamastudio-website/lamaStudio-sms/vendor/laravel/framework/src/Illuminate/Http/Middleware/HandleCors.php(61): Illuminate\\Pipeline\\Pipeline->{closure:{closure:Illuminate\\Pipeline\\Pipeline::carry():194}:195}()
#55 /workspaces/lamastudio-website/lamaStudio-sms/vendor/laravel/framework/src/Illuminate/Pipeline/Pipeline.php(219): Illuminate\\Http\\Middleware\\HandleCors->handle()
#56 /workspaces/lamastudio-website/lamaStudio-sms/vendor/laravel/framework/src/Illuminate/Http/Middleware/TrustProxies.php(58): Illuminate\\Pipeline\\Pipeline->{closure:{closure:Illuminate\\Pipeline\\Pipeline::carry():194}:195}()
#57 /workspaces/lamastudio-website/lamaStudio-sms/vendor/laravel/framework/src/Illuminate/Pipeline/Pipeline.php(219): Illuminate\\Http\\Middleware\\TrustProxies->handle()
#58 /workspaces/lamastudio-website/lamaStudio-sms/vendor/laravel/framework/src/Illuminate/Foundation/Http/Middleware/InvokeDeferredCallbacks.php(22): Illuminate\\Pipeline\\Pipeline->{closure:{closure:Illuminate\\Pipeline\\Pipeline::carry():194}:195}()
#59 /workspaces/lamastudio-website/lamaStudio-sms/vendor/laravel/framework/src/Illuminate/Pipeline/Pipeline.php(219): Illuminate\\Foundation\\Http\\Middleware\\InvokeDeferredCallbacks->handle()
#60 /workspaces/lamastudio-website/lamaStudio-sms/vendor/laravel/framework/src/Illuminate/Http/Middleware/ValidatePathEncoding.php(28): Illuminate\\Pipeline\\Pipeline->{closure:{closure:Illuminate\\Pipeline\\Pipeline::carry():194}:195}()
#61 /workspaces/lamastudio-website/lamaStudio-sms/vendor/laravel/framework/src/Illuminate/Pipeline/Pipeline.php(219): Illuminate\\Http\\Middleware\\ValidatePathEncoding->handle()
#62 /workspaces/lamastudio-website/lamaStudio-sms/vendor/laravel/framework/src/Illuminate/Pipeline/Pipeline.php(137): Illuminate\\Pipeline\\Pipeline->{closure:{closure:Illuminate\\Pipeline\\Pipeline::carry():194}:195}()
#63 /workspaces/lamastudio-website/lamaStudio-sms/vendor/laravel/framework/src/Illuminate/Foundation/Http/Kernel.php(175): Illuminate\\Pipeline\\Pipeline->then()
#64 /workspaces/lamastudio-website/lamaStudio-sms/vendor/laravel/framework/src/Illuminate/Foundation/Http/Kernel.php(144): Illuminate\\Foundation\\Http\\Kernel->sendRequestThroughRouter()
#65 /workspaces/lamastudio-website/lamaStudio-sms/vendor/laravel/framework/src/Illuminate/Foundation/Testing/Concerns/MakesHttpRequests.php(638): Illuminate\\Foundation\\Http\\Kernel->handle()
#66 /workspaces/lamastudio-website/lamaStudio-sms/vendor/laravel/framework/src/Illuminate/Foundation/Testing/Concerns/MakesHttpRequests.php(368): Illuminate\\Foundation\\Testing\\TestCase->call()
#67 /workspaces/lamastudio-website/lamaStudio-sms/tests/Feature/ExampleTest.php(15): Illuminate\\Foundation\\Testing\\TestCase->get()
#68 /workspaces/lamastudio-website/lamaStudio-sms/vendor/phpunit/phpunit/src/Framework/TestCase.php(1318): Tests\\Feature\\ExampleTest->test_the_application_returns_a_successful_response()
#69 /workspaces/lamastudio-website/lamaStudio-sms/vendor/phpunit/phpunit/src/Framework/TestCase.php(1355): PHPUnit\\Framework\\TestCase->invokeTestMethod()
#70 /workspaces/lamastudio-website/lamaStudio-sms/vendor/phpunit/phpunit/src/Framework/TestCase.php(521): PHPUnit\\Framework\\TestCase->runTest()
#71 /workspaces/lamastudio-website/lamaStudio-sms/vendor/phpunit/phpunit/src/Framework/TestRunner/TestRunner.php(99): PHPUnit\\Framework\\TestCase->runBare()
#72 /workspaces/lamastudio-website/lamaStudio-sms/vendor/phpunit/phpunit/src/Framework/TestCase.php(361): PHPUnit\\Framework\\TestRunner->run()
#73 /workspaces/lamastudio-website/lamaStudio-sms/vendor/phpunit/phpunit/src/Framework/TestSuite.php(374): PHPUnit\\Framework\\TestCase->run()
#74 /workspaces/lamastudio-website/lamaStudio-sms/vendor/phpunit/phpunit/src/Framework/TestSuite.php(374): PHPUnit\\Framework\\TestSuite->run()
#75 /workspaces/lamastudio-website/lamaStudio-sms/vendor/phpunit/phpunit/src/Framework/TestSuite.php(374): PHPUnit\\Framework\\TestSuite->run()
#76 /workspaces/lamastudio-website/lamaStudio-sms/vendor/phpunit/phpunit/src/TextUI/TestRunner.php(64): PHPUnit\\Framework\\TestSuite->run()
#77 /workspaces/lamastudio-website/lamaStudio-sms/vendor/phpunit/phpunit/src/TextUI/Application.php(229): PHPUnit\\TextUI\\TestRunner->run()
#78 /workspaces/lamastudio-website/lamaStudio-sms/vendor/phpunit/phpunit/phpunit(104): PHPUnit\\TextUI\\Application->run()
#79 {main}

[previous exception] [object] (PDOException(code: HY000): SQLSTATE[HY000]: General error: 1 no such table: students at /workspaces/lamastudio-website/lamaStudio-sms/vendor/laravel/framework/src/Illuminate/Database/Connection.php:435)
[stacktrace]
#0 /workspaces/lamastudio-website/lamaStudio-sms/vendor/laravel/framework/src/Illuminate/Database/Connection.php(435): PDO->prepare()
#1 /workspaces/lamastudio-website/lamaStudio-sms/vendor/laravel/framework/src/Illuminate/Database/Connection.php(846): Illuminate\\Database\\Connection->{closure:Illuminate\\Database\\Connection::select():426}()
#2 /workspaces/lamastudio-website/lamaStudio-sms/vendor/laravel/framework/src/Illuminate/Database/Connection.php(813): Illuminate\\Database\\Connection->runQueryCallback()
#3 /workspaces/lamastudio-website/lamaStudio-sms/vendor/laravel/framework/src/Illuminate/Database/Connection.php(426): Illuminate\\Database\\Connection->run()
#4 /workspaces/lamastudio-website/lamaStudio-sms/vendor/laravel/framework/src/Illuminate/Database/Query/Builder.php(3574): Illuminate\\Database\\Connection->select()
#5 /workspaces/lamastudio-website/lamaStudio-sms/vendor/laravel/framework/src/Illuminate/Database/Query/Builder.php(3558): Illuminate\\Database\\Query\\Builder->runSelect()
#6 /workspaces/lamastudio-website/lamaStudio-sms/vendor/laravel/framework/src/Illuminate/Database/Query/Builder.php(4074): Illuminate\\Database\\Query\\Builder->get()
#7 /workspaces/lamastudio-website/lamaStudio-sms/vendor/laravel/framework/src/Illuminate/Database/Query/Builder.php(4002): Illuminate\\Database\\Query\\Builder->aggregate()
#8 /workspaces/lamastudio-website/lamaStudio-sms/vendor/laravel/framework/src/Illuminate/Database/Eloquent/Builder.php(2271): Illuminate\\Database\\Query\\Builder->count()
#9 /workspaces/lamastudio-website/lamaStudio-sms/vendor/laravel/framework/src/Illuminate/Support/Traits/ForwardsCalls.php(23): Illuminate\\Database\\Eloquent\\Builder->__call()
#10 /workspaces/lamastudio-website/lamaStudio-sms/vendor/laravel/framework/src/Illuminate/Database/Eloquent/Model.php(2842): Illuminate\\Database\\Eloquent\\Model->forwardCallTo()
#11 /workspaces/lamastudio-website/lamaStudio-sms/vendor/laravel/framework/src/Illuminate/Database/Eloquent/Model.php(2858): Illuminate\\Database\\Eloquent\\Model->__call()
#12 /workspaces/lamastudio-website/lamaStudio-sms/storage/framework/views/30834d43261548c77d2f13c52f0f1cc4.php(89): Illuminate\\Database\\Eloquent\\Model::__callStatic()
#13 /workspaces/lamastudio-website/lamaStudio-sms/vendor/laravel/framework/src/Illuminate/Filesystem/Filesystem.php(123): require('...')
#14 /workspaces/lamastudio-website/lamaStudio-sms/vendor/laravel/framework/src/Illuminate/Filesystem/Filesystem.php(124): Illuminate\\Filesystem\\Filesystem::{closure:Illuminate\\Filesystem\\Filesystem::getRequire():120}()
#15 /workspaces/lamastudio-website/lamaStudio-sms/vendor/laravel/framework/src/Illuminate/View/Engines/PhpEngine.php(57): Illuminate\\Filesystem\\Filesystem->getRequire()
#16 /workspaces/lamastudio-website/lamaStudio-sms/vendor/laravel/framework/src/Illuminate/View/Engines/CompilerEngine.php(76): Illuminate\\View\\Engines\\PhpEngine->evaluatePath()
#17 /workspaces/lamastudio-website/lamaStudio-sms/vendor/laravel/framework/src/Illuminate/View/View.php(208): Illuminate\\View\\Engines\\CompilerEngine->get()
#18 /workspaces/lamastudio-website/lamaStudio-sms/vendor/laravel/framework/src/Illuminate/View/View.php(191): Illuminate\\View\\View->getContents()
#19 /workspaces/lamastudio-website/lamaStudio-sms/vendor/laravel/framework/src/Illuminate/View/View.php(160): Illuminate\\View\\View->renderContents()
#20 /workspaces/lamastudio-website/lamaStudio-sms/vendor/laravel/framework/src/Illuminate/Http/Response.php(82): Illuminate\\View\\View->render()
#21 /workspaces/lamastudio-website/lamaStudio-sms/vendor/laravel/framework/src/Illuminate/Http/Response.php(40): Illuminate\\Http\\Response->setContent()
#22 /workspaces/lamastudio-website/lamaStudio-sms/vendor/laravel/framework/src/Illuminate/Routing/Router.php(939): Illuminate\\Http\\Response->__construct()
#23 /workspaces/lamastudio-website/lamaStudio-sms/vendor/laravel/framework/src/Illuminate/Routing/Router.php(906): Illuminate\\Routing\\Router::toResponse()
#24 /workspaces/lamastudio-website/lamaStudio-sms/vendor/laravel/framework/src/Illuminate/Routing/Router.php(821): Illuminate\\Routing\\Router->prepareResponse()
#25 /workspaces/lamastudio-website/lamaStudio-sms/vendor/laravel/framework/src/Illuminate/Pipeline/Pipeline.php(180): Illuminate\\Routing\\Router->{closure:Illuminate\\Routing\\Router::runRouteWithinStack():821}()
#26 /workspaces/lamastudio-website/lamaStudio-sms/vendor/laravel/framework/src/Illuminate/Routing/Middleware/SubstituteBindings.php(52): Illuminate\\Pipeline\\Pipeline->{closure:Illuminate\\Pipeline\\Pipeline::prepareDestination():178}()
#27 /workspaces/lamastudio-website/lamaStudio-sms/vendor/laravel/framework/src/Illuminate/Pipeline/Pipeline.php(219): Illuminate\\Routing\\Middleware\\SubstituteBindings->handle()
#28 /workspaces/lamastudio-website/lamaStudio-sms/vendor/laravel/framework/src/Illuminate/Foundation/Http/Middleware/PreventRequestForgery.php(104): Illuminate\\Pipeline\\Pipeline->{closure:{closure:Illuminate\\Pipeline\\Pipeline::carry():194}:195}()
#29 /workspaces/lamastudio-website/lamaStudio-sms/vendor/laravel/framework/src/Illuminate/Pipeline/Pipeline.php(219): Illuminate\\Foundation\\Http\\Middleware\\PreventRequestForgery->handle()
#30 /workspaces/lamastudio-website/lamaStudio-sms/vendor/laravel/framework/src/Illuminate/View/Middleware/ShareErrorsFromSession.php(48): Illuminate\\Pipeline\\Pipeline->{closure:{closure:Illuminate\\Pipeline\\Pipeline::carry():194}:195}()
#31 /workspaces/lamastudio-website/lamaStudio-sms/vendor/laravel/framework/src/Illuminate/Pipeline/Pipeline.php(219): Illuminate\\View\\Middleware\\ShareErrorsFromSession->handle()
#32 /workspaces/lamastudio-website/lamaStudio-sms/vendor/laravel/framework/src/Illuminate/Session/Middleware/StartSession.php(120): Illuminate\\Pipeline\\Pipeline->{closure:{closure:Illuminate\\Pipeline\\Pipeline::carry():194}:195}()
#33 /workspaces/lamastudio-website/lamaStudio-sms/vendor/laravel/framework/src/Illuminate/Session/Middleware/StartSession.php(63): Illuminate\\Session\\Middleware\\StartSession->handleStatefulRequest()
#34 /workspaces/lamastudio-website/lamaStudio-sms/vendor/laravel/framework/src/Illuminate/Pipeline/Pipeline.php(219): Illuminate\\Session\\Middleware\\StartSession->handle()
#35 /workspaces/lamastudio-website/lamaStudio-sms/vendor/laravel/framework/src/Illuminate/Cookie/Middleware/AddQueuedCookiesToResponse.php(36): Illuminate\\Pipeline\\Pipeline->{closure:{closure:Illuminate\\Pipeline\\Pipeline::carry():194}:195}()
#36 /workspaces/lamastudio-website/lamaStudio-sms/vendor/laravel/framework/src/Illuminate/Pipeline/Pipeline.php(219): Illuminate\\Cookie\\Middleware\\AddQueuedCookiesToResponse->handle()
#37 /workspaces/lamastudio-website/lamaStudio-sms/vendor/laravel/framework/src/Illuminate/Cookie/Middleware/EncryptCookies.php(74): Illuminate\\Pipeline\\Pipeline->{closure:{closure:Illuminate\\Pipeline\\Pipeline::carry():194}:195}()
#38 /workspaces/lamastudio-website/lamaStudio-sms/vendor/laravel/framework/src/Illuminate/Pipeline/Pipeline.php(219): Illuminate\\Cookie\\Middleware\\EncryptCookies->handle()
#39 /workspaces/lamastudio-website/lamaStudio-sms/vendor/laravel/framework/src/Illuminate/Pipeline/Pipeline.php(137): Illuminate\\Pipeline\\Pipeline->{closure:{closure:Illuminate\\Pipeline\\Pipeline::carry():194}:195}()
#40 /workspaces/lamastudio-website/lamaStudio-sms/vendor/laravel/framework/src/Illuminate/Routing/Router.php(821): Illuminate\\Pipeline\\Pipeline->then()
#41 /workspaces/lamastudio-website/lamaStudio-sms/vendor/laravel/framework/src/Illuminate/Routing/Router.php(800): Illuminate\\Routing\\Router->runRouteWithinStack()
#42 /workspaces/lamastudio-website/lamaStudio-sms/vendor/laravel/framework/src/Illuminate/Routing/Router.php(764): Illuminate\\Routing\\Router->runRoute()
#43 /workspaces/lamastudio-website/lamaStudio-sms/vendor/laravel/framework/src/Illuminate/Routing/Router.php(753): Illuminate\\Routing\\Router->dispatchToRoute()
#44 /workspaces/lamastudio-website/lamaStudio-sms/vendor/laravel/framework/src/Illuminate/Foundation/Http/Kernel.php(200): Illuminate\\Routing\\Router->dispatch()
#45 /workspaces/lamastudio-website/lamaStudio-sms/vendor/laravel/framework/src/Illuminate/Pipeline/Pipeline.php(180): Illuminate\\Foundation\\Http\\Kernel->{closure:Illuminate\\Foundation\\Http\\Kernel::dispatchToRouter():197}()
#46 /workspaces/lamastudio-website/lamaStudio-sms/vendor/laravel/framework/src/Illuminate/Foundation/Http/Middleware/TransformsRequest.php(21): Illuminate\\Pipeline\\Pipeline->{closure:Illuminate\\Pipeline\\Pipeline::prepareDestination():178}()
#47 /workspaces/lamastudio-website/lamaStudio-sms/vendor/laravel/framework/src/Illuminate/Foundation/Http/Middleware/ConvertEmptyStringsToNull.php(31): Illuminate\\Foundation\\Http\\Middleware\\TransformsRequest->handle()
#48 /workspaces/lamastudio-website/lamaStudio-sms/vendor/laravel/framework/src/Illuminate/Pipeline/Pipeline.php(219): Illuminate\\Foundation\\Http\\Middleware\\ConvertEmptyStringsToNull->handle()
#49 /workspaces/lamastudio-website/lamaStudio-sms/vendor/laravel/framework/src/Illuminate/Foundation/Http/Middleware/TransformsRequest.php(21): Illuminate\\Pipeline\\Pipeline->{closure:{closure:Illuminate\\Pipeline\\Pipeline::carry():194}:195}()
#50 /workspaces/lamastudio-website/lamaStudio-sms/vendor/laravel/framework/src/Illuminate/Foundation/Http/Middleware/TrimStrings.php(51): Illuminate\\Foundation\\Http\\Middleware\\TransformsRequest->handle()
#51 /workspaces/lamastudio-website/lamaStudio-sms/vendor/laravel/framework/src/Illuminate/Pipeline/Pipeline.php(219): Illuminate\\Foundation\\Http\\Middleware\\TrimStrings->handle()
#52 /workspaces/lamastudio-website/lamaStudio-sms/vendor/laravel/framework/src/Illuminate/Http/Middleware/ValidatePostSize.php(27): Illuminate\\Pipeline\\Pipeline->{closure:{closure:Illuminate\\Pipeline\\Pipeline::carry():194}:195}()
#53 /workspaces/lamastudio-website/lamaStudio-sms/vendor/laravel/framework/src/Illuminate/Pipeline/Pipeline.php(219): Illuminate\\Http\\Middleware\\ValidatePostSize->handle()
#54 /workspaces/lamastudio-website/lamaStudio-sms/vendor/laravel/framework/src/Illuminate/Foundation/Http/Middleware/PreventRequestsDuringMaintenance.php(109): Illuminate\\Pipeline\\Pipeline->{closure:{closure:Illuminate\\Pipeline\\Pipeline::carry():194}:195}()
#55 /workspaces/lamastudio-website/lamaStudio-sms/vendor/laravel/framework/src/Illuminate/Pipeline/Pipeline.php(219): Illuminate\\Foundation\\Http\\Middleware\\PreventRequestsDuringMaintenance->handle()
#56 /workspaces/lamastudio-website/lamaStudio-sms/vendor/laravel/framework/src/Illuminate/Http/Middleware/HandleCors.php(61): Illuminate\\Pipeline\\Pipeline->{closure:{closure:Illuminate\\Pipeline\\Pipeline::carry():194}:195}()
#57 /workspaces/lamastudio-website/lamaStudio-sms/vendor/laravel/framework/src/Illuminate/Pipeline/Pipeline.php(219): Illuminate\\Http\\Middleware\\HandleCors->handle()
#58 /workspaces/lamastudio-website/lamaStudio-sms/vendor/laravel/framework/src/Illuminate/Http/Middleware/TrustProxies.php(58): Illuminate\\Pipeline\\Pipeline->{closure:{closure:Illuminate\\Pipeline\\Pipeline::carry():194}:195}()
#59 /workspaces/lamastudio-website/lamaStudio-sms/vendor/laravel/framework/src/Illuminate/Pipeline/Pipeline.php(219): Illuminate\\Http\\Middleware\\TrustProxies->handle()
#60 /workspaces/lamastudio-website/lamaStudio-sms/vendor/laravel/framework/src/Illuminate/Foundation/Http/Middleware/InvokeDeferredCallbacks.php(22): Illuminate\\Pipeline\\Pipeline->{closure:{closure:Illuminate\\Pipeline\\Pipeline::carry():194}:195}()
#61 /workspaces/lamastudio-website/lamaStudio-sms/vendor/laravel/framework/src/Illuminate/Pipeline/Pipeline.php(219): Illuminate\\Foundation\\Http\\Middleware\\InvokeDeferredCallbacks->handle()
#62 /workspaces/lamastudio-website/lamaStudio-sms/vendor/laravel/framework/src/Illuminate/Http/Middleware/ValidatePathEncoding.php(28): Illuminate\\Pipeline\\Pipeline->{closure:{closure:Illuminate\\Pipeline\\Pipeline::carry():194}:195}()
#63 /workspaces/lamastudio-website/lamaStudio-sms/vendor/laravel/framework/src/Illuminate/Pipeline/Pipeline.php(219): Illuminate\\Http\\Middleware\\ValidatePathEncoding->handle()
#64 /workspaces/lamastudio-website/lamaStudio-sms/vendor/laravel/framework/src/Illuminate/Pipeline/Pipeline.php(137): Illuminate\\Pipeline\\Pipeline->{closure:{closure:Illuminate\\Pipeline\\Pipeline::carry():194}:195}()
#65 /workspaces/lamastudio-website/lamaStudio-sms/vendor/laravel/framework/src/Illuminate/Foundation/Http/Kernel.php(175): Illuminate\\Pipeline\\Pipeline->then()
#66 /workspaces/lamastudio-website/lamaStudio-sms/vendor/laravel/framework/src/Illuminate/Foundation/Http/Kernel.php(144): Illuminate\\Foundation\\Http\\Kernel->sendRequestThroughRouter()
#67 /workspaces/lamastudio-website/lamaStudio-sms/vendor/laravel/framework/src/Illuminate/Foundation/Testing/Concerns/MakesHttpRequests.php(638): Illuminate\\Foundation\\Http\\Kernel->handle()
#68 /workspaces/lamastudio-website/lamaStudio-sms/vendor/laravel/framework/src/Illuminate/Foundation/Testing/Concerns/MakesHttpRequests.php(368): Illuminate\\Foundation\\Testing\\TestCase->call()
#69 /workspaces/lamastudio-website/lamaStudio-sms/tests/Feature/ExampleTest.php(15): Illuminate\\Foundation\\Testing\\TestCase->get()
#70 /workspaces/lamastudio-website/lamaStudio-sms/vendor/phpunit/phpunit/src/Framework/TestCase.php(1318): Tests\\Feature\\ExampleTest->test_the_application_returns_a_successful_response()
#71 /workspaces/lamastudio-website/lamaStudio-sms/vendor/phpunit/phpunit/src/Framework/TestCase.php(1355): PHPUnit\\Framework\\TestCase->invokeTestMethod()
#72 /workspaces/lamastudio-website/lamaStudio-sms/vendor/phpunit/phpunit/src/Framework/TestCase.php(521): PHPUnit\\Framework\\TestCase->runTest()
#73 /workspaces/lamastudio-website/lamaStudio-sms/vendor/phpunit/phpunit/src/Framework/TestRunner/TestRunner.php(99): PHPUnit\\Framework\\TestCase->runBare()
#74 /workspaces/lamastudio-website/lamaStudio-sms/vendor/phpunit/phpunit/src/Framework/TestCase.php(361): PHPUnit\\Framework\\TestRunner->run()
#75 /workspaces/lamastudio-website/lamaStudio-sms/vendor/phpunit/phpunit/src/Framework/TestSuite.php(374): PHPUnit\\Framework\\TestCase->run()
#76 /workspaces/lamastudio-website/lamaStudio-sms/vendor/phpunit/phpunit/src/Framework/TestSuite.php(374): PHPUnit\\Framework\\TestSuite->run()
#77 /workspaces/lamastudio-website/lamaStudio-sms/vendor/phpunit/phpunit/src/Framework/TestSuite.php(374): PHPUnit\\Framework\\TestSuite->run()
#78 /workspaces/lamastudio-website/lamaStudio-sms/vendor/phpunit/phpunit/src/TextUI/TestRunner.php(64): PHPUnit\\Framework\\TestSuite->run()
#79 /workspaces/lamastudio-website/lamaStudio-sms/vendor/phpunit/phpunit/src/TextUI/Application.php(229): PHPUnit\\TextUI\\TestRunner->run()
#80 /workspaces/lamastudio-website/lamaStudio-sms/vendor/phpunit/phpunit/phpunit(104): PHPUnit\\TextUI\\Application->run()
#81 {main}
"} 
[2026-08-05 04:13:04] testing.ERROR: syntax error, unexpected token "endforeach", expecting end of file (View: /workspaces/lamastudio-website/lamaStudio-sms/resources/views/exams/index.blade.php) {"exception":"[object] (Illuminate\\View\\ViewException(code: 0): syntax error, unexpected token \"endforeach\", expecting end of file (View: /workspaces/lamastudio-website/lamaStudio-sms/resources/views/exams/index.blade.php) at /workspaces/lamastudio-website/lamaStudio-sms/storage/framework/views/046a1e0d67a69041d95553e1767e7c1d.php:213)
[stacktrace]
#0 /workspaces/lamastudio-website/lamaStudio-sms/vendor/laravel/framework/src/Illuminate/View/Engines/PhpEngine.php(59): Illuminate\\View\\Engines\\CompilerEngine->handleViewException()
#1 /workspaces/lamastudio-website/lamaStudio-sms/vendor/laravel/framework/src/Illuminate/View/Engines/CompilerEngine.php(76): Illuminate\\View\\Engines\\PhpEngine->evaluatePath()
#2 /workspaces/lamastudio-website/lamaStudio-sms/vendor/laravel/framework/src/Illuminate/View/View.php(208): Illuminate\\View\\Engines\\CompilerEngine->get()
#3 /workspaces/lamastudio-website/lamaStudio-sms/vendor/laravel/framework/src/Illuminate/View/View.php(191): Illuminate\\View\\View->getContents()
#4 /workspaces/lamastudio-website/lamaStudio-sms/vendor/laravel/framework/src/Illuminate/View/View.php(160): Illuminate\\View\\View->renderContents()
#5 /workspaces/lamastudio-website/lamaStudio-sms/vendor/laravel/framework/src/Illuminate/Http/Response.php(82): Illuminate\\View\\View->render()
#6 /workspaces/lamastudio-website/lamaStudio-sms/vendor/laravel/framework/src/Illuminate/Http/Response.php(40): Illuminate\\Http\\Response->setContent()
#7 /workspaces/lamastudio-website/lamaStudio-sms/vendor/laravel/framework/src/Illuminate/Routing/Router.php(939): Illuminate\\Http\\Response->__construct()
#8 /workspaces/lamastudio-website/lamaStudio-sms/vendor/laravel/framework/src/Illuminate/Routing/Router.php(906): Illuminate\\Routing\\Router::toResponse()
#9 /workspaces/lamastudio-website/lamaStudio-sms/vendor/laravel/framework/src/Illuminate/Routing/Router.php(821): Illuminate\\Routing\\Router->prepareResponse()
#10 /workspaces/lamastudio-website/lamaStudio-sms/vendor/laravel/framework/src/Illuminate/Pipeline/Pipeline.php(180): Illuminate\\Routing\\Router->{closure:Illuminate\\Routing\\Router::runRouteWithinStack():821}()
#11 /workspaces/lamastudio-website/lamaStudio-sms/vendor/laravel/framework/src/Illuminate/Routing/Middleware/SubstituteBindings.php(52): Illuminate\\Pipeline\\Pipeline->{closure:Illuminate\\Pipeline\\Pipeline::prepareDestination():178}()
#12 /workspaces/lamastudio-website/lamaStudio-sms/vendor/laravel/framework/src/Illuminate/Pipeline/Pipeline.php(219): Illuminate\\Routing\\Middleware\\SubstituteBindings->handle()
#13 /workspaces/lamastudio-website/lamaStudio-sms/vendor/laravel/framework/src/Illuminate/Foundation/Http/Middleware/PreventRequestForgery.php(104): Illuminate\\Pipeline\\Pipeline->{closure:{closure:Illuminate\\Pipeline\\Pipeline::carry():194}:195}()
#14 /workspaces/lamastudio-website/lamaStudio-sms/vendor/laravel/framework/src/Illuminate/Pipeline/Pipeline.php(219): Illuminate\\Foundation\\Http\\Middleware\\PreventRequestForgery->handle()
#15 /workspaces/lamastudio-website/lamaStudio-sms/vendor/laravel/framework/src/Illuminate/View/Middleware/ShareErrorsFromSession.php(48): Illuminate\\Pipeline\\Pipeline->{closure:{closure:Illuminate\\Pipeline\\Pipeline::carry():194}:195}()
#16 /workspaces/lamastudio-website/lamaStudio-sms/vendor/laravel/framework/src/Illuminate/Pipeline/Pipeline.php(219): Illuminate\\View\\Middleware\\ShareErrorsFromSession->handle()
#17 /workspaces/lamastudio-website/lamaStudio-sms/vendor/laravel/framework/src/Illuminate/Session/Middleware/StartSession.php(120): Illuminate\\Pipeline\\Pipeline->{closure:{closure:Illuminate\\Pipeline\\Pipeline::carry():194}:195}()
#18 /workspaces/lamastudio-website/lamaStudio-sms/vendor/laravel/framework/src/Illuminate/Session/Middleware/StartSession.php(63): Illuminate\\Session\\Middleware\\StartSession->handleStatefulRequest()
#19 /workspaces/lamastudio-website/lamaStudio-sms/vendor/laravel/framework/src/Illuminate/Pipeline/Pipeline.php(219): Illuminate\\Session\\Middleware\\StartSession->handle()
#20 /workspaces/lamastudio-website/lamaStudio-sms/vendor/laravel/framework/src/Illuminate/Cookie/Middleware/AddQueuedCookiesToResponse.php(36): Illuminate\\Pipeline\\Pipeline->{closure:{closure:Illuminate\\Pipeline\\Pipeline::carry():194}:195}()
#21 /workspaces/lamastudio-website/lamaStudio-sms/vendor/laravel/framework/src/Illuminate/Pipeline/Pipeline.php(219): Illuminate\\Cookie\\Middleware\\AddQueuedCookiesToResponse->handle()
#22 /workspaces/lamastudio-website/lamaStudio-sms/vendor/laravel/framework/src/Illuminate/Cookie/Middleware/EncryptCookies.php(74): Illuminate\\Pipeline\\Pipeline->{closure:{closure:Illuminate\\Pipeline\\Pipeline::carry():194}:195}()
#23 /workspaces/lamastudio-website/lamaStudio-sms/vendor/laravel/framework/src/Illuminate/Pipeline/Pipeline.php(219): Illuminate\\Cookie\\Middleware\\EncryptCookies->handle()
#24 /workspaces/lamastudio-website/lamaStudio-sms/vendor/laravel/framework/src/Illuminate/Pipeline/Pipeline.php(137): Illuminate\\Pipeline\\Pipeline->{closure:{closure:Illuminate\\Pipeline\\Pipeline::carry():194}:195}()
#25 /workspaces/lamastudio-website/lamaStudio-sms/vendor/laravel/framework/src/Illuminate/Routing/Router.php(821): Illuminate\\Pipeline\\Pipeline->then()
#26 /workspaces/lamastudio-website/lamaStudio-sms/vendor/laravel/framework/src/Illuminate/Routing/Router.php(800): Illuminate\\Routing\\Router->runRouteWithinStack()
#27 /workspaces/lamastudio-website/lamaStudio-sms/vendor/laravel/framework/src/Illuminate/Routing/Router.php(764): Illuminate\\Routing\\Router->runRoute()
#28 /workspaces/lamastudio-website/lamaStudio-sms/vendor/laravel/framework/src/Illuminate/Routing/Router.php(753): Illuminate\\Routing\\Router->dispatchToRoute()
#29 /workspaces/lamastudio-website/lamaStudio-sms/vendor/laravel/framework/src/Illuminate/Foundation/Http/Kernel.php(200): Illuminate\\Routing\\Router->dispatch()
#30 /workspaces/lamastudio-website/lamaStudio-sms/vendor/laravel/framework/src/Illuminate/Pipeline/Pipeline.php(180): Illuminate\\Foundation\\Http\\Kernel->{closure:Illuminate\\Foundation\\Http\\Kernel::dispatchToRouter():197}()
#31 /workspaces/lamastudio-website/lamaStudio-sms/vendor/laravel/framework/src/Illuminate/Foundation/Http/Middleware/TransformsRequest.php(21): Illuminate\\Pipeline\\Pipeline->{closure:Illuminate\\Pipeline\\Pipeline::prepareDestination():178}()
#32 /workspaces/lamastudio-website/lamaStudio-sms/vendor/laravel/framework/src/Illuminate/Foundation/Http/Middleware/ConvertEmptyStringsToNull.php(31): Illuminate\\Foundation\\Http\\Middleware\\TransformsRequest->handle()
#33 /workspaces/lamastudio-website/lamaStudio-sms/vendor/laravel/framework/src/Illuminate/Pipeline/Pipeline.php(219): Illuminate\\Foundation\\Http\\Middleware\\ConvertEmptyStringsToNull->handle()
#34 /workspaces/lamastudio-website/lamaStudio-sms/vendor/laravel/framework/src/Illuminate/Foundation/Http/Middleware/TransformsRequest.php(21): Illuminate\\Pipeline\\Pipeline->{closure:{closure:Illuminate\\Pipeline\\Pipeline::carry():194}:195}()
#35 /workspaces/lamastudio-website/lamaStudio-sms/vendor/laravel/framework/src/Illuminate/Foundation/Http/Middleware/TrimStrings.php(51): Illuminate\\Foundation\\Http\\Middleware\\TransformsRequest->handle()
#36 /workspaces/lamastudio-website/lamaStudio-sms/vendor/laravel/framework/src/Illuminate/Pipeline/Pipeline.php(219): Illuminate\\Foundation\\Http\\Middleware\\TrimStrings->handle()
#37 /workspaces/lamastudio-website/lamaStudio-sms/vendor/laravel/framework/src/Illuminate/Http/Middleware/ValidatePostSize.php(27): Illuminate\\Pipeline\\Pipeline->{closure:{closure:Illuminate\\Pipeline\\Pipeline::carry():194}:195}()
#38 /workspaces/lamastudio-website/lamaStudio-sms/vendor/laravel/framework/src/Illuminate/Pipeline/Pipeline.php(219): Illuminate\\Http\\Middleware\\ValidatePostSize->handle()
#39 /workspaces/lamastudio-website/lamaStudio-sms/vendor/laravel/framework/src/Illuminate/Foundation/Http/Middleware/PreventRequestsDuringMaintenance.php(109): Illuminate\\Pipeline\\Pipeline->{closure:{closure:Illuminate\\Pipeline\\Pipeline::carry():194}:195}()
#40 /workspaces/lamastudio-website/lamaStudio-sms/vendor/laravel/framework/src/Illuminate/Pipeline/Pipeline.php(219): Illuminate\\Foundation\\Http\\Middleware\\PreventRequestsDuringMaintenance->handle()
#41 /workspaces/lamastudio-website/lamaStudio-sms/vendor/laravel/framework/src/Illuminate/Http/Middleware/HandleCors.php(61): Illuminate\\Pipeline\\Pipeline->{closure:{closure:Illuminate\\Pipeline\\Pipeline::carry():194}:195}()
#42 /workspaces/lamastudio-website/lamaStudio-sms/vendor/laravel/framework/src/Illuminate/Pipeline/Pipeline.php(219): Illuminate\\Http\\Middleware\\HandleCors->handle()
#43 /workspaces/lamastudio-website/lamaStudio-sms/vendor/laravel/framework/src/Illuminate/Http/Middleware/TrustProxies.php(58): Illuminate\\Pipeline\\Pipeline->{closure:{closure:Illuminate\\Pipeline\\Pipeline::carry():194}:195}()
#44 /workspaces/lamastudio-website/lamaStudio-sms/vendor/laravel/framework/src/Illuminate/Pipeline/Pipeline.php(219): Illuminate\\Http\\Middleware\\TrustProxies->handle()
#45 /workspaces/lamastudio-website/lamaStudio-sms/vendor/laravel/framework/src/Illuminate/Foundation/Http/Middleware/InvokeDeferredCallbacks.php(22): Illuminate\\Pipeline\\Pipeline->{closure:{closure:Illuminate\\Pipeline\\Pipeline::carry():194}:195}()
#46 /workspaces/lamastudio-website/lamaStudio-sms/vendor/laravel/framework/src/Illuminate/Pipeline/Pipeline.php(219): Illuminate\\Foundation\\Http\\Middleware\\InvokeDeferredCallbacks->handle()
#47 /workspaces/lamastudio-website/lamaStudio-sms/vendor/laravel/framework/src/Illuminate/Http/Middleware/ValidatePathEncoding.php(28): Illuminate\\Pipeline\\Pipeline->{closure:{closure:Illuminate\\Pipeline\\Pipeline::carry():194}:195}()
#48 /workspaces/lamastudio-website/lamaStudio-sms/vendor/laravel/framework/src/Illuminate/Pipeline/Pipeline.php(219): Illuminate\\Http\\Middleware\\ValidatePathEncoding->handle()
#49 /workspaces/lamastudio-website/lamaStudio-sms/vendor/laravel/framework/src/Illuminate/Pipeline/Pipeline.php(137): Illuminate\\Pipeline\\Pipeline->{closure:{closure:Illuminate\\Pipeline\\Pipeline::carry():194}:195}()
#50 /workspaces/lamastudio-website/lamaStudio-sms/vendor/laravel/framework/src/Illuminate/Foundation/Http/Kernel.php(175): Illuminate\\Pipeline\\Pipeline->then()
#51 /workspaces/lamastudio-website/lamaStudio-sms/vendor/laravel/framework/src/Illuminate/Foundation/Http/Kernel.php(144): Illuminate\\Foundation\\Http\\Kernel->sendRequestThroughRouter()
#52 /workspaces/lamastudio-website/lamaStudio-sms/vendor/laravel/framework/src/Illuminate/Foundation/Testing/Concerns/MakesHttpRequests.php(638): Illuminate\\Foundation\\Http\\Kernel->handle()
#53 /workspaces/lamastudio-website/lamaStudio-sms/vendor/laravel/framework/src/Illuminate/Foundation/Testing/Concerns/MakesHttpRequests.php(368): Illuminate\\Foundation\\Testing\\TestCase->call()
#54 /workspaces/lamastudio-website/lamaStudio-sms/tests/Feature/SchoolModulePagesTest.php(31): Illuminate\\Foundation\\Testing\\TestCase->get()
#55 /workspaces/lamastudio-website/lamaStudio-sms/vendor/phpunit/phpunit/src/Framework/TestCase.php(1318): Tests\\Feature\\SchoolModulePagesTest->test_exam_page_loads()
#56 /workspaces/lamastudio-website/lamaStudio-sms/vendor/phpunit/phpunit/src/Framework/TestCase.php(1355): PHPUnit\\Framework\\TestCase->invokeTestMethod()
#57 /workspaces/lamastudio-website/lamaStudio-sms/vendor/phpunit/phpunit/src/Framework/TestCase.php(521): PHPUnit\\Framework\\TestCase->runTest()
#58 /workspaces/lamastudio-website/lamaStudio-sms/vendor/phpunit/phpunit/src/Framework/TestRunner/TestRunner.php(99): PHPUnit\\Framework\\TestCase->runBare()
#59 /workspaces/lamastudio-website/lamaStudio-sms/vendor/phpunit/phpunit/src/Framework/TestCase.php(361): PHPUnit\\Framework\\TestRunner->run()
#60 /workspaces/lamastudio-website/lamaStudio-sms/vendor/phpunit/phpunit/src/Framework/TestSuite.php(374): PHPUnit\\Framework\\TestCase->run()
#61 /workspaces/lamastudio-website/lamaStudio-sms/vendor/phpunit/phpunit/src/Framework/TestSuite.php(374): PHPUnit\\Framework\\TestSuite->run()
#62 /workspaces/lamastudio-website/lamaStudio-sms/vendor/phpunit/phpunit/src/Framework/TestSuite.php(374): PHPUnit\\Framework\\TestSuite->run()
#63 /workspaces/lamastudio-website/lamaStudio-sms/vendor/phpunit/phpunit/src/TextUI/TestRunner.php(64): PHPUnit\\Framework\\TestSuite->run()
#64 /workspaces/lamastudio-website/lamaStudio-sms/vendor/phpunit/phpunit/src/TextUI/Application.php(229): PHPUnit\\TextUI\\TestRunner->run()
#65 /workspaces/lamastudio-website/lamaStudio-sms/vendor/phpunit/phpunit/phpunit(104): PHPUnit\\TextUI\\Application->run()
#66 {main}

[previous exception] [object] (ParseError(code: 0): syntax error, unexpected token \"endforeach\", expecting end of file at /workspaces/lamastudio-website/lamaStudio-sms/storage/framework/views/046a1e0d67a69041d95553e1767e7c1d.php:213)
[stacktrace]
#0 /workspaces/lamastudio-website/lamaStudio-sms/vendor/laravel/framework/src/Illuminate/Filesystem/Filesystem.php(124): Illuminate\\Filesystem\\Filesystem::{closure:Illuminate\\Filesystem\\Filesystem::getRequire():120}()
#1 /workspaces/lamastudio-website/lamaStudio-sms/vendor/laravel/framework/src/Illuminate/View/Engines/PhpEngine.php(57): Illuminate\\Filesystem\\Filesystem->getRequire()
#2 /workspaces/lamastudio-website/lamaStudio-sms/vendor/laravel/framework/src/Illuminate/View/Engines/CompilerEngine.php(76): Illuminate\\View\\Engines\\PhpEngine->evaluatePath()
#3 /workspaces/lamastudio-website/lamaStudio-sms/vendor/laravel/framework/src/Illuminate/View/View.php(208): Illuminate\\View\\Engines\\CompilerEngine->get()
#4 /workspaces/lamastudio-website/lamaStudio-sms/vendor/laravel/framework/src/Illuminate/View/View.php(191): Illuminate\\View\\View->getContents()
#5 /workspaces/lamastudio-website/lamaStudio-sms/vendor/laravel/framework/src/Illuminate/View/View.php(160): Illuminate\\View\\View->renderContents()
#6 /workspaces/lamastudio-website/lamaStudio-sms/vendor/laravel/framework/src/Illuminate/Http/Response.php(82): Illuminate\\View\\View->render()
#7 /workspaces/lamastudio-website/lamaStudio-sms/vendor/laravel/framework/src/Illuminate/Http/Response.php(40): Illuminate\\Http\\Response->setContent()
#8 /workspaces/lamastudio-website/lamaStudio-sms/vendor/laravel/framework/src/Illuminate/Routing/Router.php(939): Illuminate\\Http\\Response->__construct()
#9 /workspaces/lamastudio-website/lamaStudio-sms/vendor/laravel/framework/src/Illuminate/Routing/Router.php(906): Illuminate\\Routing\\Router::toResponse()
#10 /workspaces/lamastudio-website/lamaStudio-sms/vendor/laravel/framework/src/Illuminate/Routing/Router.php(821): Illuminate\\Routing\\Router->prepareResponse()
#11 /workspaces/lamastudio-website/lamaStudio-sms/vendor/laravel/framework/src/Illuminate/Pipeline/Pipeline.php(180): Illuminate\\Routing\\Router->{closure:Illuminate\\Routing\\Router::runRouteWithinStack():821}()
#12 /workspaces/lamastudio-website/lamaStudio-sms/vendor/laravel/framework/src/Illuminate/Routing/Middleware/SubstituteBindings.php(52): Illuminate\\Pipeline\\Pipeline->{closure:Illuminate\\Pipeline\\Pipeline::prepareDestination():178}()
#13 /workspaces/lamastudio-website/lamaStudio-sms/vendor/laravel/framework/src/Illuminate/Pipeline/Pipeline.php(219): Illuminate\\Routing\\Middleware\\SubstituteBindings->handle()
#14 /workspaces/lamastudio-website/lamaStudio-sms/vendor/laravel/framework/src/Illuminate/Foundation/Http/Middleware/PreventRequestForgery.php(104): Illuminate\\Pipeline\\Pipeline->{closure:{closure:Illuminate\\Pipeline\\Pipeline::carry():194}:195}()
#15 /workspaces/lamastudio-website/lamaStudio-sms/vendor/laravel/framework/src/Illuminate/Pipeline/Pipeline.php(219): Illuminate\\Foundation\\Http\\Middleware\\PreventRequestForgery->handle()
#16 /workspaces/lamastudio-website/lamaStudio-sms/vendor/laravel/framework/src/Illuminate/View/Middleware/ShareErrorsFromSession.php(48): Illuminate\\Pipeline\\Pipeline->{closure:{closure:Illuminate\\Pipeline\\Pipeline::carry():194}:195}()
#17 /workspaces/lamastudio-website/lamaStudio-sms/vendor/laravel/framework/src/Illuminate/Pipeline/Pipeline.php(219): Illuminate\\View\\Middleware\\ShareErrorsFromSession->handle()
#18 /workspaces/lamastudio-website/lamaStudio-sms/vendor/laravel/framework/src/Illuminate/Session/Middleware/StartSession.php(120): Illuminate\\Pipeline\\Pipeline->{closure:{closure:Illuminate\\Pipeline\\Pipeline::carry():194}:195}()
#19 /workspaces/lamastudio-website/lamaStudio-sms/vendor/laravel/framework/src/Illuminate/Session/Middleware/StartSession.php(63): Illuminate\\Session\\Middleware\\StartSession->handleStatefulRequest()
#20 /workspaces/lamastudio-website/lamaStudio-sms/vendor/laravel/framework/src/Illuminate/Pipeline/Pipeline.php(219): Illuminate\\Session\\Middleware\\StartSession->handle()
#21 /workspaces/lamastudio-website/lamaStudio-sms/vendor/laravel/framework/src/Illuminate/Cookie/Middleware/AddQueuedCookiesToResponse.php(36): Illuminate\\Pipeline\\Pipeline->{closure:{closure:Illuminate\\Pipeline\\Pipeline::carry():194}:195}()
#22 /workspaces/lamastudio-website/lamaStudio-sms/vendor/laravel/framework/src/Illuminate/Pipeline/Pipeline.php(219): Illuminate\\Cookie\\Middleware\\AddQueuedCookiesToResponse->handle()
#23 /workspaces/lamastudio-website/lamaStudio-sms/vendor/laravel/framework/src/Illuminate/Cookie/Middleware/EncryptCookies.php(74): Illuminate\\Pipeline\\Pipeline->{closure:{closure:Illuminate\\Pipeline\\Pipeline::carry():194}:195}()
#24 /workspaces/lamastudio-website/lamaStudio-sms/vendor/laravel/framework/src/Illuminate/Pipeline/Pipeline.php(219): Illuminate\\Cookie\\Middleware\\EncryptCookies->handle()
#25 /workspaces/lamastudio-website/lamaStudio-sms/vendor/laravel/framework/src/Illuminate/Pipeline/Pipeline.php(137): Illuminate\\Pipeline\\Pipeline->{closure:{closure:Illuminate\\Pipeline\\Pipeline::carry():194}:195}()
#26 /workspaces/lamastudio-website/lamaStudio-sms/vendor/laravel/framework/src/Illuminate/Routing/Router.php(821): Illuminate\\Pipeline\\Pipeline->then()
#27 /workspaces/lamastudio-website/lamaStudio-sms/vendor/laravel/framework/src/Illuminate/Routing/Router.php(800): Illuminate\\Routing\\Router->runRouteWithinStack()
#28 /workspaces/lamastudio-website/lamaStudio-sms/vendor/laravel/framework/src/Illuminate/Routing/Router.php(764): Illuminate\\Routing\\Router->runRoute()
#29 /workspaces/lamastudio-website/lamaStudio-sms/vendor/laravel/framework/src/Illuminate/Routing/Router.php(753): Illuminate\\Routing\\Router->dispatchToRoute()
#30 /workspaces/lamastudio-website/lamaStudio-sms/vendor/laravel/framework/src/Illuminate/Foundation/Http/Kernel.php(200): Illuminate\\Routing\\Router->dispatch()
#31 /workspaces/lamastudio-website/lamaStudio-sms/vendor/laravel/framework/src/Illuminate/Pipeline/Pipeline.php(180): Illuminate\\Foundation\\Http\\Kernel->{closure:Illuminate\\Foundation\\Http\\Kernel::dispatchToRouter():197}()
#32 /workspaces/lamastudio-website/lamaStudio-sms/vendor/laravel/framework/src/Illuminate/Foundation/Http/Middleware/TransformsRequest.php(21): Illuminate\\Pipeline\\Pipeline->{closure:Illuminate\\Pipeline\\Pipeline::prepareDestination():178}()
#33 /workspaces/lamastudio-website/lamaStudio-sms/vendor/laravel/framework/src/Illuminate/Foundation/Http/Middleware/ConvertEmptyStringsToNull.php(31): Illuminate\\Foundation\\Http\\Middleware\\TransformsRequest->handle()
#34 /workspaces/lamastudio-website/lamaStudio-sms/vendor/laravel/framework/src/Illuminate/Pipeline/Pipeline.php(219): Illuminate\\Foundation\\Http\\Middleware\\ConvertEmptyStringsToNull->handle()
#35 /workspaces/lamastudio-website/lamaStudio-sms/vendor/laravel/framework/src/Illuminate/Foundation/Http/Middleware/TransformsRequest.php(21): Illuminate\\Pipeline\\Pipeline->{closure:{closure:Illuminate\\Pipeline\\Pipeline::carry():194}:195}()
#36 /workspaces/lamastudio-website/lamaStudio-sms/vendor/laravel/framework/src/Illuminate/Foundation/Http/Middleware/TrimStrings.php(51): Illuminate\\Foundation\\Http\\Middleware\\TransformsRequest->handle()
#37 /workspaces/lamastudio-website/lamaStudio-sms/vendor/laravel/framework/src/Illuminate/Pipeline/Pipeline.php(219): Illuminate\\Foundation\\Http\\Middleware\\TrimStrings->handle()
#38 /workspaces/lamastudio-website/lamaStudio-sms/vendor/laravel/framework/src/Illuminate/Http/Middleware/ValidatePostSize.php(27): Illuminate\\Pipeline\\Pipeline->{closure:{closure:Illuminate\\Pipeline\\Pipeline::carry():194}:195}()
#39 /workspaces/lamastudio-website/lamaStudio-sms/vendor/laravel/framework/src/Illuminate/Pipeline/Pipeline.php(219): Illuminate\\Http\\Middleware\\ValidatePostSize->handle()
#40 /workspaces/lamastudio-website/lamaStudio-sms/vendor/laravel/framework/src/Illuminate/Foundation/Http/Middleware/PreventRequestsDuringMaintenance.php(109): Illuminate\\Pipeline\\Pipeline->{closure:{closure:Illuminate\\Pipeline\\Pipeline::carry():194}:195}()
#41 /workspaces/lamastudio-website/lamaStudio-sms/vendor/laravel/framework/src/Illuminate/Pipeline/Pipeline.php(219): Illuminate\\Foundation\\Http\\Middleware\\PreventRequestsDuringMaintenance->handle()
#42 /workspaces/lamastudio-website/lamaStudio-sms/vendor/laravel/framework/src/Illuminate/Http/Middleware/HandleCors.php(61): Illuminate\\Pipeline\\Pipeline->{closure:{closure:Illuminate\\Pipeline\\Pipeline::carry():194}:195}()
#43 /workspaces/lamastudio-website/lamaStudio-sms/vendor/laravel/framework/src/Illuminate/Pipeline/Pipeline.php(219): Illuminate\\Http\\Middleware\\HandleCors->handle()
#44 /workspaces/lamastudio-website/lamaStudio-sms/vendor/laravel/framework/src/Illuminate/Http/Middleware/TrustProxies.php(58): Illuminate\\Pipeline\\Pipeline->{closure:{closure:Illuminate\\Pipeline\\Pipeline::carry():194}:195}()
#45 /workspaces/lamastudio-website/lamaStudio-sms/vendor/laravel/framework/src/Illuminate/Pipeline/Pipeline.php(219): Illuminate\\Http\\Middleware\\TrustProxies->handle()
#46 /workspaces/lamastudio-website/lamaStudio-sms/vendor/laravel/framework/src/Illuminate/Foundation/Http/Middleware/InvokeDeferredCallbacks.php(22): Illuminate\\Pipeline\\Pipeline->{closure:{closure:Illuminate\\Pipeline\\Pipeline::carry():194}:195}()
#47 /workspaces/lamastudio-website/lamaStudio-sms/vendor/laravel/framework/src/Illuminate/Pipeline/Pipeline.php(219): Illuminate\\Foundation\\Http\\Middleware\\InvokeDeferredCallbacks->handle()
#48 /workspaces/lamastudio-website/lamaStudio-sms/vendor/laravel/framework/src/Illuminate/Http/Middleware/ValidatePathEncoding.php(28): Illuminate\\Pipeline\\Pipeline->{closure:{closure:Illuminate\\Pipeline\\Pipeline::carry():194}:195}()
#49 /workspaces/lamastudio-website/lamaStudio-sms/vendor/laravel/framework/src/Illuminate/Pipeline/Pipeline.php(219): Illuminate\\Http\\Middleware\\ValidatePathEncoding->handle()
#50 /workspaces/lamastudio-website/lamaStudio-sms/vendor/laravel/framework/src/Illuminate/Pipeline/Pipeline.php(137): Illuminate\\Pipeline\\Pipeline->{closure:{closure:Illuminate\\Pipeline\\Pipeline::carry():194}:195}()
#51 /workspaces/lamastudio-website/lamaStudio-sms/vendor/laravel/framework/src/Illuminate/Foundation/Http/Kernel.php(175): Illuminate\\Pipeline\\Pipeline->then()
#52 /workspaces/lamastudio-website/lamaStudio-sms/vendor/laravel/framework/src/Illuminate/Foundation/Http/Kernel.php(144): Illuminate\\Foundation\\Http\\Kernel->sendRequestThroughRouter()
#53 /workspaces/lamastudio-website/lamaStudio-sms/vendor/laravel/framework/src/Illuminate/Foundation/Testing/Concerns/MakesHttpRequests.php(638): Illuminate\\Foundation\\Http\\Kernel->handle()
#54 /workspaces/lamastudio-website/lamaStudio-sms/vendor/laravel/framework/src/Illuminate/Foundation/Testing/Concerns/MakesHttpRequests.php(368): Illuminate\\Foundation\\Testing\\TestCase->call()
#55 /workspaces/lamastudio-website/lamaStudio-sms/tests/Feature/SchoolModulePagesTest.php(31): Illuminate\\Foundation\\Testing\\TestCase->get()
#56 /workspaces/lamastudio-website/lamaStudio-sms/vendor/phpunit/phpunit/src/Framework/TestCase.php(1318): Tests\\Feature\\SchoolModulePagesTest->test_exam_page_loads()
#57 /workspaces/lamastudio-website/lamaStudio-sms/vendor/phpunit/phpunit/src/Framework/TestCase.php(1355): PHPUnit\\Framework\\TestCase->invokeTestMethod()
#58 /workspaces/lamastudio-website/lamaStudio-sms/vendor/phpunit/phpunit/src/Framework/TestCase.php(521): PHPUnit\\Framework\\TestCase->runTest()
#59 /workspaces/lamastudio-website/lamaStudio-sms/vendor/phpunit/phpunit/src/Framework/TestRunner/TestRunner.php(99): PHPUnit\\Framework\\TestCase->runBare()
#60 /workspaces/lamastudio-website/lamaStudio-sms/vendor/phpunit/phpunit/src/Framework/TestCase.php(361): PHPUnit\\Framework\\TestRunner->run()
#61 /workspaces/lamastudio-website/lamaStudio-sms/vendor/phpunit/phpunit/src/Framework/TestSuite.php(374): PHPUnit\\Framework\\TestCase->run()
#62 /workspaces/lamastudio-website/lamaStudio-sms/vendor/phpunit/phpunit/src/Framework/TestSuite.php(374): PHPUnit\\Framework\\TestSuite->run()
#63 /workspaces/lamastudio-website/lamaStudio-sms/vendor/phpunit/phpunit/src/Framework/TestSuite.php(374): PHPUnit\\Framework\\TestSuite->run()
#64 /workspaces/lamastudio-website/lamaStudio-sms/vendor/phpunit/phpunit/src/TextUI/TestRunner.php(64): PHPUnit\\Framework\\TestSuite->run()
#65 /workspaces/lamastudio-website/lamaStudio-sms/vendor/phpunit/phpunit/src/TextUI/Application.php(229): PHPUnit\\TextUI\\TestRunner->run()
#66 /workspaces/lamastudio-website/lamaStudio-sms/vendor/phpunit/phpunit/phpunit(104): PHPUnit\\TextUI\\Application->run()
#67 {main}
"} 
[2026-08-05 04:13:47] testing.ERROR: syntax error, unexpected token "endforeach", expecting end of file (View: /workspaces/lamastudio-website/lamaStudio-sms/resources/views/exams/index.blade.php) {"exception":"[object] (Illuminate\\View\\ViewException(code: 0): syntax error, unexpected token \"endforeach\", expecting end of file (View: /workspaces/lamastudio-website/lamaStudio-sms/resources/views/exams/index.blade.php) at /workspaces/lamastudio-website/lamaStudio-sms/storage/framework/views/046a1e0d67a69041d95553e1767e7c1d.php:213)
[stacktrace]
#0 /workspaces/lamastudio-website/lamaStudio-sms/vendor/laravel/framework/src/Illuminate/View/Engines/PhpEngine.php(59): Illuminate\\View\\Engines\\CompilerEngine->handleViewException()
#1 /workspaces/lamastudio-website/lamaStudio-sms/vendor/laravel/framework/src/Illuminate/View/Engines/CompilerEngine.php(76): Illuminate\\View\\Engines\\PhpEngine->evaluatePath()
#2 /workspaces/lamastudio-website/lamaStudio-sms/vendor/laravel/framework/src/Illuminate/View/View.php(208): Illuminate\\View\\Engines\\CompilerEngine->get()
#3 /workspaces/lamastudio-website/lamaStudio-sms/vendor/laravel/framework/src/Illuminate/View/View.php(191): Illuminate\\View\\View->getContents()
#4 /workspaces/lamastudio-website/lamaStudio-sms/vendor/laravel/framework/src/Illuminate/View/View.php(160): Illuminate\\View\\View->renderContents()
#5 /workspaces/lamastudio-website/lamaStudio-sms/vendor/laravel/framework/src/Illuminate/Http/Response.php(82): Illuminate\\View\\View->render()
#6 /workspaces/lamastudio-website/lamaStudio-sms/vendor/laravel/framework/src/Illuminate/Http/Response.php(40): Illuminate\\Http\\Response->setContent()
#7 /workspaces/lamastudio-website/lamaStudio-sms/vendor/laravel/framework/src/Illuminate/Routing/Router.php(939): Illuminate\\Http\\Response->__construct()
#8 /workspaces/lamastudio-website/lamaStudio-sms/vendor/laravel/framework/src/Illuminate/Routing/Router.php(906): Illuminate\\Routing\\Router::toResponse()
#9 /workspaces/lamastudio-website/lamaStudio-sms/vendor/laravel/framework/src/Illuminate/Routing/Router.php(821): Illuminate\\Routing\\Router->prepareResponse()
#10 /workspaces/lamastudio-website/lamaStudio-sms/vendor/laravel/framework/src/Illuminate/Pipeline/Pipeline.php(180): Illuminate\\Routing\\Router->{closure:Illuminate\\Routing\\Router::runRouteWithinStack():821}()
#11 /workspaces/lamastudio-website/lamaStudio-sms/vendor/laravel/framework/src/Illuminate/Routing/Middleware/SubstituteBindings.php(52): Illuminate\\Pipeline\\Pipeline->{closure:Illuminate\\Pipeline\\Pipeline::prepareDestination():178}()
#12 /workspaces/lamastudio-website/lamaStudio-sms/vendor/laravel/framework/src/Illuminate/Pipeline/Pipeline.php(219): Illuminate\\Routing\\Middleware\\SubstituteBindings->handle()
#13 /workspaces/lamastudio-website/lamaStudio-sms/vendor/laravel/framework/src/Illuminate/Foundation/Http/Middleware/PreventRequestForgery.php(104): Illuminate\\Pipeline\\Pipeline->{closure:{closure:Illuminate\\Pipeline\\Pipeline::carry():194}:195}()
#14 /workspaces/lamastudio-website/lamaStudio-sms/vendor/laravel/framework/src/Illuminate/Pipeline/Pipeline.php(219): Illuminate\\Foundation\\Http\\Middleware\\PreventRequestForgery->handle()
#15 /workspaces/lamastudio-website/lamaStudio-sms/vendor/laravel/framework/src/Illuminate/View/Middleware/ShareErrorsFromSession.php(48): Illuminate\\Pipeline\\Pipeline->{closure:{closure:Illuminate\\Pipeline\\Pipeline::carry():194}:195}()
#16 /workspaces/lamastudio-website/lamaStudio-sms/vendor/laravel/framework/src/Illuminate/Pipeline/Pipeline.php(219): Illuminate\\View\\Middleware\\ShareErrorsFromSession->handle()
#17 /workspaces/lamastudio-website/lamaStudio-sms/vendor/laravel/framework/src/Illuminate/Session/Middleware/StartSession.php(120): Illuminate\\Pipeline\\Pipeline->{closure:{closure:Illuminate\\Pipeline\\Pipeline::carry():194}:195}()
#18 /workspaces/lamastudio-website/lamaStudio-sms/vendor/laravel/framework/src/Illuminate/Session/Middleware/StartSession.php(63): Illuminate\\Session\\Middleware\\StartSession->handleStatefulRequest()
#19 /workspaces/lamastudio-website/lamaStudio-sms/vendor/laravel/framework/src/Illuminate/Pipeline/Pipeline.php(219): Illuminate\\Session\\Middleware\\StartSession->handle()
#20 /workspaces/lamastudio-website/lamaStudio-sms/vendor/laravel/framework/src/Illuminate/Cookie/Middleware/AddQueuedCookiesToResponse.php(36): Illuminate\\Pipeline\\Pipeline->{closure:{closure:Illuminate\\Pipeline\\Pipeline::carry():194}:195}()
#21 /workspaces/lamastudio-website/lamaStudio-sms/vendor/laravel/framework/src/Illuminate/Pipeline/Pipeline.php(219): Illuminate\\Cookie\\Middleware\\AddQueuedCookiesToResponse->handle()
#22 /workspaces/lamastudio-website/lamaStudio-sms/vendor/laravel/framework/src/Illuminate/Cookie/Middleware/EncryptCookies.php(74): Illuminate\\Pipeline\\Pipeline->{closure:{closure:Illuminate\\Pipeline\\Pipeline::carry():194}:195}()
#23 /workspaces/lamastudio-website/lamaStudio-sms/vendor/laravel/framework/src/Illuminate/Pipeline/Pipeline.php(219): Illuminate\\Cookie\\Middleware\\EncryptCookies->handle()
#24 /workspaces/lamastudio-website/lamaStudio-sms/vendor/laravel/framework/src/Illuminate/Pipeline/Pipeline.php(137): Illuminate\\Pipeline\\Pipeline->{closure:{closure:Illuminate\\Pipeline\\Pipeline::carry():194}:195}()
#25 /workspaces/lamastudio-website/lamaStudio-sms/vendor/laravel/framework/src/Illuminate/Routing/Router.php(821): Illuminate\\Pipeline\\Pipeline->then()
#26 /workspaces/lamastudio-website/lamaStudio-sms/vendor/laravel/framework/src/Illuminate/Routing/Router.php(800): Illuminate\\Routing\\Router->runRouteWithinStack()
#27 /workspaces/lamastudio-website/lamaStudio-sms/vendor/laravel/framework/src/Illuminate/Routing/Router.php(764): Illuminate\\Routing\\Router->runRoute()
#28 /workspaces/lamastudio-website/lamaStudio-sms/vendor/laravel/framework/src/Illuminate/Routing/Router.php(753): Illuminate\\Routing\\Router->dispatchToRoute()
#29 /workspaces/lamastudio-website/lamaStudio-sms/vendor/laravel/framework/src/Illuminate/Foundation/Http/Kernel.php(200): Illuminate\\Routing\\Router->dispatch()
#30 /workspaces/lamastudio-website/lamaStudio-sms/vendor/laravel/framework/src/Illuminate/Pipeline/Pipeline.php(180): Illuminate\\Foundation\\Http\\Kernel->{closure:Illuminate\\Foundation\\Http\\Kernel::dispatchToRouter():197}()
#31 /workspaces/lamastudio-website/lamaStudio-sms/vendor/laravel/framework/src/Illuminate/Foundation/Http/Middleware/TransformsRequest.php(21): Illuminate\\Pipeline\\Pipeline->{closure:Illuminate\\Pipeline\\Pipeline::prepareDestination():178}()
#32 /workspaces/lamastudio-website/lamaStudio-sms/vendor/laravel/framework/src/Illuminate/Foundation/Http/Middleware/ConvertEmptyStringsToNull.php(31): Illuminate\\Foundation\\Http\\Middleware\\TransformsRequest->handle()
#33 /workspaces/lamastudio-website/lamaStudio-sms/vendor/laravel/framework/src/Illuminate/Pipeline/Pipeline.php(219): Illuminate\\Foundation\\Http\\Middleware\\ConvertEmptyStringsToNull->handle()
#34 /workspaces/lamastudio-website/lamaStudio-sms/vendor/laravel/framework/src/Illuminate/Foundation/Http/Middleware/TransformsRequest.php(21): Illuminate\\Pipeline\\Pipeline->{closure:{closure:Illuminate\\Pipeline\\Pipeline::carry():194}:195}()
#35 /workspaces/lamastudio-website/lamaStudio-sms/vendor/laravel/framework/src/Illuminate/Foundation/Http/Middleware/TrimStrings.php(51): Illuminate\\Foundation\\Http\\Middleware\\TransformsRequest->handle()
#36 /workspaces/lamastudio-website/lamaStudio-sms/vendor/laravel/framework/src/Illuminate/Pipeline/Pipeline.php(219): Illuminate\\Foundation\\Http\\Middleware\\TrimStrings->handle()
#37 /workspaces/lamastudio-website/lamaStudio-sms/vendor/laravel/framework/src/Illuminate/Http/Middleware/ValidatePostSize.php(27): Illuminate\\Pipeline\\Pipeline->{closure:{closure:Illuminate\\Pipeline\\Pipeline::carry():194}:195}()
#38 /workspaces/lamastudio-website/lamaStudio-sms/vendor/laravel/framework/src/Illuminate/Pipeline/Pipeline.php(219): Illuminate\\Http\\Middleware\\ValidatePostSize->handle()
#39 /workspaces/lamastudio-website/lamaStudio-sms/vendor/laravel/framework/src/Illuminate/Foundation/Http/Middleware/PreventRequestsDuringMaintenance.php(109): Illuminate\\Pipeline\\Pipeline->{closure:{closure:Illuminate\\Pipeline\\Pipeline::carry():194}:195}()
#40 /workspaces/lamastudio-website/lamaStudio-sms/vendor/laravel/framework/src/Illuminate/Pipeline/Pipeline.php(219): Illuminate\\Foundation\\Http\\Middleware\\PreventRequestsDuringMaintenance->handle()
#41 /workspaces/lamastudio-website/lamaStudio-sms/vendor/laravel/framework/src/Illuminate/Http/Middleware/HandleCors.php(61): Illuminate\\Pipeline\\Pipeline->{closure:{closure:Illuminate\\Pipeline\\Pipeline::carry():194}:195}()
#42 /workspaces/lamastudio-website/lamaStudio-sms/vendor/laravel/framework/src/Illuminate/Pipeline/Pipeline.php(219): Illuminate\\Http\\Middleware\\HandleCors->handle()
#43 /workspaces/lamastudio-website/lamaStudio-sms/vendor/laravel/framework/src/Illuminate/Http/Middleware/TrustProxies.php(58): Illuminate\\Pipeline\\Pipeline->{closure:{closure:Illuminate\\Pipeline\\Pipeline::carry():194}:195}()
#44 /workspaces/lamastudio-website/lamaStudio-sms/vendor/laravel/framework/src/Illuminate/Pipeline/Pipeline.php(219): Illuminate\\Http\\Middleware\\TrustProxies->handle()
#45 /workspaces/lamastudio-website/lamaStudio-sms/vendor/laravel/framework/src/Illuminate/Foundation/Http/Middleware/InvokeDeferredCallbacks.php(22): Illuminate\\Pipeline\\Pipeline->{closure:{closure:Illuminate\\Pipeline\\Pipeline::carry():194}:195}()
#46 /workspaces/lamastudio-website/lamaStudio-sms/vendor/laravel/framework/src/Illuminate/Pipeline/Pipeline.php(219): Illuminate\\Foundation\\Http\\Middleware\\InvokeDeferredCallbacks->handle()
#47 /workspaces/lamastudio-website/lamaStudio-sms/vendor/laravel/framework/src/Illuminate/Http/Middleware/ValidatePathEncoding.php(28): Illuminate\\Pipeline\\Pipeline->{closure:{closure:Illuminate\\Pipeline\\Pipeline::carry():194}:195}()
#48 /workspaces/lamastudio-website/lamaStudio-sms/vendor/laravel/framework/src/Illuminate/Pipeline/Pipeline.php(219): Illuminate\\Http\\Middleware\\ValidatePathEncoding->handle()
#49 /workspaces/lamastudio-website/lamaStudio-sms/vendor/laravel/framework/src/Illuminate/Pipeline/Pipeline.php(137): Illuminate\\Pipeline\\Pipeline->{closure:{closure:Illuminate\\Pipeline\\Pipeline::carry():194}:195}()
#50 /workspaces/lamastudio-website/lamaStudio-sms/vendor/laravel/framework/src/Illuminate/Foundation/Http/Kernel.php(175): Illuminate\\Pipeline\\Pipeline->then()
#51 /workspaces/lamastudio-website/lamaStudio-sms/vendor/laravel/framework/src/Illuminate/Foundation/Http/Kernel.php(144): Illuminate\\Foundation\\Http\\Kernel->sendRequestThroughRouter()
#52 /workspaces/lamastudio-website/lamaStudio-sms/vendor/laravel/framework/src/Illuminate/Foundation/Testing/Concerns/MakesHttpRequests.php(638): Illuminate\\Foundation\\Http\\Kernel->handle()
#53 /workspaces/lamastudio-website/lamaStudio-sms/vendor/laravel/framework/src/Illuminate/Foundation/Testing/Concerns/MakesHttpRequests.php(368): Illuminate\\Foundation\\Testing\\TestCase->call()
#54 /workspaces/lamastudio-website/lamaStudio-sms/tests/Feature/SchoolModulePagesTest.php(31): Illuminate\\Foundation\\Testing\\TestCase->get()
#55 /workspaces/lamastudio-website/lamaStudio-sms/vendor/phpunit/phpunit/src/Framework/TestCase.php(1318): Tests\\Feature\\SchoolModulePagesTest->test_exam_page_loads()
#56 /workspaces/lamastudio-website/lamaStudio-sms/vendor/phpunit/phpunit/src/Framework/TestCase.php(1355): PHPUnit\\Framework\\TestCase->invokeTestMethod()
#57 /workspaces/lamastudio-website/lamaStudio-sms/vendor/phpunit/phpunit/src/Framework/TestCase.php(521): PHPUnit\\Framework\\TestCase->runTest()
#58 /workspaces/lamastudio-website/lamaStudio-sms/vendor/phpunit/phpunit/src/Framework/TestRunner/TestRunner.php(99): PHPUnit\\Framework\\TestCase->runBare()
#59 /workspaces/lamastudio-website/lamaStudio-sms/vendor/phpunit/phpunit/src/Framework/TestCase.php(361): PHPUnit\\Framework\\TestRunner->run()
#60 /workspaces/lamastudio-website/lamaStudio-sms/vendor/phpunit/phpunit/src/Framework/TestSuite.php(374): PHPUnit\\Framework\\TestCase->run()
#61 /workspaces/lamastudio-website/lamaStudio-sms/vendor/phpunit/phpunit/src/Framework/TestSuite.php(374): PHPUnit\\Framework\\TestSuite->run()
#62 /workspaces/lamastudio-website/lamaStudio-sms/vendor/phpunit/phpunit/src/Framework/TestSuite.php(374): PHPUnit\\Framework\\TestSuite->run()
#63 /workspaces/lamastudio-website/lamaStudio-sms/vendor/phpunit/phpunit/src/TextUI/TestRunner.php(64): PHPUnit\\Framework\\TestSuite->run()
#64 /workspaces/lamastudio-website/lamaStudio-sms/vendor/phpunit/phpunit/src/TextUI/Application.php(229): PHPUnit\\TextUI\\TestRunner->run()
#65 /workspaces/lamastudio-website/lamaStudio-sms/vendor/phpunit/phpunit/phpunit(104): PHPUnit\\TextUI\\Application->run()
#66 {main}

[previous exception] [object] (ParseError(code: 0): syntax error, unexpected token \"endforeach\", expecting end of file at /workspaces/lamastudio-website/lamaStudio-sms/storage/framework/views/046a1e0d67a69041d95553e1767e7c1d.php:213)
[stacktrace]
#0 /workspaces/lamastudio-website/lamaStudio-sms/vendor/laravel/framework/src/Illuminate/Filesystem/Filesystem.php(124): Illuminate\\Filesystem\\Filesystem::{closure:Illuminate\\Filesystem\\Filesystem::getRequire():120}()
#1 /workspaces/lamastudio-website/lamaStudio-sms/vendor/laravel/framework/src/Illuminate/View/Engines/PhpEngine.php(57): Illuminate\\Filesystem\\Filesystem->getRequire()
#2 /workspaces/lamastudio-website/lamaStudio-sms/vendor/laravel/framework/src/Illuminate/View/Engines/CompilerEngine.php(76): Illuminate\\View\\Engines\\PhpEngine->evaluatePath()
#3 /workspaces/lamastudio-website/lamaStudio-sms/vendor/laravel/framework/src/Illuminate/View/View.php(208): Illuminate\\View\\Engines\\CompilerEngine->get()
#4 /workspaces/lamastudio-website/lamaStudio-sms/vendor/laravel/framework/src/Illuminate/View/View.php(191): Illuminate\\View\\View->getContents()
#5 /workspaces/lamastudio-website/lamaStudio-sms/vendor/laravel/framework/src/Illuminate/View/View.php(160): Illuminate\\View\\View->renderContents()
#6 /workspaces/lamastudio-website/lamaStudio-sms/vendor/laravel/framework/src/Illuminate/Http/Response.php(82): Illuminate\\View\\View->render()
#7 /workspaces/lamastudio-website/lamaStudio-sms/vendor/laravel/framework/src/Illuminate/Http/Response.php(40): Illuminate\\Http\\Response->setContent()
#8 /workspaces/lamastudio-website/lamaStudio-sms/vendor/laravel/framework/src/Illuminate/Routing/Router.php(939): Illuminate\\Http\\Response->__construct()
#9 /workspaces/lamastudio-website/lamaStudio-sms/vendor/laravel/framework/src/Illuminate/Routing/Router.php(906): Illuminate\\Routing\\Router::toResponse()
#10 /workspaces/lamastudio-website/lamaStudio-sms/vendor/laravel/framework/src/Illuminate/Routing/Router.php(821): Illuminate\\Routing\\Router->prepareResponse()
#11 /workspaces/lamastudio-website/lamaStudio-sms/vendor/laravel/framework/src/Illuminate/Pipeline/Pipeline.php(180): Illuminate\\Routing\\Router->{closure:Illuminate\\Routing\\Router::runRouteWithinStack():821}()
#12 /workspaces/lamastudio-website/lamaStudio-sms/vendor/laravel/framework/src/Illuminate/Routing/Middleware/SubstituteBindings.php(52): Illuminate\\Pipeline\\Pipeline->{closure:Illuminate\\Pipeline\\Pipeline::prepareDestination():178}()
#13 /workspaces/lamastudio-website/lamaStudio-sms/vendor/laravel/framework/src/Illuminate/Pipeline/Pipeline.php(219): Illuminate\\Routing\\Middleware\\SubstituteBindings->handle()
#14 /workspaces/lamastudio-website/lamaStudio-sms/vendor/laravel/framework/src/Illuminate/Foundation/Http/Middleware/PreventRequestForgery.php(104): Illuminate\\Pipeline\\Pipeline->{closure:{closure:Illuminate\\Pipeline\\Pipeline::carry():194}:195}()
#15 /workspaces/lamastudio-website/lamaStudio-sms/vendor/laravel/framework/src/Illuminate/Pipeline/Pipeline.php(219): Illuminate\\Foundation\\Http\\Middleware\\PreventRequestForgery->handle()
#16 /workspaces/lamastudio-website/lamaStudio-sms/vendor/laravel/framework/src/Illuminate/View/Middleware/ShareErrorsFromSession.php(48): Illuminate\\Pipeline\\Pipeline->{closure:{closure:Illuminate\\Pipeline\\Pipeline::carry():194}:195}()
#17 /workspaces/lamastudio-website/lamaStudio-sms/vendor/laravel/framework/src/Illuminate/Pipeline/Pipeline.php(219): Illuminate\\View\\Middleware\\ShareErrorsFromSession->handle()
#18 /workspaces/lamastudio-website/lamaStudio-sms/vendor/laravel/framework/src/Illuminate/Session/Middleware/StartSession.php(120): Illuminate\\Pipeline\\Pipeline->{closure:{closure:Illuminate\\Pipeline\\Pipeline::carry():194}:195}()
#19 /workspaces/lamastudio-website/lamaStudio-sms/vendor/laravel/framework/src/Illuminate/Session/Middleware/StartSession.php(63): Illuminate\\Session\\Middleware\\StartSession->handleStatefulRequest()
#20 /workspaces/lamastudio-website/lamaStudio-sms/vendor/laravel/framework/src/Illuminate/Pipeline/Pipeline.php(219): Illuminate\\Session\\Middleware\\StartSession->handle()
#21 /workspaces/lamastudio-website/lamaStudio-sms/vendor/laravel/framework/src/Illuminate/Cookie/Middleware/AddQueuedCookiesToResponse.php(36): Illuminate\\Pipeline\\Pipeline->{closure:{closure:Illuminate\\Pipeline\\Pipeline::carry():194}:195}()
#22 /workspaces/lamastudio-website/lamaStudio-sms/vendor/laravel/framework/src/Illuminate/Pipeline/Pipeline.php(219): Illuminate\\Cookie\\Middleware\\AddQueuedCookiesToResponse->handle()
#23 /workspaces/lamastudio-website/lamaStudio-sms/vendor/laravel/framework/src/Illuminate/Cookie/Middleware/EncryptCookies.php(74): Illuminate\\Pipeline\\Pipeline->{closure:{closure:Illuminate\\Pipeline\\Pipeline::carry():194}:195}()
#24 /workspaces/lamastudio-website/lamaStudio-sms/vendor/laravel/framework/src/Illuminate/Pipeline/Pipeline.php(219): Illuminate\\Cookie\\Middleware\\EncryptCookies->handle()
#25 /workspaces/lamastudio-website/lamaStudio-sms/vendor/laravel/framework/src/Illuminate/Pipeline/Pipeline.php(137): Illuminate\\Pipeline\\Pipeline->{closure:{closure:Illuminate\\Pipeline\\Pipeline::carry():194}:195}()
#26 /workspaces/lamastudio-website/lamaStudio-sms/vendor/laravel/framework/src/Illuminate/Routing/Router.php(821): Illuminate\\Pipeline\\Pipeline->then()
#27 /workspaces/lamastudio-website/lamaStudio-sms/vendor/laravel/framework/src/Illuminate/Routing/Router.php(800): Illuminate\\Routing\\Router->runRouteWithinStack()
#28 /workspaces/lamastudio-website/lamaStudio-sms/vendor/laravel/framework/src/Illuminate/Routing/Router.php(764): Illuminate\\Routing\\Router->runRoute()
#29 /workspaces/lamastudio-website/lamaStudio-sms/vendor/laravel/framework/src/Illuminate/Routing/Router.php(753): Illuminate\\Routing\\Router->dispatchToRoute()
#30 /workspaces/lamastudio-website/lamaStudio-sms/vendor/laravel/framework/src/Illuminate/Foundation/Http/Kernel.php(200): Illuminate\\Routing\\Router->dispatch()
#31 /workspaces/lamastudio-website/lamaStudio-sms/vendor/laravel/framework/src/Illuminate/Pipeline/Pipeline.php(180): Illuminate\\Foundation\\Http\\Kernel->{closure:Illuminate\\Foundation\\Http\\Kernel::dispatchToRouter():197}()
#32 /workspaces/lamastudio-website/lamaStudio-sms/vendor/laravel/framework/src/Illuminate/Foundation/Http/Middleware/TransformsRequest.php(21): Illuminate\\Pipeline\\Pipeline->{closure:Illuminate\\Pipeline\\Pipeline::prepareDestination():178}()
#33 /workspaces/lamastudio-website/lamaStudio-sms/vendor/laravel/framework/src/Illuminate/Foundation/Http/Middleware/ConvertEmptyStringsToNull.php(31): Illuminate\\Foundation\\Http\\Middleware\\TransformsRequest->handle()
#34 /workspaces/lamastudio-website/lamaStudio-sms/vendor/laravel/framework/src/Illuminate/Pipeline/Pipeline.php(219): Illuminate\\Foundation\\Http\\Middleware\\ConvertEmptyStringsToNull->handle()
#35 /workspaces/lamastudio-website/lamaStudio-sms/vendor/laravel/framework/src/Illuminate/Foundation/Http/Middleware/TransformsRequest.php(21): Illuminate\\Pipeline\\Pipeline->{closure:{closure:Illuminate\\Pipeline\\Pipeline::carry():194}:195}()
#36 /workspaces/lamastudio-website/lamaStudio-sms/vendor/laravel/framework/src/Illuminate/Foundation/Http/Middleware/TrimStrings.php(51): Illuminate\\Foundation\\Http\\Middleware\\TransformsRequest->handle()
#37 /workspaces/lamastudio-website/lamaStudio-sms/vendor/laravel/framework/src/Illuminate/Pipeline/Pipeline.php(219): Illuminate\\Foundation\\Http\\Middleware\\TrimStrings->handle()
#38 /workspaces/lamastudio-website/lamaStudio-sms/vendor/laravel/framework/src/Illuminate/Http/Middleware/ValidatePostSize.php(27): Illuminate\\Pipeline\\Pipeline->{closure:{closure:Illuminate\\Pipeline\\Pipeline::carry():194}:195}()
#39 /workspaces/lamastudio-website/lamaStudio-sms/vendor/laravel/framework/src/Illuminate/Pipeline/Pipeline.php(219): Illuminate\\Http\\Middleware\\ValidatePostSize->handle()
#40 /workspaces/lamastudio-website/lamaStudio-sms/vendor/laravel/framework/src/Illuminate/Foundation/Http/Middleware/PreventRequestsDuringMaintenance.php(109): Illuminate\\Pipeline\\Pipeline->{closure:{closure:Illuminate\\Pipeline\\Pipeline::carry():194}:195}()
#41 /workspaces/lamastudio-website/lamaStudio-sms/vendor/laravel/framework/src/Illuminate/Pipeline/Pipeline.php(219): Illuminate\\Foundation\\Http\\Middleware\\PreventRequestsDuringMaintenance->handle()
#42 /workspaces/lamastudio-website/lamaStudio-sms/vendor/laravel/framework/src/Illuminate/Http/Middleware/HandleCors.php(61): Illuminate\\Pipeline\\Pipeline->{closure:{closure:Illuminate\\Pipeline\\Pipeline::carry():194}:195}()
#43 /workspaces/lamastudio-website/lamaStudio-sms/vendor/laravel/framework/src/Illuminate/Pipeline/Pipeline.php(219): Illuminate\\Http\\Middleware\\HandleCors->handle()
#44 /workspaces/lamastudio-website/lamaStudio-sms/vendor/laravel/framework/src/Illuminate/Http/Middleware/TrustProxies.php(58): Illuminate\\Pipeline\\Pipeline->{closure:{closure:Illuminate\\Pipeline\\Pipeline::carry():194}:195}()
#45 /workspaces/lamastudio-website/lamaStudio-sms/vendor/laravel/framework/src/Illuminate/Pipeline/Pipeline.php(219): Illuminate\\Http\\Middleware\\TrustProxies->handle()
#46 /workspaces/lamastudio-website/lamaStudio-sms/vendor/laravel/framework/src/Illuminate/Foundation/Http/Middleware/InvokeDeferredCallbacks.php(22): Illuminate\\Pipeline\\Pipeline->{closure:{closure:Illuminate\\Pipeline\\Pipeline::carry():194}:195}()
#47 /workspaces/lamastudio-website/lamaStudio-sms/vendor/laravel/framework/src/Illuminate/Pipeline/Pipeline.php(219): Illuminate\\Foundation\\Http\\Middleware\\InvokeDeferredCallbacks->handle()
#48 /workspaces/lamastudio-website/lamaStudio-sms/vendor/laravel/framework/src/Illuminate/Http/Middleware/ValidatePathEncoding.php(28): Illuminate\\Pipeline\\Pipeline->{closure:{closure:Illuminate\\Pipeline\\Pipeline::carry():194}:195}()
#49 /workspaces/lamastudio-website/lamaStudio-sms/vendor/laravel/framework/src/Illuminate/Pipeline/Pipeline.php(219): Illuminate\\Http\\Middleware\\ValidatePathEncoding->handle()
#50 /workspaces/lamastudio-website/lamaStudio-sms/vendor/laravel/framework/src/Illuminate/Pipeline/Pipeline.php(137): Illuminate\\Pipeline\\Pipeline->{closure:{closure:Illuminate\\Pipeline\\Pipeline::carry():194}:195}()
#51 /workspaces/lamastudio-website/lamaStudio-sms/vendor/laravel/framework/src/Illuminate/Foundation/Http/Kernel.php(175): Illuminate\\Pipeline\\Pipeline->then()
#52 /workspaces/lamastudio-website/lamaStudio-sms/vendor/laravel/framework/src/Illuminate/Foundation/Http/Kernel.php(144): Illuminate\\Foundation\\Http\\Kernel->sendRequestThroughRouter()
#53 /workspaces/lamastudio-website/lamaStudio-sms/vendor/laravel/framework/src/Illuminate/Foundation/Testing/Concerns/MakesHttpRequests.php(638): Illuminate\\Foundation\\Http\\Kernel->handle()
#54 /workspaces/lamastudio-website/lamaStudio-sms/vendor/laravel/framework/src/Illuminate/Foundation/Testing/Concerns/MakesHttpRequests.php(368): Illuminate\\Foundation\\Testing\\TestCase->call()
#55 /workspaces/lamastudio-website/lamaStudio-sms/tests/Feature/SchoolModulePagesTest.php(31): Illuminate\\Foundation\\Testing\\TestCase->get()
#56 /workspaces/lamastudio-website/lamaStudio-sms/vendor/phpunit/phpunit/src/Framework/TestCase.php(1318): Tests\\Feature\\SchoolModulePagesTest->test_exam_page_loads()
#57 /workspaces/lamastudio-website/lamaStudio-sms/vendor/phpunit/phpunit/src/Framework/TestCase.php(1355): PHPUnit\\Framework\\TestCase->invokeTestMethod()
#58 /workspaces/lamastudio-website/lamaStudio-sms/vendor/phpunit/phpunit/src/Framework/TestCase.php(521): PHPUnit\\Framework\\TestCase->runTest()
#59 /workspaces/lamastudio-website/lamaStudio-sms/vendor/phpunit/phpunit/src/Framework/TestRunner/TestRunner.php(99): PHPUnit\\Framework\\TestCase->runBare()
#60 /workspaces/lamastudio-website/lamaStudio-sms/vendor/phpunit/phpunit/src/Framework/TestCase.php(361): PHPUnit\\Framework\\TestRunner->run()
#61 /workspaces/lamastudio-website/lamaStudio-sms/vendor/phpunit/phpunit/src/Framework/TestSuite.php(374): PHPUnit\\Framework\\TestCase->run()
#62 /workspaces/lamastudio-website/lamaStudio-sms/vendor/phpunit/phpunit/src/Framework/TestSuite.php(374): PHPUnit\\Framework\\TestSuite->run()
#63 /workspaces/lamastudio-website/lamaStudio-sms/vendor/phpunit/phpunit/src/Framework/TestSuite.php(374): PHPUnit\\Framework\\TestSuite->run()
#64 /workspaces/lamastudio-website/lamaStudio-sms/vendor/phpunit/phpunit/src/TextUI/TestRunner.php(64): PHPUnit\\Framework\\TestSuite->run()
#65 /workspaces/lamastudio-website/lamaStudio-sms/vendor/phpunit/phpunit/src/TextUI/Application.php(229): PHPUnit\\TextUI\\TestRunner->run()
#66 /workspaces/lamastudio-website/lamaStudio-sms/vendor/phpunit/phpunit/phpunit(104): PHPUnit\\TextUI\\Application->run()
#67 {main}
"} 
[2026-08-06 04:48:49] local.ERROR: A non-numeric value encountered {"exception":"[object] (ErrorException(code: 0): A non-numeric value encountered at /workspaces/lamastudio-website/lamaStudio-sms/vendor/laravel/framework/src/Illuminate/Foundation/Console/ServeCommand.php:250)
[stacktrace]
#0 /workspaces/lamastudio-website/lamaStudio-sms/vendor/laravel/framework/src/Illuminate/Foundation/Bootstrap/HandleExceptions.php(263): Illuminate\\Foundation\\Bootstrap\\HandleExceptions->handleError()
#1 /workspaces/lamastudio-website/lamaStudio-sms/vendor/laravel/framework/src/Illuminate/Foundation/Console/ServeCommand.php(250): Illuminate\\Foundation\\Bootstrap\\HandleExceptions->{closure:Illuminate\\Foundation\\Bootstrap\\HandleExceptions::forwardsTo():262}()
#2 /workspaces/lamastudio-website/lamaStudio-sms/vendor/laravel/framework/src/Illuminate/Foundation/Console/ServeCommand.php(218): Illuminate\\Foundation\\Console\\ServeCommand->port()
#3 /workspaces/lamastudio-website/lamaStudio-sms/vendor/laravel/framework/src/Illuminate/Foundation/Console/ServeCommand.php(183): Illuminate\\Foundation\\Console\\ServeCommand->serverCommand()
#4 /workspaces/lamastudio-website/lamaStudio-sms/vendor/laravel/framework/src/Illuminate/Foundation/Console/ServeCommand.php(138): Illuminate\\Foundation\\Console\\ServeCommand->startProcess()
#5 /workspaces/lamastudio-website/lamaStudio-sms/vendor/laravel/framework/src/Illuminate/Container/BoundMethod.php(36): Illuminate\\Foundation\\Console\\ServeCommand->handle()
#6 /workspaces/lamastudio-website/lamaStudio-sms/vendor/laravel/framework/src/Illuminate/Container/Util.php(43): Illuminate\\Container\\BoundMethod::{closure:Illuminate\\Container\\BoundMethod::call():35}()
#7 /workspaces/lamastudio-website/lamaStudio-sms/vendor/laravel/framework/src/Illuminate/Container/BoundMethod.php(96): Illuminate\\Container\\Util::unwrapIfClosure()
#8 /workspaces/lamastudio-website/lamaStudio-sms/vendor/laravel/framework/src/Illuminate/Container/BoundMethod.php(35): Illuminate\\Container\\BoundMethod::callBoundMethod()
#9 /workspaces/lamastudio-website/lamaStudio-sms/vendor/laravel/framework/src/Illuminate/Container/Container.php(800): Illuminate\\Container\\BoundMethod::call()
#10 /workspaces/lamastudio-website/lamaStudio-sms/vendor/laravel/framework/src/Illuminate/Console/Command.php(280): Illuminate\\Container\\Container->call()
#11 /workspaces/lamastudio-website/lamaStudio-sms/vendor/symfony/console/Command/Command.php(284): Illuminate\\Console\\Command->execute()
#12 /workspaces/lamastudio-website/lamaStudio-sms/vendor/laravel/framework/src/Illuminate/Console/Command.php(249): Symfony\\Component\\Console\\Command\\Command->run()
#13 /workspaces/lamastudio-website/lamaStudio-sms/vendor/symfony/console/Application.php(1144): Illuminate\\Console\\Command->run()
#14 /workspaces/lamastudio-website/lamaStudio-sms/vendor/symfony/console/Application.php(379): Symfony\\Component\\Console\\Application->doRunCommand()
#15 /workspaces/lamastudio-website/lamaStudio-sms/vendor/symfony/console/Application.php(218): Symfony\\Component\\Console\\Application->doRun()
#16 /workspaces/lamastudio-website/lamaStudio-sms/vendor/laravel/framework/src/Illuminate/Foundation/Console/Kernel.php(198): Symfony\\Component\\Console\\Application->run()
#17 /workspaces/lamastudio-website/lamaStudio-sms/vendor/laravel/framework/src/Illuminate/Foundation/Application.php(1242): Illuminate\\Foundation\\Console\\Kernel->handle()
#18 /workspaces/lamastudio-website/lamaStudio-sms/artisan(16): Illuminate\\Foundation\\Application->handleCommand()
#19 {main}
"} 
[2026-08-06 05:29:12] local.ERROR: View [layouts.app] not found. (View: /workspaces/lamastudio-website/lamaStudio-sms/resources/views/students/admission-form.blade.php) {"exception":"[object] (Illuminate\\View\\ViewException(code: 0): View [layouts.app] not found. (View: /workspaces/lamastudio-website/lamaStudio-sms/resources/views/students/admission-form.blade.php) at /workspaces/lamastudio-website/lamaStudio-sms/vendor/laravel/framework/src/Illuminate/View/FileViewFinder.php:138)
[stacktrace]
#0 /workspaces/lamastudio-website/lamaStudio-sms/vendor/laravel/framework/src/Illuminate/View/Engines/PhpEngine.php(59): Illuminate\\View\\Engines\\CompilerEngine->handleViewException()
#1 /workspaces/lamastudio-website/lamaStudio-sms/vendor/laravel/framework/src/Illuminate/View/Engines/CompilerEngine.php(76): Illuminate\\View\\Engines\\PhpEngine->evaluatePath()
#2 /workspaces/lamastudio-website/lamaStudio-sms/vendor/laravel/framework/src/Illuminate/View/View.php(208): Illuminate\\View\\Engines\\CompilerEngine->get()
#3 /workspaces/lamastudio-website/lamaStudio-sms/vendor/laravel/framework/src/Illuminate/View/View.php(191): Illuminate\\View\\View->getContents()
#4 /workspaces/lamastudio-website/lamaStudio-sms/vendor/laravel/framework/src/Illuminate/View/View.php(160): Illuminate\\View\\View->renderContents()
#5 /workspaces/lamastudio-website/lamaStudio-sms/vendor/laravel/framework/src/Illuminate/Http/Response.php(82): Illuminate\\View\\View->render()
#6 /workspaces/lamastudio-website/lamaStudio-sms/vendor/laravel/framework/src/Illuminate/Http/Response.php(40): Illuminate\\Http\\Response->setContent()
#7 /workspaces/lamastudio-website/lamaStudio-sms/vendor/laravel/framework/src/Illuminate/Routing/Router.php(939): Illuminate\\Http\\Response->__construct()
#8 /workspaces/lamastudio-website/lamaStudio-sms/vendor/laravel/framework/src/Illuminate/Routing/Router.php(906): Illuminate\\Routing\\Router::toResponse()
#9 /workspaces/lamastudio-website/lamaStudio-sms/vendor/laravel/framework/src/Illuminate/Routing/Router.php(821): Illuminate\\Routing\\Router->prepareResponse()
#10 /workspaces/lamastudio-website/lamaStudio-sms/vendor/laravel/framework/src/Illuminate/Pipeline/Pipeline.php(180): Illuminate\\Routing\\Router->{closure:Illuminate\\Routing\\Router::runRouteWithinStack():821}()
#11 /workspaces/lamastudio-website/lamaStudio-sms/vendor/laravel/framework/src/Illuminate/Routing/Middleware/SubstituteBindings.php(52): Illuminate\\Pipeline\\Pipeline->{closure:Illuminate\\Pipeline\\Pipeline::prepareDestination():178}()
#12 /workspaces/lamastudio-website/lamaStudio-sms/vendor/laravel/framework/src/Illuminate/Pipeline/Pipeline.php(219): Illuminate\\Routing\\Middleware\\SubstituteBindings->handle()
#13 /workspaces/lamastudio-website/lamaStudio-sms/vendor/laravel/framework/src/Illuminate/Foundation/Http/Middleware/PreventRequestForgery.php(104): Illuminate\\Pipeline\\Pipeline->{closure:{closure:Illuminate\\Pipeline\\Pipeline::carry():194}:195}()
#14 /workspaces/lamastudio-website/lamaStudio-sms/vendor/laravel/framework/src/Illuminate/Pipeline/Pipeline.php(219): Illuminate\\Foundation\\Http\\Middleware\\PreventRequestForgery->handle()
#15 /workspaces/lamastudio-website/lamaStudio-sms/vendor/laravel/framework/src/Illuminate/View/Middleware/ShareErrorsFromSession.php(48): Illuminate\\Pipeline\\Pipeline->{closure:{closure:Illuminate\\Pipeline\\Pipeline::carry():194}:195}()
#16 /workspaces/lamastudio-website/lamaStudio-sms/vendor/laravel/framework/src/Illuminate/Pipeline/Pipeline.php(219): Illuminate\\View\\Middleware\\ShareErrorsFromSession->handle()
#17 /workspaces/lamastudio-website/lamaStudio-sms/vendor/laravel/framework/src/Illuminate/Session/Middleware/StartSession.php(120): Illuminate\\Pipeline\\Pipeline->{closure:{closure:Illuminate\\Pipeline\\Pipeline::carry():194}:195}()
#18 /workspaces/lamastudio-website/lamaStudio-sms/vendor/laravel/framework/src/Illuminate/Session/Middleware/StartSession.php(63): Illuminate\\Session\\Middleware\\StartSession->handleStatefulRequest()
#19 /workspaces/lamastudio-website/lamaStudio-sms/vendor/laravel/framework/src/Illuminate/Pipeline/Pipeline.php(219): Illuminate\\Session\\Middleware\\StartSession->handle()
#20 /workspaces/lamastudio-website/lamaStudio-sms/vendor/laravel/framework/src/Illuminate/Cookie/Middleware/AddQueuedCookiesToResponse.php(36): Illuminate\\Pipeline\\Pipeline->{closure:{closure:Illuminate\\Pipeline\\Pipeline::carry():194}:195}()
#21 /workspaces/lamastudio-website/lamaStudio-sms/vendor/laravel/framework/src/Illuminate/Pipeline/Pipeline.php(219): Illuminate\\Cookie\\Middleware\\AddQueuedCookiesToResponse->handle()
#22 /workspaces/lamastudio-website/lamaStudio-sms/vendor/laravel/framework/src/Illuminate/Cookie/Middleware/EncryptCookies.php(74): Illuminate\\Pipeline\\Pipeline->{closure:{closure:Illuminate\\Pipeline\\Pipeline::carry():194}:195}()
#23 /workspaces/lamastudio-website/lamaStudio-sms/vendor/laravel/framework/src/Illuminate/Pipeline/Pipeline.php(219): Illuminate\\Cookie\\Middleware\\EncryptCookies->handle()
#24 /workspaces/lamastudio-website/lamaStudio-sms/vendor/laravel/framework/src/Illuminate/Pipeline/Pipeline.php(137): Illuminate\\Pipeline\\Pipeline->{closure:{closure:Illuminate\\Pipeline\\Pipeline::carry():194}:195}()
#25 /workspaces/lamastudio-website/lamaStudio-sms/vendor/laravel/framework/src/Illuminate/Routing/Router.php(821): Illuminate\\Pipeline\\Pipeline->then()
#26 /workspaces/lamastudio-website/lamaStudio-sms/vendor/laravel/framework/src/Illuminate/Routing/Router.php(800): Illuminate\\Routing\\Router->runRouteWithinStack()
#27 /workspaces/lamastudio-website/lamaStudio-sms/vendor/laravel/framework/src/Illuminate/Routing/Router.php(764): Illuminate\\Routing\\Router->runRoute()
#28 /workspaces/lamastudio-website/lamaStudio-sms/vendor/laravel/framework/src/Illuminate/Routing/Router.php(753): Illuminate\\Routing\\Router->dispatchToRoute()
#29 /workspaces/lamastudio-website/lamaStudio-sms/vendor/laravel/framework/src/Illuminate/Foundation/Http/Kernel.php(200): Illuminate\\Routing\\Router->dispatch()
#30 /workspaces/lamastudio-website/lamaStudio-sms/vendor/laravel/framework/src/Illuminate/Pipeline/Pipeline.php(180): Illuminate\\Foundation\\Http\\Kernel->{closure:Illuminate\\Foundation\\Http\\Kernel::dispatchToRouter():197}()
#31 /workspaces/lamastudio-website/lamaStudio-sms/vendor/laravel/framework/src/Illuminate/Foundation/Http/Middleware/TransformsRequest.php(21): Illuminate\\Pipeline\\Pipeline->{closure:Illuminate\\Pipeline\\Pipeline::prepareDestination():178}()
#32 /workspaces/lamastudio-website/lamaStudio-sms/vendor/laravel/framework/src/Illuminate/Foundation/Http/Middleware/ConvertEmptyStringsToNull.php(31): Illuminate\\Foundation\\Http\\Middleware\\TransformsRequest->handle()
#33 /workspaces/lamastudio-website/lamaStudio-sms/vendor/laravel/framework/src/Illuminate/Pipeline/Pipeline.php(219): Illuminate\\Foundation\\Http\\Middleware\\ConvertEmptyStringsToNull->handle()
#34 /workspaces/lamastudio-website/lamaStudio-sms/vendor/laravel/framework/src/Illuminate/Foundation/Http/Middleware/TransformsRequest.php(21): Illuminate\\Pipeline\\Pipeline->{closure:{closure:Illuminate\\Pipeline\\Pipeline::carry():194}:195}()
#35 /workspaces/lamastudio-website/lamaStudio-sms/vendor/laravel/framework/src/Illuminate/Foundation/Http/Middleware/TrimStrings.php(51): Illuminate\\Foundation\\Http\\Middleware\\TransformsRequest->handle()
#36 /workspaces/lamastudio-website/lamaStudio-sms/vendor/laravel/framework/src/Illuminate/Pipeline/Pipeline.php(219): Illuminate\\Foundation\\Http\\Middleware\\TrimStrings->handle()
#37 /workspaces/lamastudio-website/lamaStudio-sms/vendor/laravel/framework/src/Illuminate/Http/Middleware/ValidatePostSize.php(27): Illuminate\\Pipeline\\Pipeline->{closure:{closure:Illuminate\\Pipeline\\Pipeline::carry():194}:195}()
#38 /workspaces/lamastudio-website/lamaStudio-sms/vendor/laravel/framework/src/Illuminate/Pipeline/Pipeline.php(219): Illuminate\\Http\\Middleware\\ValidatePostSize->handle()
#39 /workspaces/lamastudio-website/lamaStudio-sms/vendor/laravel/framework/src/Illuminate/Foundation/Http/Middleware/PreventRequestsDuringMaintenance.php(109): Illuminate\\Pipeline\\Pipeline->{closure:{closure:Illuminate\\Pipeline\\Pipeline::carry():194}:195}()
#40 /workspaces/lamastudio-website/lamaStudio-sms/vendor/laravel/framework/src/Illuminate/Pipeline/Pipeline.php(219): Illuminate\\Foundation\\Http\\Middleware\\PreventRequestsDuringMaintenance->handle()
#41 /workspaces/lamastudio-website/lamaStudio-sms/vendor/laravel/framework/src/Illuminate/Http/Middleware/HandleCors.php(61): Illuminate\\Pipeline\\Pipeline->{closure:{closure:Illuminate\\Pipeline\\Pipeline::carry():194}:195}()
#42 /workspaces/lamastudio-website/lamaStudio-sms/vendor/laravel/framework/src/Illuminate/Pipeline/Pipeline.php(219): Illuminate\\Http\\Middleware\\HandleCors->handle()
#43 /workspaces/lamastudio-website/lamaStudio-sms/vendor/laravel/framework/src/Illuminate/Http/Middleware/TrustProxies.php(58): Illuminate\\Pipeline\\Pipeline->{closure:{closure:Illuminate\\Pipeline\\Pipeline::carry():194}:195}()
#44 /workspaces/lamastudio-website/lamaStudio-sms/vendor/laravel/framework/src/Illuminate/Pipeline/Pipeline.php(219): Illuminate\\Http\\Middleware\\TrustProxies->handle()
#45 /workspaces/lamastudio-website/lamaStudio-sms/vendor/laravel/framework/src/Illuminate/Foundation/Http/Middleware/InvokeDeferredCallbacks.php(22): Illuminate\\Pipeline\\Pipeline->{closure:{closure:Illuminate\\Pipeline\\Pipeline::carry():194}:195}()
#46 /workspaces/lamastudio-website/lamaStudio-sms/vendor/laravel/framework/src/Illuminate/Pipeline/Pipeline.php(219): Illuminate\\Foundation\\Http\\Middleware\\InvokeDeferredCallbacks->handle()
#47 /workspaces/lamastudio-website/lamaStudio-sms/vendor/laravel/framework/src/Illuminate/Http/Middleware/ValidatePathEncoding.php(28): Illuminate\\Pipeline\\Pipeline->{closure:{closure:Illuminate\\Pipeline\\Pipeline::carry():194}:195}()
#48 /workspaces/lamastudio-website/lamaStudio-sms/vendor/laravel/framework/src/Illuminate/Pipeline/Pipeline.php(219): Illuminate\\Http\\Middleware\\ValidatePathEncoding->handle()
#49 /workspaces/lamastudio-website/lamaStudio-sms/vendor/laravel/framework/src/Illuminate/Pipeline/Pipeline.php(137): Illuminate\\Pipeline\\Pipeline->{closure:{closure:Illuminate\\Pipeline\\Pipeline::carry():194}:195}()
#50 /workspaces/lamastudio-website/lamaStudio-sms/vendor/laravel/framework/src/Illuminate/Foundation/Http/Kernel.php(175): Illuminate\\Pipeline\\Pipeline->then()
#51 /workspaces/lamastudio-website/lamaStudio-sms/vendor/laravel/framework/src/Illuminate/Foundation/Http/Kernel.php(144): Illuminate\\Foundation\\Http\\Kernel->sendRequestThroughRouter()
#52 /workspaces/lamastudio-website/lamaStudio-sms/vendor/laravel/framework/src/Illuminate/Foundation/Application.php(1227): Illuminate\\Foundation\\Http\\Kernel->handle()
#53 /workspaces/lamastudio-website/lamaStudio-sms/public/index.php(20): Illuminate\\Foundation\\Application->handleRequest()
#54 /workspaces/lamastudio-website/lamaStudio-sms/vendor/laravel/framework/src/Illuminate/Foundation/resources/server.php(23): require_once('...')
#55 {main}

[previous exception] [object] (InvalidArgumentException(code: 0): View [layouts.app] not found. at /workspaces/lamastudio-website/lamaStudio-sms/vendor/laravel/framework/src/Illuminate/View/FileViewFinder.php:138)
[stacktrace]
#0 /workspaces/lamastudio-website/lamaStudio-sms/vendor/laravel/framework/src/Illuminate/View/FileViewFinder.php(78): Illuminate\\View\\FileViewFinder->findInPaths()
#1 /workspaces/lamastudio-website/lamaStudio-sms/vendor/laravel/framework/src/Illuminate/View/Factory.php(150): Illuminate\\View\\FileViewFinder->find()
#2 /workspaces/lamastudio-website/lamaStudio-sms/storage/framework/views/69abb2b2ed6365d1fd8fb250d5524504.php(362): Illuminate\\View\\Factory->make()
#3 /workspaces/lamastudio-website/lamaStudio-sms/vendor/laravel/framework/src/Illuminate/Filesystem/Filesystem.php(123): require('...')
#4 /workspaces/lamastudio-website/lamaStudio-sms/vendor/laravel/framework/src/Illuminate/Filesystem/Filesystem.php(124): Illuminate\\Filesystem\\Filesystem::{closure:Illuminate\\Filesystem\\Filesystem::getRequire():120}()
#5 /workspaces/lamastudio-website/lamaStudio-sms/vendor/laravel/framework/src/Illuminate/View/Engines/PhpEngine.php(57): Illuminate\\Filesystem\\Filesystem->getRequire()
#6 /workspaces/lamastudio-website/lamaStudio-sms/vendor/laravel/framework/src/Illuminate/View/Engines/CompilerEngine.php(76): Illuminate\\View\\Engines\\PhpEngine->evaluatePath()
#7 /workspaces/lamastudio-website/lamaStudio-sms/vendor/laravel/framework/src/Illuminate/View/View.php(208): Illuminate\\View\\Engines\\CompilerEngine->get()
#8 /workspaces/lamastudio-website/lamaStudio-sms/vendor/laravel/framework/src/Illuminate/View/View.php(191): Illuminate\\View\\View->getContents()
#9 /workspaces/lamastudio-website/lamaStudio-sms/vendor/laravel/framework/src/Illuminate/View/View.php(160): Illuminate\\View\\View->renderContents()
#10 /workspaces/lamastudio-website/lamaStudio-sms/vendor/laravel/framework/src/Illuminate/Http/Response.php(82): Illuminate\\View\\View->render()
#11 /workspaces/lamastudio-website/lamaStudio-sms/vendor/laravel/framework/src/Illuminate/Http/Response.php(40): Illuminate\\Http\\Response->setContent()
#12 /workspaces/lamastudio-website/lamaStudio-sms/vendor/laravel/framework/src/Illuminate/Routing/Router.php(939): Illuminate\\Http\\Response->__construct()
#13 /workspaces/lamastudio-website/lamaStudio-sms/vendor/laravel/framework/src/Illuminate/Routing/Router.php(906): Illuminate\\Routing\\Router::toResponse()
#14 /workspaces/lamastudio-website/lamaStudio-sms/vendor/laravel/framework/src/Illuminate/Routing/Router.php(821): Illuminate\\Routing\\Router->prepareResponse()
#15 /workspaces/lamastudio-website/lamaStudio-sms/vendor/laravel/framework/src/Illuminate/Pipeline/Pipeline.php(180): Illuminate\\Routing\\Router->{closure:Illuminate\\Routing\\Router::runRouteWithinStack():821}()
#16 /workspaces/lamastudio-website/lamaStudio-sms/vendor/laravel/framework/src/Illuminate/Routing/Middleware/SubstituteBindings.php(52): Illuminate\\Pipeline\\Pipeline->{closure:Illuminate\\Pipeline\\Pipeline::prepareDestination():178}()
#17 /workspaces/lamastudio-website/lamaStudio-sms/vendor/laravel/framework/src/Illuminate/Pipeline/Pipeline.php(219): Illuminate\\Routing\\Middleware\\SubstituteBindings->handle()
#18 /workspaces/lamastudio-website/lamaStudio-sms/vendor/laravel/framework/src/Illuminate/Foundation/Http/Middleware/PreventRequestForgery.php(104): Illuminate\\Pipeline\\Pipeline->{closure:{closure:Illuminate\\Pipeline\\Pipeline::carry():194}:195}()
#19 /workspaces/lamastudio-website/lamaStudio-sms/vendor/laravel/framework/src/Illuminate/Pipeline/Pipeline.php(219): Illuminate\\Foundation\\Http\\Middleware\\PreventRequestForgery->handle()
#20 /workspaces/lamastudio-website/lamaStudio-sms/vendor/laravel/framework/src/Illuminate/View/Middleware/ShareErrorsFromSession.php(48): Illuminate\\Pipeline\\Pipeline->{closure:{closure:Illuminate\\Pipeline\\Pipeline::carry():194}:195}()
#21 /workspaces/lamastudio-website/lamaStudio-sms/vendor/laravel/framework/src/Illuminate/Pipeline/Pipeline.php(219): Illuminate\\View\\Middleware\\ShareErrorsFromSession->handle()
#22 /workspaces/lamastudio-website/lamaStudio-sms/vendor/laravel/framework/src/Illuminate/Session/Middleware/StartSession.php(120): Illuminate\\Pipeline\\Pipeline->{closure:{closure:Illuminate\\Pipeline\\Pipeline::carry():194}:195}()
#23 /workspaces/lamastudio-website/lamaStudio-sms/vendor/laravel/framework/src/Illuminate/Session/Middleware/StartSession.php(63): Illuminate\\Session\\Middleware\\StartSession->handleStatefulRequest()
#24 /workspaces/lamastudio-website/lamaStudio-sms/vendor/laravel/framework/src/Illuminate/Pipeline/Pipeline.php(219): Illuminate\\Session\\Middleware\\StartSession->handle()
#25 /workspaces/lamastudio-website/lamaStudio-sms/vendor/laravel/framework/src/Illuminate/Cookie/Middleware/AddQueuedCookiesToResponse.php(36): Illuminate\\Pipeline\\Pipeline->{closure:{closure:Illuminate\\Pipeline\\Pipeline::carry():194}:195}()
#26 /workspaces/lamastudio-website/lamaStudio-sms/vendor/laravel/framework/src/Illuminate/Pipeline/Pipeline.php(219): Illuminate\\Cookie\\Middleware\\AddQueuedCookiesToResponse->handle()
#27 /workspaces/lamastudio-website/lamaStudio-sms/vendor/laravel/framework/src/Illuminate/Cookie/Middleware/EncryptCookies.php(74): Illuminate\\Pipeline\\Pipeline->{closure:{closure:Illuminate\\Pipeline\\Pipeline::carry():194}:195}()
#28 /workspaces/lamastudio-website/lamaStudio-sms/vendor/laravel/framework/src/Illuminate/Pipeline/Pipeline.php(219): Illuminate\\Cookie\\Middleware\\EncryptCookies->handle()
#29 /workspaces/lamastudio-website/lamaStudio-sms/vendor/laravel/framework/src/Illuminate/Pipeline/Pipeline.php(137): Illuminate\\Pipeline\\Pipeline->{closure:{closure:Illuminate\\Pipeline\\Pipeline::carry():194}:195}()
#30 /workspaces/lamastudio-website/lamaStudio-sms/vendor/laravel/framework/src/Illuminate/Routing/Router.php(821): Illuminate\\Pipeline\\Pipeline->then()
#31 /workspaces/lamastudio-website/lamaStudio-sms/vendor/laravel/framework/src/Illuminate/Routing/Router.php(800): Illuminate\\Routing\\Router->runRouteWithinStack()
#32 /workspaces/lamastudio-website/lamaStudio-sms/vendor/laravel/framework/src/Illuminate/Routing/Router.php(764): Illuminate\\Routing\\Router->runRoute()
#33 /workspaces/lamastudio-website/lamaStudio-sms/vendor/laravel/framework/src/Illuminate/Routing/Router.php(753): Illuminate\\Routing\\Router->dispatchToRoute()
#34 /workspaces/lamastudio-website/lamaStudio-sms/vendor/laravel/framework/src/Illuminate/Foundation/Http/Kernel.php(200): Illuminate\\Routing\\Router->dispatch()
#35 /workspaces/lamastudio-website/lamaStudio-sms/vendor/laravel/framework/src/Illuminate/Pipeline/Pipeline.php(180): Illuminate\\Foundation\\Http\\Kernel->{closure:Illuminate\\Foundation\\Http\\Kernel::dispatchToRouter():197}()
#36 /workspaces/lamastudio-website/lamaStudio-sms/vendor/laravel/framework/src/Illuminate/Foundation/Http/Middleware/TransformsRequest.php(21): Illuminate\\Pipeline\\Pipeline->{closure:Illuminate\\Pipeline\\Pipeline::prepareDestination():178}()
#37 /workspaces/lamastudio-website/lamaStudio-sms/vendor/laravel/framework/src/Illuminate/Foundation/Http/Middleware/ConvertEmptyStringsToNull.php(31): Illuminate\\Foundation\\Http\\Middleware\\TransformsRequest->handle()
#38 /workspaces/lamastudio-website/lamaStudio-sms/vendor/laravel/framework/src/Illuminate/Pipeline/Pipeline.php(219): Illuminate\\Foundation\\Http\\Middleware\\ConvertEmptyStringsToNull->handle()
#39 /workspaces/lamastudio-website/lamaStudio-sms/vendor/laravel/framework/src/Illuminate/Foundation/Http/Middleware/TransformsRequest.php(21): Illuminate\\Pipeline\\Pipeline->{closure:{closure:Illuminate\\Pipeline\\Pipeline::carry():194}:195}()
#40 /workspaces/lamastudio-website/lamaStudio-sms/vendor/laravel/framework/src/Illuminate/Foundation/Http/Middleware/TrimStrings.php(51): Illuminate\\Foundation\\Http\\Middleware\\TransformsRequest->handle()
#41 /workspaces/lamastudio-website/lamaStudio-sms/vendor/laravel/framework/src/Illuminate/Pipeline/Pipeline.php(219): Illuminate\\Foundation\\Http\\Middleware\\TrimStrings->handle()
#42 /workspaces/lamastudio-website/lamaStudio-sms/vendor/laravel/framework/src/Illuminate/Http/Middleware/ValidatePostSize.php(27): Illuminate\\Pipeline\\Pipeline->{closure:{closure:Illuminate\\Pipeline\\Pipeline::carry():194}:195}()
#43 /workspaces/lamastudio-website/lamaStudio-sms/vendor/laravel/framework/src/Illuminate/Pipeline/Pipeline.php(219): Illuminate\\Http\\Middleware\\ValidatePostSize->handle()
#44 /workspaces/lamastudio-website/lamaStudio-sms/vendor/laravel/framework/src/Illuminate/Foundation/Http/Middleware/PreventRequestsDuringMaintenance.php(109): Illuminate\\Pipeline\\Pipeline->{closure:{closure:Illuminate\\Pipeline\\Pipeline::carry():194}:195}()
#45 /workspaces/lamastudio-website/lamaStudio-sms/vendor/laravel/framework/src/Illuminate/Pipeline/Pipeline.php(219): Illuminate\\Foundation\\Http\\Middleware\\PreventRequestsDuringMaintenance->handle()
#46 /workspaces/lamastudio-website/lamaStudio-sms/vendor/laravel/framework/src/Illuminate/Http/Middleware/HandleCors.php(61): Illuminate\\Pipeline\\Pipeline->{closure:{closure:Illuminate\\Pipeline\\Pipeline::carry():194}:195}()
#47 /workspaces/lamastudio-website/lamaStudio-sms/vendor/laravel/framework/src/Illuminate/Pipeline/Pipeline.php(219): Illuminate\\Http\\Middleware\\HandleCors->handle()
#48 /workspaces/lamastudio-website/lamaStudio-sms/vendor/laravel/framework/src/Illuminate/Http/Middleware/TrustProxies.php(58): Illuminate\\Pipeline\\Pipeline->{closure:{closure:Illuminate\\Pipeline\\Pipeline::carry():194}:195}()
#49 /workspaces/lamastudio-website/lamaStudio-sms/vendor/laravel/framework/src/Illuminate/Pipeline/Pipeline.php(219): Illuminate\\Http\\Middleware\\TrustProxies->handle()
#50 /workspaces/lamastudio-website/lamaStudio-sms/vendor/laravel/framework/src/Illuminate/Foundation/Http/Middleware/InvokeDeferredCallbacks.php(22): Illuminate\\Pipeline\\Pipeline->{closure:{closure:Illuminate\\Pipeline\\Pipeline::carry():194}:195}()
#51 /workspaces/lamastudio-website/lamaStudio-sms/vendor/laravel/framework/src/Illuminate/Pipeline/Pipeline.php(219): Illuminate\\Foundation\\Http\\Middleware\\InvokeDeferredCallbacks->handle()
#52 /workspaces/lamastudio-website/lamaStudio-sms/vendor/laravel/framework/src/Illuminate/Http/Middleware/ValidatePathEncoding.php(28): Illuminate\\Pipeline\\Pipeline->{closure:{closure:Illuminate\\Pipeline\\Pipeline::carry():194}:195}()
#53 /workspaces/lamastudio-website/lamaStudio-sms/vendor/laravel/framework/src/Illuminate/Pipeline/Pipeline.php(219): Illuminate\\Http\\Middleware\\ValidatePathEncoding->handle()
#54 /workspaces/lamastudio-website/lamaStudio-sms/vendor/laravel/framework/src/Illuminate/Pipeline/Pipeline.php(137): Illuminate\\Pipeline\\Pipeline->{closure:{closure:Illuminate\\Pipeline\\Pipeline::carry():194}:195}()
#55 /workspaces/lamastudio-website/lamaStudio-sms/vendor/laravel/framework/src/Illuminate/Foundation/Http/Kernel.php(175): Illuminate\\Pipeline\\Pipeline->then()
#56 /workspaces/lamastudio-website/lamaStudio-sms/vendor/laravel/framework/src/Illuminate/Foundation/Http/Kernel.php(144): Illuminate\\Foundation\\Http\\Kernel->sendRequestThroughRouter()
#57 /workspaces/lamastudio-website/lamaStudio-sms/vendor/laravel/framework/src/Illuminate/Foundation/Application.php(1227): Illuminate\\Foundation\\Http\\Kernel->handle()
#58 /workspaces/lamastudio-website/lamaStudio-sms/public/index.php(20): Illuminate\\Foundation\\Application->handleRequest()
#59 /workspaces/lamastudio-website/lamaStudio-sms/vendor/laravel/framework/src/Illuminate/Foundation/resources/server.php(23): require_once('...')
#60 {main}
"} 
[2026-08-07 06:30:06] local.ERROR: The [pcntl] extension is required to run Pail. {"exception":"[object] (RuntimeException(code: 0): The [pcntl] extension is required to run Pail. at /workspaces/lamastudio-website/lamaStudio-sms/vendor/laravel/pail/src/Guards/EnsurePcntlIsAvailable.php:15)
[stacktrace]
#0 /workspaces/lamastudio-website/lamaStudio-sms/vendor/laravel/pail/src/Console/Commands/PailCommand.php(46): Laravel\\Pail\\Guards\\EnsurePcntlIsAvailable::check()
#1 /workspaces/lamastudio-website/lamaStudio-sms/vendor/laravel/framework/src/Illuminate/Container/BoundMethod.php(36): Laravel\\Pail\\Console\\Commands\\PailCommand->handle()
#2 /workspaces/lamastudio-website/lamaStudio-sms/vendor/laravel/framework/src/Illuminate/Container/Util.php(43): Illuminate\\Container\\BoundMethod::{closure:Illuminate\\Container\\BoundMethod::call():35}()
#3 /workspaces/lamastudio-website/lamaStudio-sms/vendor/laravel/framework/src/Illuminate/Container/BoundMethod.php(96): Illuminate\\Container\\Util::unwrapIfClosure()
#4 /workspaces/lamastudio-website/lamaStudio-sms/vendor/laravel/framework/src/Illuminate/Container/BoundMethod.php(35): Illuminate\\Container\\BoundMethod::callBoundMethod()
#5 /workspaces/lamastudio-website/lamaStudio-sms/vendor/laravel/framework/src/Illuminate/Container/Container.php(800): Illuminate\\Container\\BoundMethod::call()
#6 /workspaces/lamastudio-website/lamaStudio-sms/vendor/laravel/framework/src/Illuminate/Console/Command.php(280): Illuminate\\Container\\Container->call()
#7 /workspaces/lamastudio-website/lamaStudio-sms/vendor/symfony/console/Command/Command.php(284): Illuminate\\Console\\Command->execute()
#8 /workspaces/lamastudio-website/lamaStudio-sms/vendor/laravel/framework/src/Illuminate/Console/Command.php(249): Symfony\\Component\\Console\\Command\\Command->run()
#9 /workspaces/lamastudio-website/lamaStudio-sms/vendor/symfony/console/Application.php(1144): Illuminate\\Console\\Command->run()
#10 /workspaces/lamastudio-website/lamaStudio-sms/vendor/symfony/console/Application.php(379): Symfony\\Component\\Console\\Application->doRunCommand()
#11 /workspaces/lamastudio-website/lamaStudio-sms/vendor/symfony/console/Application.php(218): Symfony\\Component\\Console\\Application->doRun()
#12 /workspaces/lamastudio-website/lamaStudio-sms/vendor/laravel/framework/src/Illuminate/Foundation/Console/Kernel.php(198): Symfony\\Component\\Console\\Application->run()
#13 /workspaces/lamastudio-website/lamaStudio-sms/vendor/laravel/framework/src/Illuminate/Foundation/Application.php(1242): Illuminate\\Foundation\\Console\\Kernel->handle()
#14 /workspaces/lamastudio-website/lamaStudio-sms/artisan(16): Illuminate\\Foundation\\Application->handleCommand()
#15 {main}
"} 
[2026-08-07 06:31:23] local.ERROR: The "--compact" option does not exist. {"exception":"[object] (Symfony\\Component\\Console\\Exception\\RuntimeException(code: 0): The \"--compact\" option does not exist. at /workspaces/lamastudio-website/lamaStudio-sms/vendor/symfony/console/Input/ArgvInput.php:226)
[stacktrace]
#0 /workspaces/lamastudio-website/lamaStudio-sms/vendor/symfony/console/Input/ArgvInput.php(155): Symfony\\Component\\Console\\Input\\ArgvInput->addLongOption()
#1 /workspaces/lamastudio-website/lamaStudio-sms/vendor/symfony/console/Input/ArgvInput.php(88): Symfony\\Component\\Console\\Input\\ArgvInput->parseLongOption()
#2 /workspaces/lamastudio-website/lamaStudio-sms/vendor/symfony/console/Input/ArgvInput.php(77): Symfony\\Component\\Console\\Input\\ArgvInput->parseToken()
#3 /workspaces/lamastudio-website/lamaStudio-sms/vendor/symfony/console/Input/Input.php(53): Symfony\\Component\\Console\\Input\\ArgvInput->parse()
#4 /workspaces/lamastudio-website/lamaStudio-sms/vendor/symfony/console/Command/Command.php(238): Symfony\\Component\\Console\\Input\\Input->bind()
#5 /workspaces/lamastudio-website/lamaStudio-sms/vendor/laravel/framework/src/Illuminate/Console/Command.php(249): Symfony\\Component\\Console\\Command\\Command->run()
#6 /workspaces/lamastudio-website/lamaStudio-sms/vendor/symfony/console/Application.php(1144): Illuminate\\Console\\Command->run()
#7 /workspaces/lamastudio-website/lamaStudio-sms/vendor/symfony/console/Application.php(379): Symfony\\Component\\Console\\Application->doRunCommand()
#8 /workspaces/lamastudio-website/lamaStudio-sms/vendor/symfony/console/Application.php(218): Symfony\\Component\\Console\\Application->doRun()
#9 /workspaces/lamastudio-website/lamaStudio-sms/vendor/laravel/framework/src/Illuminate/Foundation/Console/Kernel.php(198): Symfony\\Component\\Console\\Application->run()
#10 /workspaces/lamastudio-website/lamaStudio-sms/vendor/laravel/framework/src/Illuminate/Foundation/Application.php(1242): Illuminate\\Foundation\\Console\\Kernel->handle()
#11 /workspaces/lamastudio-website/lamaStudio-sms/artisan(16): Illuminate\\Foundation\\Application->handleCommand()
#12 {main}
"} 
[2026-08-07 06:42:25] local.ERROR: syntax error, unexpected token ":", expecting "(" (View: /workspaces/lamastudio-website/lamaStudio-sms/resources/views/id-cards/index.blade.php) {"exception":"[object] (Illuminate\\View\\ViewException(code: 0): syntax error, unexpected token \":\", expecting \"(\" (View: /workspaces/lamastudio-website/lamaStudio-sms/resources/views/id-cards/index.blade.php) at /workspaces/lamastudio-website/lamaStudio-sms/storage/framework/views/44202efd51af79fbce8df9e4d77296e0.php:105)
[stacktrace]
#0 /workspaces/lamastudio-website/lamaStudio-sms/vendor/laravel/framework/src/Illuminate/View/Engines/PhpEngine.php(59): Illuminate\\View\\Engines\\CompilerEngine->handleViewException()
#1 /workspaces/lamastudio-website/lamaStudio-sms/vendor/laravel/framework/src/Illuminate/View/Engines/CompilerEngine.php(76): Illuminate\\View\\Engines\\PhpEngine->evaluatePath()
#2 /workspaces/lamastudio-website/lamaStudio-sms/vendor/laravel/framework/src/Illuminate/View/View.php(208): Illuminate\\View\\Engines\\CompilerEngine->get()
#3 /workspaces/lamastudio-website/lamaStudio-sms/vendor/laravel/framework/src/Illuminate/View/View.php(191): Illuminate\\View\\View->getContents()
#4 /workspaces/lamastudio-website/lamaStudio-sms/vendor/laravel/framework/src/Illuminate/View/View.php(160): Illuminate\\View\\View->renderContents()
#5 /workspaces/lamastudio-website/lamaStudio-sms/vendor/laravel/framework/src/Illuminate/Http/Response.php(82): Illuminate\\View\\View->render()
#6 /workspaces/lamastudio-website/lamaStudio-sms/vendor/laravel/framework/src/Illuminate/Http/Response.php(40): Illuminate\\Http\\Response->setContent()
#7 /workspaces/lamastudio-website/lamaStudio-sms/vendor/laravel/framework/src/Illuminate/Routing/Router.php(939): Illuminate\\Http\\Response->__construct()
#8 /workspaces/lamastudio-website/lamaStudio-sms/vendor/laravel/framework/src/Illuminate/Routing/Router.php(906): Illuminate\\Routing\\Router::toResponse()
#9 /workspaces/lamastudio-website/lamaStudio-sms/vendor/laravel/framework/src/Illuminate/Routing/Router.php(821): Illuminate\\Routing\\Router->prepareResponse()
#10 /workspaces/lamastudio-website/lamaStudio-sms/vendor/laravel/framework/src/Illuminate/Pipeline/Pipeline.php(180): Illuminate\\Routing\\Router->{closure:Illuminate\\Routing\\Router::runRouteWithinStack():821}()
#11 /workspaces/lamastudio-website/lamaStudio-sms/vendor/laravel/framework/src/Illuminate/Routing/Middleware/SubstituteBindings.php(52): Illuminate\\Pipeline\\Pipeline->{closure:Illuminate\\Pipeline\\Pipeline::prepareDestination():178}()
#12 /workspaces/lamastudio-website/lamaStudio-sms/vendor/laravel/framework/src/Illuminate/Pipeline/Pipeline.php(219): Illuminate\\Routing\\Middleware\\SubstituteBindings->handle()
#13 /workspaces/lamastudio-website/lamaStudio-sms/vendor/laravel/framework/src/Illuminate/Foundation/Http/Middleware/PreventRequestForgery.php(104): Illuminate\\Pipeline\\Pipeline->{closure:{closure:Illuminate\\Pipeline\\Pipeline::carry():194}:195}()
#14 /workspaces/lamastudio-website/lamaStudio-sms/vendor/laravel/framework/src/Illuminate/Pipeline/Pipeline.php(219): Illuminate\\Foundation\\Http\\Middleware\\PreventRequestForgery->handle()
#15 /workspaces/lamastudio-website/lamaStudio-sms/vendor/laravel/framework/src/Illuminate/View/Middleware/ShareErrorsFromSession.php(48): Illuminate\\Pipeline\\Pipeline->{closure:{closure:Illuminate\\Pipeline\\Pipeline::carry():194}:195}()
#16 /workspaces/lamastudio-website/lamaStudio-sms/vendor/laravel/framework/src/Illuminate/Pipeline/Pipeline.php(219): Illuminate\\View\\Middleware\\ShareErrorsFromSession->handle()
#17 /workspaces/lamastudio-website/lamaStudio-sms/vendor/laravel/framework/src/Illuminate/Session/Middleware/StartSession.php(120): Illuminate\\Pipeline\\Pipeline->{closure:{closure:Illuminate\\Pipeline\\Pipeline::carry():194}:195}()
#18 /workspaces/lamastudio-website/lamaStudio-sms/vendor/laravel/framework/src/Illuminate/Session/Middleware/StartSession.php(63): Illuminate\\Session\\Middleware\\StartSession->handleStatefulRequest()
#19 /workspaces/lamastudio-website/lamaStudio-sms/vendor/laravel/framework/src/Illuminate/Pipeline/Pipeline.php(219): Illuminate\\Session\\Middleware\\StartSession->handle()
#20 /workspaces/lamastudio-website/lamaStudio-sms/vendor/laravel/framework/src/Illuminate/Cookie/Middleware/AddQueuedCookiesToResponse.php(36): Illuminate\\Pipeline\\Pipeline->{closure:{closure:Illuminate\\Pipeline\\Pipeline::carry():194}:195}()
#21 /workspaces/lamastudio-website/lamaStudio-sms/vendor/laravel/framework/src/Illuminate/Pipeline/Pipeline.php(219): Illuminate\\Cookie\\Middleware\\AddQueuedCookiesToResponse->handle()
#22 /workspaces/lamastudio-website/lamaStudio-sms/vendor/laravel/framework/src/Illuminate/Cookie/Middleware/EncryptCookies.php(74): Illuminate\\Pipeline\\Pipeline->{closure:{closure:Illuminate\\Pipeline\\Pipeline::carry():194}:195}()
#23 /workspaces/lamastudio-website/lamaStudio-sms/vendor/laravel/framework/src/Illuminate/Pipeline/Pipeline.php(219): Illuminate\\Cookie\\Middleware\\EncryptCookies->handle()
#24 /workspaces/lamastudio-website/lamaStudio-sms/vendor/laravel/framework/src/Illuminate/Pipeline/Pipeline.php(137): Illuminate\\Pipeline\\Pipeline->{closure:{closure:Illuminate\\Pipeline\\Pipeline::carry():194}:195}()
#25 /workspaces/lamastudio-website/lamaStudio-sms/vendor/laravel/framework/src/Illuminate/Routing/Router.php(821): Illuminate\\Pipeline\\Pipeline->then()
#26 /workspaces/lamastudio-website/lamaStudio-sms/vendor/laravel/framework/src/Illuminate/Routing/Router.php(800): Illuminate\\Routing\\Router->runRouteWithinStack()
#27 /workspaces/lamastudio-website/lamaStudio-sms/vendor/laravel/framework/src/Illuminate/Routing/Router.php(764): Illuminate\\Routing\\Router->runRoute()
#28 /workspaces/lamastudio-website/lamaStudio-sms/vendor/laravel/framework/src/Illuminate/Routing/Router.php(753): Illuminate\\Routing\\Router->dispatchToRoute()
#29 /workspaces/lamastudio-website/lamaStudio-sms/vendor/laravel/framework/src/Illuminate/Foundation/Http/Kernel.php(200): Illuminate\\Routing\\Router->dispatch()
#30 /workspaces/lamastudio-website/lamaStudio-sms/vendor/laravel/framework/src/Illuminate/Pipeline/Pipeline.php(180): Illuminate\\Foundation\\Http\\Kernel->{closure:Illuminate\\Foundation\\Http\\Kernel::dispatchToRouter():197}()
#31 /workspaces/lamastudio-website/lamaStudio-sms/vendor/laravel/framework/src/Illuminate/Foundation/Http/Middleware/TransformsRequest.php(21): Illuminate\\Pipeline\\Pipeline->{closure:Illuminate\\Pipeline\\Pipeline::prepareDestination():178}()
#32 /workspaces/lamastudio-website/lamaStudio-sms/vendor/laravel/framework/src/Illuminate/Foundation/Http/Middleware/ConvertEmptyStringsToNull.php(31): Illuminate\\Foundation\\Http\\Middleware\\TransformsRequest->handle()
#33 /workspaces/lamastudio-website/lamaStudio-sms/vendor/laravel/framework/src/Illuminate/Pipeline/Pipeline.php(219): Illuminate\\Foundation\\Http\\Middleware\\ConvertEmptyStringsToNull->handle()
#34 /workspaces/lamastudio-website/lamaStudio-sms/vendor/laravel/framework/src/Illuminate/Foundation/Http/Middleware/TransformsRequest.php(21): Illuminate\\Pipeline\\Pipeline->{closure:{closure:Illuminate\\Pipeline\\Pipeline::carry():194}:195}()
#35 /workspaces/lamastudio-website/lamaStudio-sms/vendor/laravel/framework/src/Illuminate/Foundation/Http/Middleware/TrimStrings.php(51): Illuminate\\Foundation\\Http\\Middleware\\TransformsRequest->handle()
#36 /workspaces/lamastudio-website/lamaStudio-sms/vendor/laravel/framework/src/Illuminate/Pipeline/Pipeline.php(219): Illuminate\\Foundation\\Http\\Middleware\\TrimStrings->handle()
#37 /workspaces/lamastudio-website/lamaStudio-sms/vendor/laravel/framework/src/Illuminate/Http/Middleware/ValidatePostSize.php(27): Illuminate\\Pipeline\\Pipeline->{closure:{closure:Illuminate\\Pipeline\\Pipeline::carry():194}:195}()
#38 /workspaces/lamastudio-website/lamaStudio-sms/vendor/laravel/framework/src/Illuminate/Pipeline/Pipeline.php(219): Illuminate\\Http\\Middleware\\ValidatePostSize->handle()
#39 /workspaces/lamastudio-website/lamaStudio-sms/vendor/laravel/framework/src/Illuminate/Foundation/Http/Middleware/PreventRequestsDuringMaintenance.php(109): Illuminate\\Pipeline\\Pipeline->{closure:{closure:Illuminate\\Pipeline\\Pipeline::carry():194}:195}()
#40 /workspaces/lamastudio-website/lamaStudio-sms/vendor/laravel/framework/src/Illuminate/Pipeline/Pipeline.php(219): Illuminate\\Foundation\\Http\\Middleware\\PreventRequestsDuringMaintenance->handle()
#41 /workspaces/lamastudio-website/lamaStudio-sms/vendor/laravel/framework/src/Illuminate/Http/Middleware/HandleCors.php(61): Illuminate\\Pipeline\\Pipeline->{closure:{closure:Illuminate\\Pipeline\\Pipeline::carry():194}:195}()
#42 /workspaces/lamastudio-website/lamaStudio-sms/vendor/laravel/framework/src/Illuminate/Pipeline/Pipeline.php(219): Illuminate\\Http\\Middleware\\HandleCors->handle()
#43 /workspaces/lamastudio-website/lamaStudio-sms/vendor/laravel/framework/src/Illuminate/Http/Middleware/TrustProxies.php(58): Illuminate\\Pipeline\\Pipeline->{closure:{closure:Illuminate\\Pipeline\\Pipeline::carry():194}:195}()
#44 /workspaces/lamastudio-website/lamaStudio-sms/vendor/laravel/framework/src/Illuminate/Pipeline/Pipeline.php(219): Illuminate\\Http\\Middleware\\TrustProxies->handle()
#45 /workspaces/lamastudio-website/lamaStudio-sms/vendor/laravel/framework/src/Illuminate/Foundation/Http/Middleware/InvokeDeferredCallbacks.php(22): Illuminate\\Pipeline\\Pipeline->{closure:{closure:Illuminate\\Pipeline\\Pipeline::carry():194}:195}()
#46 /workspaces/lamastudio-website/lamaStudio-sms/vendor/laravel/framework/src/Illuminate/Pipeline/Pipeline.php(219): Illuminate\\Foundation\\Http\\Middleware\\InvokeDeferredCallbacks->handle()
#47 /workspaces/lamastudio-website/lamaStudio-sms/vendor/laravel/framework/src/Illuminate/Http/Middleware/ValidatePathEncoding.php(28): Illuminate\\Pipeline\\Pipeline->{closure:{closure:Illuminate\\Pipeline\\Pipeline::carry():194}:195}()
#48 /workspaces/lamastudio-website/lamaStudio-sms/vendor/laravel/framework/src/Illuminate/Pipeline/Pipeline.php(219): Illuminate\\Http\\Middleware\\ValidatePathEncoding->handle()
#49 /workspaces/lamastudio-website/lamaStudio-sms/vendor/laravel/framework/src/Illuminate/Pipeline/Pipeline.php(137): Illuminate\\Pipeline\\Pipeline->{closure:{closure:Illuminate\\Pipeline\\Pipeline::carry():194}:195}()
#50 /workspaces/lamastudio-website/lamaStudio-sms/vendor/laravel/framework/src/Illuminate/Foundation/Http/Kernel.php(175): Illuminate\\Pipeline\\Pipeline->then()
#51 /workspaces/lamastudio-website/lamaStudio-sms/vendor/laravel/framework/src/Illuminate/Foundation/Http/Kernel.php(144): Illuminate\\Foundation\\Http\\Kernel->sendRequestThroughRouter()
#52 /workspaces/lamastudio-website/lamaStudio-sms/vendor/laravel/framework/src/Illuminate/Foundation/Application.php(1227): Illuminate\\Foundation\\Http\\Kernel->handle()
#53 /workspaces/lamastudio-website/lamaStudio-sms/public/index.php(20): Illuminate\\Foundation\\Application->handleRequest()
#54 /workspaces/lamastudio-website/lamaStudio-sms/vendor/laravel/framework/src/Illuminate/Foundation/resources/server.php(23): require_once('...')
#55 {main}

[previous exception] [object] (ParseError(code: 0): syntax error, unexpected token \":\", expecting \"(\" at /workspaces/lamastudio-website/lamaStudio-sms/storage/framework/views/44202efd51af79fbce8df9e4d77296e0.php:105)
[stacktrace]
#0 /workspaces/lamastudio-website/lamaStudio-sms/vendor/laravel/framework/src/Illuminate/Filesystem/Filesystem.php(124): Illuminate\\Filesystem\\Filesystem::{closure:Illuminate\\Filesystem\\Filesystem::getRequire():120}()
#1 /workspaces/lamastudio-website/lamaStudio-sms/vendor/laravel/framework/src/Illuminate/View/Engines/PhpEngine.php(57): Illuminate\\Filesystem\\Filesystem->getRequire()
#2 /workspaces/lamastudio-website/lamaStudio-sms/vendor/laravel/framework/src/Illuminate/View/Engines/CompilerEngine.php(76): Illuminate\\View\\Engines\\PhpEngine->evaluatePath()
#3 /workspaces/lamastudio-website/lamaStudio-sms/vendor/laravel/framework/src/Illuminate/View/View.php(208): Illuminate\\View\\Engines\\CompilerEngine->get()
#4 /workspaces/lamastudio-website/lamaStudio-sms/vendor/laravel/framework/src/Illuminate/View/View.php(191): Illuminate\\View\\View->getContents()
#5 /workspaces/lamastudio-website/lamaStudio-sms/vendor/laravel/framework/src/Illuminate/View/View.php(160): Illuminate\\View\\View->renderContents()
#6 /workspaces/lamastudio-website/lamaStudio-sms/vendor/laravel/framework/src/Illuminate/Http/Response.php(82): Illuminate\\View\\View->render()
#7 /workspaces/lamastudio-website/lamaStudio-sms/vendor/laravel/framework/src/Illuminate/Http/Response.php(40): Illuminate\\Http\\Response->setContent()
#8 /workspaces/lamastudio-website/lamaStudio-sms/vendor/laravel/framework/src/Illuminate/Routing/Router.php(939): Illuminate\\Http\\Response->__construct()
#9 /workspaces/lamastudio-website/lamaStudio-sms/vendor/laravel/framework/src/Illuminate/Routing/Router.php(906): Illuminate\\Routing\\Router::toResponse()
#10 /workspaces/lamastudio-website/lamaStudio-sms/vendor/laravel/framework/src/Illuminate/Routing/Router.php(821): Illuminate\\Routing\\Router->prepareResponse()
#11 /workspaces/lamastudio-website/lamaStudio-sms/vendor/laravel/framework/src/Illuminate/Pipeline/Pipeline.php(180): Illuminate\\Routing\\Router->{closure:Illuminate\\Routing\\Router::runRouteWithinStack():821}()
#12 /workspaces/lamastudio-website/lamaStudio-sms/vendor/laravel/framework/src/Illuminate/Routing/Middleware/SubstituteBindings.php(52): Illuminate\\Pipeline\\Pipeline->{closure:Illuminate\\Pipeline\\Pipeline::prepareDestination():178}()
#13 /workspaces/lamastudio-website/lamaStudio-sms/vendor/laravel/framework/src/Illuminate/Pipeline/Pipeline.php(219): Illuminate\\Routing\\Middleware\\SubstituteBindings->handle()
#14 /workspaces/lamastudio-website/lamaStudio-sms/vendor/laravel/framework/src/Illuminate/Foundation/Http/Middleware/PreventRequestForgery.php(104): Illuminate\\Pipeline\\Pipeline->{closure:{closure:Illuminate\\Pipeline\\Pipeline::carry():194}:195}()
#15 /workspaces/lamastudio-website/lamaStudio-sms/vendor/laravel/framework/src/Illuminate/Pipeline/Pipeline.php(219): Illuminate\\Foundation\\Http\\Middleware\\PreventRequestForgery->handle()
#16 /workspaces/lamastudio-website/lamaStudio-sms/vendor/laravel/framework/src/Illuminate/View/Middleware/ShareErrorsFromSession.php(48): Illuminate\\Pipeline\\Pipeline->{closure:{closure:Illuminate\\Pipeline\\Pipeline::carry():194}:195}()
#17 /workspaces/lamastudio-website/lamaStudio-sms/vendor/laravel/framework/src/Illuminate/Pipeline/Pipeline.php(219): Illuminate\\View\\Middleware\\ShareErrorsFromSession->handle()
#18 /workspaces/lamastudio-website/lamaStudio-sms/vendor/laravel/framework/src/Illuminate/Session/Middleware/StartSession.php(120): Illuminate\\Pipeline\\Pipeline->{closure:{closure:Illuminate\\Pipeline\\Pipeline::carry():194}:195}()
#19 /workspaces/lamastudio-website/lamaStudio-sms/vendor/laravel/framework/src/Illuminate/Session/Middleware/StartSession.php(63): Illuminate\\Session\\Middleware\\StartSession->handleStatefulRequest()
#20 /workspaces/lamastudio-website/lamaStudio-sms/vendor/laravel/framework/src/Illuminate/Pipeline/Pipeline.php(219): Illuminate\\Session\\Middleware\\StartSession->handle()
#21 /workspaces/lamastudio-website/lamaStudio-sms/vendor/laravel/framework/src/Illuminate/Cookie/Middleware/AddQueuedCookiesToResponse.php(36): Illuminate\\Pipeline\\Pipeline->{closure:{closure:Illuminate\\Pipeline\\Pipeline::carry():194}:195}()
#22 /workspaces/lamastudio-website/lamaStudio-sms/vendor/laravel/framework/src/Illuminate/Pipeline/Pipeline.php(219): Illuminate\\Cookie\\Middleware\\AddQueuedCookiesToResponse->handle()
#23 /workspaces/lamastudio-website/lamaStudio-sms/vendor/laravel/framework/src/Illuminate/Cookie/Middleware/EncryptCookies.php(74): Illuminate\\Pipeline\\Pipeline->{closure:{closure:Illuminate\\Pipeline\\Pipeline::carry():194}:195}()
#24 /workspaces/lamastudio-website/lamaStudio-sms/vendor/laravel/framework/src/Illuminate/Pipeline/Pipeline.php(219): Illuminate\\Cookie\\Middleware\\EncryptCookies->handle()
#25 /workspaces/lamastudio-website/lamaStudio-sms/vendor/laravel/framework/src/Illuminate/Pipeline/Pipeline.php(137): Illuminate\\Pipeline\\Pipeline->{closure:{closure:Illuminate\\Pipeline\\Pipeline::carry():194}:195}()
#26 /workspaces/lamastudio-website/lamaStudio-sms/vendor/laravel/framework/src/Illuminate/Routing/Router.php(821): Illuminate\\Pipeline\\Pipeline->then()
#27 /workspaces/lamastudio-website/lamaStudio-sms/vendor/laravel/framework/src/Illuminate/Routing/Router.php(800): Illuminate\\Routing\\Router->runRouteWithinStack()
#28 /workspaces/lamastudio-website/lamaStudio-sms/vendor/laravel/framework/src/Illuminate/Routing/Router.php(764): Illuminate\\Routing\\Router->runRoute()
#29 /workspaces/lamastudio-website/lamaStudio-sms/vendor/laravel/framework/src/Illuminate/Routing/Router.php(753): Illuminate\\Routing\\Router->dispatchToRoute()
#30 /workspaces/lamastudio-website/lamaStudio-sms/vendor/laravel/framework/src/Illuminate/Foundation/Http/Kernel.php(200): Illuminate\\Routing\\Router->dispatch()
#31 /workspaces/lamastudio-website/lamaStudio-sms/vendor/laravel/framework/src/Illuminate/Pipeline/Pipeline.php(180): Illuminate\\Foundation\\Http\\Kernel->{closure:Illuminate\\Foundation\\Http\\Kernel::dispatchToRouter():197}()
#32 /workspaces/lamastudio-website/lamaStudio-sms/vendor/laravel/framework/src/Illuminate/Foundation/Http/Middleware/TransformsRequest.php(21): Illuminate\\Pipeline\\Pipeline->{closure:Illuminate\\Pipeline\\Pipeline::prepareDestination():178}()
#33 /workspaces/lamastudio-website/lamaStudio-sms/vendor/laravel/framework/src/Illuminate/Foundation/Http/Middleware/ConvertEmptyStringsToNull.php(31): Illuminate\\Foundation\\Http\\Middleware\\TransformsRequest->handle()
#34 /workspaces/lamastudio-website/lamaStudio-sms/vendor/laravel/framework/src/Illuminate/Pipeline/Pipeline.php(219): Illuminate\\Foundation\\Http\\Middleware\\ConvertEmptyStringsToNull->handle()
#35 /workspaces/lamastudio-website/lamaStudio-sms/vendor/laravel/framework/src/Illuminate/Foundation/Http/Middleware/TransformsRequest.php(21): Illuminate\\Pipeline\\Pipeline->{closure:{closure:Illuminate\\Pipeline\\Pipeline::carry():194}:195}()
#36 /workspaces/lamastudio-website/lamaStudio-sms/vendor/laravel/framework/src/Illuminate/Foundation/Http/Middleware/TrimStrings.php(51): Illuminate\\Foundation\\Http\\Middleware\\TransformsRequest->handle()
#37 /workspaces/lamastudio-website/lamaStudio-sms/vendor/laravel/framework/src/Illuminate/Pipeline/Pipeline.php(219): Illuminate\\Foundation\\Http\\Middleware\\TrimStrings->handle()
#38 /workspaces/lamastudio-website/lamaStudio-sms/vendor/laravel/framework/src/Illuminate/Http/Middleware/ValidatePostSize.php(27): Illuminate\\Pipeline\\Pipeline->{closure:{closure:Illuminate\\Pipeline\\Pipeline::carry():194}:195}()
#39 /workspaces/lamastudio-website/lamaStudio-sms/vendor/laravel/framework/src/Illuminate/Pipeline/Pipeline.php(219): Illuminate\\Http\\Middleware\\ValidatePostSize->handle()
#40 /workspaces/lamastudio-website/lamaStudio-sms/vendor/laravel/framework/src/Illuminate/Foundation/Http/Middleware/PreventRequestsDuringMaintenance.php(109): Illuminate\\Pipeline\\Pipeline->{closure:{closure:Illuminate\\Pipeline\\Pipeline::carry():194}:195}()
#41 /workspaces/lamastudio-website/lamaStudio-sms/vendor/laravel/framework/src/Illuminate/Pipeline/Pipeline.php(219): Illuminate\\Foundation\\Http\\Middleware\\PreventRequestsDuringMaintenance->handle()
#42 /workspaces/lamastudio-website/lamaStudio-sms/vendor/laravel/framework/src/Illuminate/Http/Middleware/HandleCors.php(61): Illuminate\\Pipeline\\Pipeline->{closure:{closure:Illuminate\\Pipeline\\Pipeline::carry():194}:195}()
#43 /workspaces/lamastudio-website/lamaStudio-sms/vendor/laravel/framework/src/Illuminate/Pipeline/Pipeline.php(219): Illuminate\\Http\\Middleware\\HandleCors->handle()
#44 /workspaces/lamastudio-website/lamaStudio-sms/vendor/laravel/framework/src/Illuminate/Http/Middleware/TrustProxies.php(58): Illuminate\\Pipeline\\Pipeline->{closure:{closure:Illuminate\\Pipeline\\Pipeline::carry():194}:195}()
#45 /workspaces/lamastudio-website/lamaStudio-sms/vendor/laravel/framework/src/Illuminate/Pipeline/Pipeline.php(219): Illuminate\\Http\\Middleware\\TrustProxies->handle()
#46 /workspaces/lamastudio-website/lamaStudio-sms/vendor/laravel/framework/src/Illuminate/Foundation/Http/Middleware/InvokeDeferredCallbacks.php(22): Illuminate\\Pipeline\\Pipeline->{closure:{closure:Illuminate\\Pipeline\\Pipeline::carry():194}:195}()
#47 /workspaces/lamastudio-website/lamaStudio-sms/vendor/laravel/framework/src/Illuminate/Pipeline/Pipeline.php(219): Illuminate\\Foundation\\Http\\Middleware\\InvokeDeferredCallbacks->handle()
#48 /workspaces/lamastudio-website/lamaStudio-sms/vendor/laravel/framework/src/Illuminate/Http/Middleware/ValidatePathEncoding.php(28): Illuminate\\Pipeline\\Pipeline->{closure:{closure:Illuminate\\Pipeline\\Pipeline::carry():194}:195}()
#49 /workspaces/lamastudio-website/lamaStudio-sms/vendor/laravel/framework/src/Illuminate/Pipeline/Pipeline.php(219): Illuminate\\Http\\Middleware\\ValidatePathEncoding->handle()
#50 /workspaces/lamastudio-website/lamaStudio-sms/vendor/laravel/framework/src/Illuminate/Pipeline/Pipeline.php(137): Illuminate\\Pipeline\\Pipeline->{closure:{closure:Illuminate\\Pipeline\\Pipeline::carry():194}:195}()
#51 /workspaces/lamastudio-website/lamaStudio-sms/vendor/laravel/framework/src/Illuminate/Foundation/Http/Kernel.php(175): Illuminate\\Pipeline\\Pipeline->then()
#52 /workspaces/lamastudio-website/lamaStudio-sms/vendor/laravel/framework/src/Illuminate/Foundation/Http/Kernel.php(144): Illuminate\\Foundation\\Http\\Kernel->sendRequestThroughRouter()
#53 /workspaces/lamastudio-website/lamaStudio-sms/vendor/laravel/framework/src/Illuminate/Foundation/Application.php(1227): Illuminate\\Foundation\\Http\\Kernel->handle()
#54 /workspaces/lamastudio-website/lamaStudio-sms/public/index.php(20): Illuminate\\Foundation\\Application->handleRequest()
#55 /workspaces/lamastudio-website/lamaStudio-sms/vendor/laravel/framework/src/Illuminate/Foundation/resources/server.php(23): require_once('...')
#56 {main}
"} 
